item_id	i_genre_c	r_sequel
50	young-adult	[69940, 69936, 8134703]
2811	young-adult	[11922217]
2913	young-adult	[]
2915	young-adult	[727157, 12093572]
3298	fantasy	[6363848, 16526, 1574651, 17377402]
3303	fantasy	[16529, 16533, 6294280]
3304	fantasy	[23516045, 7120584, 13179413, 67660]
3467	young-adult	[]
4325	young-adult	[]
4579	science-fiction	[9567353]
4580	science-fiction	[]
5148	classics	[]
5451	young-adult	[]
5452	young-adult	[364640, 264061]
5453	chick-lit	[853136, 10325884, 1634257, 6871030]
5454	young-adult	[1475106, 1618353, 72027, 855843, 5456, 855844]
5456	young-adult	[855844]
6835	young-adult	[]
8137	young-adult	[6616668, 23949606, 9783811]
8486	young-adult	[6074755, 207034]
8948	young-adult	[1712569, 216064, 2112755]
8949	fantasy	[]
8951	fantasy	[3788161, 18366041]
8952	fantasy	[1066067]
8953	young-adult	[]
8957	fantasy	[2408364, 156172]
8960	fantasy	[8992, 2455194, 861548, 8777595]
8962	fantasy	[1066078, 6557962, 2488435, 738754, 6991473, 17904454, 172257, 23890740]
8963	young-adult	[23235330]
8965	fantasy	[1065971, 6557947, 861547]
8966	fantasy	[1296755]
8967	fantasy	[]
8968	fantasy	[5985405, 2455245, 2892134, 9431289]
8992	fantasy	[2455194, 861548, 8777595]
8995	vampires	[7635409, 18194538]
10050	young-adult	[1167920, 5645639]
10074	young-adult	[7649650, 11274035, 11476291, 18116, 45486, 12904105, 45484, 289113]
10570	young-adult	[586661, 1652821]
11492	christian	[]
11823	young-adult	[]
11831	young-adult	[1442628]
12125	young-adult	[233333, 12343682, 18344141]
12930	young-adult	[916877, 16181432, 13450968, 884361]
13083	young-adult	[]
13139	young-adult	[6096507, 8468228, 552889, 71629, 21800998]
13152	young-adult	[6885957, 552886, 3236549, 21446, 11223346]
13345	young-adult	[2254009, 5602488, 21882134, 126431, 22396330]
13376	young-adult	[8352767, 18480310, 15750137]
13377	young-adult	[13376, 8352767, 18480310, 15750137]
13647	fantasy	[854855, 10064872, 1889476]
13648	young-adult	[]
13829	fantasy	[153788]
13830	young-adult	[]
13831	fantasy	[7338506, 9394691, 444332]
13833	fantasy	[8142605, 9022230]
13835	fantasy	[8248438, 9821781, 1068591]
13836	fantasy	[]
13837	fantasy	[]
14358	young-adult	[3017901, 19386875]
14359	young-adult	[14358, 3017901, 19386875]
14544	horror	[1777345]
14562	young-adult	[]
14565	young-adult	[]
15678	young-adult	[]
16178	young-adult	[736311, 578029, 7140292]
16526	fantasy	[1574651, 17377402]
16529	fantasy	[16533, 6294280]
16533	fantasy	[6294280]
17020	young-adult	[18846813]
17162	young-adult	[415001]
17567	classics	[18888864]
18116	young-adult	[45486, 12904105, 45484, 289113]
18119	young-adult	[77473, 24963098, 563765]
18392	young-adult	[24469717, 9783478, 1190505, 1189515]
18579	historical-fiction	[415274]
18580	historical-fiction	[597953, 18579, 415274]
19057	young-adult	[]
19062	young-adult	[16094401, 17307706, 18134519, 20620100, 23942249]
19065	young-adult	[23636086, 23943343]
19066	young-adult	[6470337, 17159230, 18523397, 23636078]
19439	young-adult	[2945475]
19448	young-adult	[1311239, 6571582]
19452	young-adult	[3140468, 1234975, 331877]
19469	young-adult	[13536360, 830638]
20071	young-adult	[]
21088	american-girl	[]
21186	young-adult	[]
21194	young-adult	[308858]
21446	young-adult	[11223346]
22186	young-adult	[]
22187	young-adult	[]
22188	young-adult	[2448800, 8117666, 19742774, 1655536, 47926, 6367280]
22189	young-adult	[6441468]
22191	young-adult	[]
22192	chick-lit	[6405917, 405196]
22193	young-adult	[]
22205	young-adult	[]
22230	young-adult	[1100511, 607412, 17932971, 883066, 1165115, 201905, 13609248]
22232	young-adult	[22230, 1100511, 607412, 17932971, 883066, 1165115, 201905, 13609248]
22237	young-adult	[]
22238	young-adult	[]
22628	young-adult	[]
23218	young-adult	[1924394, 969429, 5807250]
23221	young-adult	[]
23222	young-adult	[]
23224	young-adult	[234893, 6571580, 10137716]
23225	young-adult	[]
23228	young-adult	[]
23230	young-adult	[]
23232	young-adult	[]
23242	young-adult	[5997608]
24093	fantasy	[]
24094	fantasy	[7123950, 8248444]
24431	fantasy	[767580, 967648, 546114, 14288612]
24434	young-adult	[]
24764	young-adult	[]
24765	young-adult	[590139, 7843321, 1151552, 12063240, 7919125, 9815655, 9815653, 13617344, 15931642]
24766	young-adult	[6712317, 7289879, 590128, 9842956]
24767	young-adult	[6386667, 7989399]
24768	young-adult	[267008, 9815327, 9815328, 15058657, 21412526, 6479286]
24769	young-adult	[10160762, 9720000, 10323629]
24770	young-adult	[2418113, 862160, 7078091, 240136, 6875163, 2790831, 9370793, 6586540, 16078585, 13581049, 13086115]
24883	science-fiction	[]
24899	science-fiction	[762186]
25373	young-adult	[]
26207	young-adult	[2419621]
26210	young-adult	[]
26212	young-adult	[704039]
28104	young-adult	[]
28105	young-adult	[]
28106	young-adult	[3986864]
28109	young-adult	[]
28185	fantasy	[7987206, 1581365, 6508005, 8126116, 7662175, 8267049, 15995188, 22449288]
28187	fantasy	[893172, 7581796, 6935607, 6692896, 9692846, 7816926, 18190302, 22456224, 7848832, 7848833, 2167829]
28194	young-adult	[6056091, 6178576, 292110]
30183	young-adult	[]
30324	young-adult	[]
30329	fantasy	[592783]
30331	young-adult	[]
30332	fantasy	[592784]
30333	fantasy	[8450169]
30334	fantasy	[395604, 7042611]
30335	vampires	[]
30336	young-adult	[]
30337	young-adult	[]
30338	fantasy	[3785250]
31185	young-adult	[465158]
32243	sweet-valley	[]
32317	young-adult	[]
32638	young-adult	[]
33569	young-adult	[]
33676	young-adult	[6992331, 895072, 6256451, 20243078, 955157, 828623]
33906	young-adult	[]
33956	young-adult	[831979, 2617075, 298567, 4617371, 16088324, 6116440, 4779934, 11791890]
34814	young-adult	[]
35347	young-adult	[]
35359	young-adult	[3240515, 23489098]
37234	fantasy	[]
37240	young-adult	[23168828]
37450	young-adult	[7112568]
37451	chick-lit	[47923, 3142268, 1603066, 1926122]
37486	young-adult	[]
37487	young-adult	[]
37731	young-adult	[454858]
37732	young-adult	[]
37743	young-adult	[]
37761	young-adult	[]
37780	young-adult	[2459598]
38511	young-adult	[]
38513	young-adult	[]
38514	young-adult	[]
38515	young-adult	[]
38517	young-adult	[]
38520	young-adult	[2454881]
38530	young-adult	[]
38532	young-adult	[]
38533	sweet-valley-high	[1753395, 16172268]
38536	young-adult	[]
38537	young-adult	[]
38564	vampires	[33878350]
38601	young-adult	[]
38695	young-adult	[685689, 781819, 268774]
38703	young-adult	[6586515]
38709	young-adult	[285943, 13405625, 38695, 685689, 781819, 268774]
38885	young-adult	[]
38893	young-adult	[]
38980	young-adult	[169297, 10345824, 1004573, 1499517, 6084399, 11224227]
38988	young-adult	[]
38989	young-adult	[]
39346	vampires	[6663096]
39347	young-adult	[13256564]
39632	young-adult	[]
39634	young-adult	[]
39635	young-adult	[871171]
39636	young-adult	[]
39637	young-adult	[]
39638	young-adult	[]
39639	fearless	[]
39640	young-adult	[]
39779	camp-confidential	[999641]
39988	young-adult	[]
40156	fantasy	[1082753, 448873, 30363359]
40158	fantasy	[]
40159	fantasy	[448872, 8265644, 30363361, 34414104]
41666	young-adult	[]
41672	young-adult	[641991]
41865	young-adult	[2311681, 871224, 5043803, 5999961, 5945479, 12626302]
42166	young-adult	[]
43298	young-adult	[]
43455	v-c-andrews	[]
43456	v-c-andrews	[2267287]
43457	v-c-andrews	[]
43459	v-c-andrews	[]
43460	v-c-andrews	[]
43484	v-c-andrews	[]
43486	v-c-andrews	[]
43488	v-c-andrews	[]
43489	v-c-andrews	[6167576]
43490	v-c-andrews	[]
43526	young-adult	[16074985]
43527	young-adult	[3312252, 16074977]
43529	young-adult	[15800128, 16074976]
44170	fantasy	[499118]
44184	young-adult	[6574093]
44331	young-adult	[44338]
44335	young-adult	[]
44337	young-adult	[]
44338	young-adult	[]
44349	young-adult	[]
44350	young-adult	[]
44353	young-adult	[]
45432	fantasy	[]
45434	young-adult	[727168, 851226]
45484	young-adult	[289113]
45486	young-adult	[12904105, 45484, 289113]
45978	young-adult	[1339888, 311512, 5945894]
46258	realistic-fiction	[]
46260	young-adult	[439072, 1193251]
46263	young-adult	[2945431]
46368	young-adult	[1234373]
46593	young-adult	[]
46777	fantasy	[10299192, 7993975]
47626	young-adult	[819909, 819911, 8586587, 8077713, 12892553, 17165654]
47646	fantasy	[]
47908	young-adult	[]
47922	young-adult	[10999167, 47927]
47923	chick-lit	[3142268, 1603066, 1926122]
47924	young-adult	[1603068]
47926	young-adult	[6367280]
47927	young-adult	[]
47944	lgbt	[]
48417	mystery	[]
48421	mystery	[]
48436	mystery	[]
48442	mystery	[]
48722	steampunk	[13221013]
48775	mystery	[]
48816	nancy-drew	[]
48926	young-adult	[]
48954	young-adult	[]
49041	young-adult	[4283937, 563012, 2198719, 2311682, 2326730, 1881429, 2243541, 6235034, 6573555]
49733	young-adult	[]
49750	young-adult	[]
50053	young-adult	[1474229]
51069	young-adult	[]
51070	young-adult	[]
51167	young-adult	[]
51428	fantasy	[2107805, 17969786, 8618207, 601719]
51737	young-adult	[]
51738	young-adult	[]
52558	young-adult	[7194057, 6724294, 141371]
52739	young-adult	[]
53072	vc-andrews	[]
53132	fantasy	[7618029]
53134	fantasy	[17562074]
53135	fantasy	[]
53168	horror	[7761069]
53496	young-adult	[]
54422	chick-lit	[357627]
58350	young-adult	[18399757, 1275750]
58351	young-adult	[1305090]
58889	fantasy	[12532233]
58890	fantasy	[12430147, 879227]
58893	fantasy	[3316010, 12384973]
58894	fantasy	[]
58898	fantasy	[13554695, 153794, 58889, 12532233]
59250	young-adult	[]
59264	young-adult	[]
59265	young-adult	[3218335, 8041361, 59264]
60510	fantasy	[1192363, 3462638, 6691056, 12517748, 17206162, 18946055, 23609791, 7003332, 28685408]
62251	v-c-andrews	[32920298]
64427	young-adult	[13272489, 531197, 514990]
64653	young-adult	[898298]
65066	young-adult	[2856830]
65067	young-adult	[9436534, 9509298]
65686	christian-fiction	[]
65700	young-adult	[18615061, 20312874, 20516886]
65811	young-adult	[1908064]
65840	young-adult	[7148543, 77393, 65700, 18615061, 20312874, 20516886]
66892	young-adult	[]
66898	young-adult	[]
66899	young-adult	[]
66900	young-adult	[]
66901	young-adult	[]
66905	young-adult	[]
66929	young-adult	[9211607]
66930	young-adult	[]
66931	young-adult	[]
66975	young-adult	[]
67660	fantasy	[]
67661	fantasy	[9657852, 4613709, 149169, 837674, 4613633, 3304, 23516045, 7120584, 13179413, 67660]
69322	young-adult	[]
69335	young-adult	[10208591]
69336	young-adult	[3263858, 69322]
69936	young-adult	[8134703]
69940	young-adult	[69936, 8134703]
70082	young-adult	[]
70948	young-adult	[394364, 6915748, 1758244, 17336842, 8604267, 17666746, 2225234, 832144, 18119, 77473, 24963098, 563765]
71331	young-adult	[]
71365	young-adult	[28194, 6056091, 6178576, 292110]
71366	young-adult	[444331, 1001997, 71365, 28194, 6056091, 6178576, 292110]
71629	young-adult	[21800998]
71863	young-adult	[]
71864	young-adult	[11143215, 12564023, 12141352]
71865	young-adult	[2075603, 8601327, 10812458, 11197293, 20620056, 12403797]
71866	young-adult	[]
71867	young-adult	[8951555]
71869	young-adult	[17125747, 1965906]
71870	young-adult	[13597891, 15746382, 16619759]
71873	young-adult	[2051991, 6315353, 71863]
72027	young-adult	[855843, 5456, 855844]
72846	v-c-andrews	[]
74023	christian	[]
76185	young-adult	[]
76314	humour	[820576]
76981	young-adult	[87976]
77100	young-adult	[]
77393	young-adult	[65700, 18615061, 20312874, 20516886]
77473	young-adult	[24963098, 563765]
80246	young-adult	[]
80349	young-adult	[]
80491	young-adult	[898196, 5669965]
81121	fantasy	[]
82434	young-adult	[]
82436	young-adult	[]
82501	young-adult	[]
82549	young-adult	[3020052]
82553	young-adult	[1965908, 15746426, 17878533]
82588	young-adult	[]
82605	young-adult	[2010574, 71870, 13597891, 15746382, 16619759]
82609	young-adult	[7501974, 71869, 17125747, 1965906]
82779	young-adult	[1372175]
82780	young-adult	[82779, 1372175]
82781	mystery	[]
82783	young-adult	[22473277, 1346345]
82860	mystery	[]
84028	young-adult	[2818242]
84066	young-adult	[]
84067	young-adult	[]
84071	young-adult	[]
84073	young-adult	[771754]
84076	young-adult	[]
84082	fantasy	[]
85967	christian	[17254028]
85989	young-adult	[]
85993	young-adult	[611113]
86238	young-adult	[169887, 20632268, 26220221]
87273	young-adult	[9725666, 2415810, 26531259, 1046362]
87427	science-fiction	[]
87560	young-adult	[]
87573	young-adult	[]
87976	young-adult	[]
88495	young-adult	[2349310, 9588863]
88496	young-adult	[2349305, 9588890]
89528	young-adult	[]
89791	horror	[]
89793	fear-street	[1577694]
89794	fear-street	[2273298]
89795	fear-street	[]
89796	horror	[]
89797	horror	[]
89798	fear-street	[]
89800	horror	[]
89801	horror	[]
89803	fear-street	[]
89804	fear-street	[]
89806	horror	[]
89807	horror	[]
89809	young-adult	[]
89810	fear-street	[]
90118	young-adult	[]
90475	young-adult	[]
91836	fantasy	[]
92717	young-adult	[180412]
93401	mystery	[]
93724	young-adult	[5510265]
93725	young-adult	[93731, 2024940]
93726	young-adult	[7377622, 2068673]
93727	young-adult	[]
93728	young-adult	[2009135, 25801356, 568609, 2997545]
93729	young-adult	[1641428, 169299, 7377524, 2068670, 2475138]
93730	young-adult	[]
93731	young-adult	[2024940]
93732	young-adult	[10786722]
93739	young-adult	[7117785]
93741	young-adult	[]
93742	young-adult	[]
93743	young-adult	[6084403]
93745	young-adult	[10346868, 93728, 2009135, 25801356, 568609, 2997545]
93770	young-adult	[]
93779	young-adult	[]
93780	young-adult	[]
93783	young-adult	[]
93787	young-adult	[]
94062	young-adult	[]
94063	young-adult	[]
94064	young-adult	[]
94070	young-adult	[16144535, 17365069]
94072	young-adult	[8144452]
94073	young-adult	[17160703]
94319	young-adult	[7176548]
94681	fantasy	[18366042, 8949]
95658	young-adult	[]
95659	young-adult	[7037593]
95660	young-adult	[]
95661	the-clique	[833745]
95908	young-adult	[]
95910	fantasy	[23309650, 27221928]
95912	young-adult	[]
95913	fantasy	[23309579]
95914	fantasy	[1927264]
96263	young-adult	[]
96267	young-adult	[17832692]
96725	fantasy	[]
97783	young-adult	[8118212, 17374111, 30373749, 7853977]
99561	young-adult	[]
100489	fantasy	[]
101914	young-adult	[]
102449	v-c-andrews	[]
102853	young-adult	[]
103815	young-adult	[]
103983	young-adult	[]
104378	young-adult	[]
104379	young-adult	[]
104571	fantasy	[]
104575	fantasy	[104571]
104896	young-adult	[]
105648	young-adult	[13043912]
105650	young-adult	[]
106081	young-adult	[4737642, 6908393, 10393673]
106085	vampires	[]
106489	fantasy	[302641, 7687501, 7963743]
107664	fantasy	[18470187, 1995100, 4872295]
107666	young-adult	[]
107670	fantasy	[]
107784	julie-garwood	[15779361]
107923	young-adult	[]
107926	fear-street	[]
107928	horror	[]
107930	horror	[]
108175	poetry	[]
109782	christian-fiction	[]
109784	christian-fiction	[]
109785	young-adult	[]
110535	young-adult	[]
111011	young-adult	[]
112628	young-adult	[]
112629	young-adult	[347577]
112630	young-adult	[2892985]
112631	young-adult	[11340420, 177344, 864766]
112633	young-adult	[7972206, 864758, 112675]
112636	young-adult	[112629, 347577]
112656	young-adult	[864759, 563712, 112659, 11154882, 402013, 8286130]
112659	young-adult	[11154882, 402013, 8286130]
112674	young-adult	[]
112675	young-adult	[]
112684	young-adult	[1071297]
112692	young-adult	[402016]
112693	young-adult	[112692, 402016]
112706	young-adult	[855842, 452306]
112967	fantasy	[1134020]
112968	fantasy	[]
112969	fantasy	[1189150, 4990871]
113304	fantasy	[]
114411	science-fiction	[2812651]
114701	young-adult	[]
114954	young-adult	[6251486, 8130012, 10569435, 11387534, 4927729]
115722	young-adult	[]
115723	fearless	[]
115724	young-adult	[646291]
115725	fearless	[]
115730	young-adult	[]
115732	fearless	[]
115815	buffy	[]
116560	fantasy	[176531, 17972807]
116562	fantasy	[]
118041	young-adult	[682785]
118672	mystery	[]
118756	fantasy	[]
119010	m-m	[]
119015	m-m	[]
119324	young-adult	[1506614, 70948, 394364, 6915748, 1758244, 17336842, 8604267, 17666746, 2225234, 832144, 18119, 77473, 24963098, 563765]
119832	young-adult	[]
119838	young-adult	[]
122104	fantasy	[]
123106	young-adult	[]
123448	humor	[]
124834	v-c-andrews	[]
124838	fantasy	[]
126215	young-adult	[]
126431	young-adult	[22396330]
127348	robin-jones-gunn	[9654101]
127351	christian-fiction	[]
127420	young-adult	[]
127421	young-adult	[]
127422	young-adult	[]
127424	young-adult	[]
127425	young-adult	[]
127426	young-adult	[]
127427	young-adult	[]
127428	young-adult	[]
127429	young-adult	[]
127432	young-adult	[]
127434	young-adult	[]
127436	young-adult	[]
127439	young-adult	[]
127442	young-adult	[]
127444	young-adult	[]
127446	young-adult	[]
127450	young-adult	[]
127453	young-adult	[]
127454	young-adult	[]
127459	fantasy	[3042227, 10340630, 8518051]
127574	christian	[]
128084	young-adult	[]
128092	young-adult	[6577632]
128528	thirst	[13480739, 5941233]
128881	young-adult	[]
128996	young-adult	[4472365, 7163365]
129125	fantasy	[]
129647	young-adult	[]
130837	young-adult	[]
131844	young-adult	[]
131845	young-adult	[]
131897	young-adult	[]
133742	young-adult	[]
133823	young-adult	[]
133824	young-adult	[7159567]
133825	young-adult	[]
133826	young-adult	[]
133827	young-adult	[]
133829	young-adult	[]
133830	young-adult	[]
133839	young-adult	[]
135887	fantasy	[]
136782	young-adult	[16142455, 819967, 826379, 2370123]
137765	young-adult	[]
137948	young-adult	[]
137949	young-adult	[]
137950	young-adult	[]
137951	young-adult	[]
137952	young-adult	[]
137970	young-adult	[]
137971	young-adult	[]
137972	young-adult	[12745818]
137988	fantasy	[]
137995	young-adult	[]
137997	fantasy	[]
138202	young-adult	[9638227, 6473959, 7114364]
139253	young-adult	[]
139418	young-adult	[]
140997	fantasy	[]
140998	fantasy	[140997]
141371	young-adult	[]
141372	young-adult	[]
141966	young-adult	[44337]
144350	young-adult	[3815319]
144794	matthew-reilly	[]
146492	young-adult	[]
146493	young-adult	[]
146494	young-adult	[]
146497	young-adult	[]
147243	young-adult	[8762780]
147801	fantasy	[]
147864	young-adult	[42166]
147866	young-adult	[147869]
147869	young-adult	[]
148769	young-adult	[]
149169	fantasy	[837674, 4613633, 3304, 23516045, 7120584, 13179413, 67660]
152004	young-adult	[]
153779	fantasy	[1135857]
153780	fantasy	[2660693]
153781	fantasy	[]
153782	young-adult	[12304817]
153783	fantasy	[3011113, 5997799, 8236826]
153784	fantasy	[153823, 6443249, 223822]
153785	fantasy	[]
153788	fantasy	[]
153792	fantasy	[1103255]
153794	fantasy	[58889, 12532233]
153795	fantasy	[883444]
153800	fantasy	[773688, 8248442]
153806	fantasy	[]
153819	fantasy	[]
153823	fantasy	[6443249, 223822]
154655	mystery	[14323516]
156172	fantasy	[]
157047	mystery	[]
157066	mystery	[]
157080	mystery	[]
158341	horror	[18899066]
159903	young-adult	[]
160605	young-adult	[]
161426	young-adult	[]
161456	horror	[]
161887	fantasy	[294967, 10428983]
162085	young-adult	[]
162086	young-adult	[]
162089	young-adult	[]
162719	fantasy	[]
163459	young-adult	[4285906]
163460	young-adult	[15713698, 26116466, 562762, 7671305, 13279074]
164718	horror	[20828081]
164719	horror	[8176546, 12196001]
164720	fantasy	[]
164721	horror	[]
164722	fantasy	[]
164726	fantasy	[6699311, 7437588, 7702746, 9687600, 19173015]
164729	fantasy	[1605208, 8952, 1066067]
166999	young-adult	[7670578]
169000	star-wars	[]
169001	star-wars	[]
169002	star-wars	[]
169005	star-wars	[]
169012	star-wars	[]
169017	star-wars	[]
169293	young-adult	[18524709]
169297	young-adult	[10345824, 1004573, 1499517, 6084399, 11224227]
169299	young-adult	[7377524, 2068670, 2475138]
169756	young-adult	[]
169807	christian	[]
169875	young-adult	[]
169887	young-adult	[20632268, 26220221]
170136	fantasy	[]
170171	young-adult	[]
170215	young-adult	[]
170217	young-adult	[357605]
170529	young-adult	[65067, 9436534, 9509298]
170970	fantasy	[738776]
171006	romance	[]
171020	young-adult	[]
171865	sci-fi	[12010981]
172257	fantasy	[23890740]
172258	young-adult	[]
172262	young-adult	[8948, 1712569, 216064, 2112755]
173266	mystery	[]
175004	young-adult	[]
175005	alex-rider	[]
176178	young-adult	[]
176249	fear-street	[]
176251	fear-street	[]
176253	horror	[]
176256	horror	[]
176258	horror	[2114478]
176259	horror	[]
176270	fear-street	[]
176271	young-adult	[]
176273	horror	[]
176280	young-adult	[]
176281	fear-street	[]
176282	fear-street	[]
176283	fear-street	[]
176286	horror	[]
176287	fear-street	[]
176337	horror	[]
176339	horror	[]
176340	horror	[]
176343	young-adult	[]
176345	horror	[2564591]
176346	horror	[2256020]
176400	horror	[]
176401	horror	[]
176402	young-adult	[2255990]
176403	young-adult	[]
176438	fear-street	[11248913]
176439	young-adult	[]
176440	horror	[]
176444	horror	[]
176473	horror	[]
176474	young-adult	[]
176475	point-horror	[]
176476	horror	[]
176477	fear-street	[]
176479	horror	[]
176531	fantasy	[17972807]
176534	fantasy	[17160895, 10449088]
176552	fear-street	[]
176555	fear-street	[]
176560	fear-street	[]
176561	horror	[]
176563	fear-street	[]
176576	fear-street	[]
176577	horror	[]
176579	young-adult	[]
176583	young-adult	[]
176586	fear-street	[]
176588	young-adult	[]
176589	fear-street	[]
176591	fantasy	[]
176597	horror	[]
176599	fear-street	[]
176601	fear-street	[]
176602	horror	[]
176603	young-adult	[]
176604	fear-street	[]
176610	fear-street	[]
176619	fear-street	[]
176620	horror	[1418893]
176635	fear-street	[]
176636	fear-street	[]
176637	fear-street	[]
176639	horror	[]
176650	fear-street	[]
176652	fear-street	[]
176663	fear-street	[]
176675	horror	[]
176687	fear-street	[]
176690	young-adult	[]
176967	fantasy	[6657590, 6950378]
177344	young-adult	[864766]
177345	young-adult	[853369, 402014, 864762, 7740127, 112674]
178408	mystery	[]
179064	fantasy	[444323]
180412	young-adult	[]
181423	young-adult	[]
181424	young-adult	[]
181425	young-adult	[]
181426	young-adult	[]
181427	young-adult	[]
181431	young-adult	[]
181432	young-adult	[]
181437	young-adult	[]
181439	young-adult	[]
182246	religion	[]
182597	horror	[]
182598	fear-street	[]
182599	fear-street	[7076909, 8152783]
182600	horror	[]
186103	young-adult	[590138, 9744557, 6739111]
187269	american-girl	[21088]
187753	young-adult	[5843255, 590126, 13513454]
187809	young-adult	[]
187811	young-adult	[7112293]
187812	young-adult	[]
191295	young-adult	[]
191296	young-adult	[]
191297	young-adult	[]
191298	young-adult	[]
191299	young-adult	[]
191300	young-adult	[]
195672	fantasy	[7955588]
196549	young-adult	[11094292]
196550	young-adult	[]
196643	young-adult	[]
196655	young-adult	[22564142]
196666	young-adult	[20817320]
196671	young-adult	[]
198689	young-adult	[994233]
198692	young-adult	[866257]
199686	young-adult	[2414558]
199687	young-adult	[9637944, 6389631]
199688	young-adult	[819788]
199699	young-adult	[8538414, 22339002]
199781	young-adult	[207683]
199783	young-adult	[]
199785	young-adult	[7112358]
199786	young-adult	[6569734, 7844808, 7112322]
201114	young-adult	[]
201819	horror	[4915420]
201905	young-adult	[13609248]
202632	young-adult	[]
203437	young-adult	[]
204297	young-adult	[783641, 7376809]
204924	young-adult	[17259976, 1379188, 295323, 870823]
205057	chick-lit	[]
207034	young-adult	[]
207433	young-adult	[]
207682	young-adult	[]
207683	young-adult	[]
207684	young-adult	[]
207688	young-adult	[]
207689	young-adult	[93727]
208159	fantasy	[]
208493	young-adult	[10946883]
208909	young-adult	[]
210329	young-adult	[311479]
211610	romance	[]
211619	young-adult	[]
213647	fantasy	[]
213652	fantasy	[589776]
213753	young-adult	[20196412, 2557920, 7169603, 9649388, 7306746, 10120539, 23589406, 15722012]
213999	young-adult	[]
214438	young-adult	[112706, 855842, 452306]
214856	young-adult	[]
215539	fantasy	[2891264]
215540	fantasy	[1296830]
215541	fantasy	[]
215542	fantasy	[]
215543	fantasy	[764698]
216064	young-adult	[2112755]
216160	young-adult	[]
216435	science-fiction	[]
216437	science-fiction	[560469]
216548	mystery	[2974906]
219110	steampunk	[]
219408	young-adult	[745381, 3118442]
219563	young-adult	[836798]
219570	young-adult	[2510765]
222524	realistic-fiction	[]
223822	fantasy	[]
224500	young-adult	[859702, 1006601, 9883674]
226151	vampires	[9866730]
226682	v-c-andrews	[270535]
226683	v-c-andrews	[]
226687	vc-andrews	[]
226708	v-c-andrews	[]
226720	v-c-andrews	[]
227283	young-adult	[]
227331	young-adult	[10318671]
227651	young-adult	[297598, 1222403]
228002	young-adult	[]
228855	young-adult	[]
229033	fantasy	[]
229496	young-adult	[]
232671	young-adult	[]
232673	young-adult	[]
233330	young-adult	[]
233333	young-adult	[12343682, 18344141]
233747	young-adult	[2174481, 1897567]
233789	young-adult	[]
234893	young-adult	[6571580, 10137716]
234907	young-adult	[187811, 7112293]
234908	young-adult	[199786, 6569734, 7844808, 7112322]
234942	horror	[31228943]
234943	fantasy	[18743928, 107670]
234951	horror	[]
234972	young-adult	[]
235125	young-adult	[6924405]
235173	young-adult	[]
235378	horses	[]
237320	young-adult	[]
237721	fantasy	[60510, 1192363, 3462638, 6691056, 12517748, 17206162, 18946055, 23609791, 7003332, 28685408]
238360	young-adult	[]
238836	young-adult	[2110849]
238838	young-adult	[]
239774	young-adult	[1554097, 771703, 84076]
240136	young-adult	[6875163, 2790831, 9370793, 6586540, 16078585, 13581049, 13086115]
241976	fantasy	[1401359]
242514	rory-gilmore-reading-challenge	[]
247962	historical-fiction	[]
247963	young-adult	[2544799]
247964	young-adult	[]
248290	fantasy	[]
248377	fantasy	[]
248470	young-adult	[2876228, 10088391]
248482	fantasy	[2130323, 8569233, 4259870]
248484	fantasy	[]
248704	young-adult	[]
250027	star-wars	[]
250040	young-adult	[]
250924	young-adult	[]
252809	young-adult	[]
253106	young-adult	[11318585, 11514273]
256476	young-adult	[]
256683	young-adult	[1471425, 2261214, 21394255, 10407121, 2938728, 18079910, 12029011, 7541858, 6999776, 6820997, 9782708, 9692831, 9025186, 16074780, 24885537, 26542880, 29356081]
257445	young-adult	[733112]
258468	young-adult	[7347377, 9842606, 13080245]
259693	young-adult	[]
259967	young-adult	[]
259978	young-adult	[259983]
259983	young-adult	[]
259993	horror	[479325]
259994	young-adult	[515620]
259996	young-adult	[259978, 259983]
259997	young-adult	[]
260014	young-adult	[]
260037	young-adult	[13536361, 18599938]
260042	young-adult	[917101]
260043	horror	[]
260047	horror	[]
260058	young-adult	[6345005]
260060	young-adult	[369794]
260062	young-adult	[]
260063	young-adult	[]
260792	young-adult	[214438, 112706, 855842, 452306]
261122	vampires	[6282699, 6700360, 16173937, 11292997]
261161	young-adult	[]
261904	childhood	[261905, 1193548]
261905	childhood	[1193548]
261906	childhood	[261904, 261905, 1193548]
261925	young-adult	[357601]
261927	young-adult	[357597]
261928	bluford	[]
261930	the-gun	[]
263147	vampires	[9692768, 9001660, 12275207, 6617790, 11393193]
263148	vampires	[704038, 11136929]
263171	vampires	[5489683]
263172	vampires	[]
264061	young-adult	[]
264110	young-adult	[]
264540	young-adult	[]
266607	fantasy	[1406578]
266663	young-adult	[]
266666	young-adult	[]
266689	young-adult	[]
266765	young-adult	[]
266791	childhood	[266794, 13564263]
266794	childhood	[13564263]
266900	young-adult	[]
266909	childhood	[]
267008	young-adult	[9815327, 9815328, 15058657, 21412526, 6479286]
267417	young-adult	[3467]
268774	young-adult	[]
270363	young-adult	[]
270535	v-c-andrews	[]
270730	young-adult	[]
270804	young-adult	[7023386, 8123443, 6106296]
270805	young-adult	[]
270807	young-adult	[7898276, 1472456, 6507411, 17334390]
271019	fantasy	[13260739]
272315	lgbt	[]
272337	young-adult	[]
272347	young-adult	[]
272393	young-adult	[]
272596	young-adult	[]
272791	young-adult	[]
273716	v-c-andrews	[]
274149	charmed	[1156046]
274317	young-adult	[3423630]
275454	young-adult	[]
275457	young-adult	[]
275462	young-adult	[]
275463	young-adult	[]
275859	young-adult	[20617061]
275860	young-adult	[]
277241	young-adult	[277242, 12674135]
277242	young-adult	[12674135]
278498	mystery	[]
278519	mystery	[]
278526	mystery	[]
278794	young-adult	[360917, 10152543]
279664	fantasy	[]
279665	fantasy	[]
279666	fantasy	[]
279667	fantasy	[]
279668	young-adult	[]
279669	fantasy	[]
279670	fantasy	[]
279671	fantasy	[]
279672	fantasy	[]
279673	fantasy	[]
279679	fantasy	[]
279680	fantasy	[]
280277	young-adult	[334112, 6454960, 18940020]
280317	young-adult	[]
281577	chick-lit	[]
282202	young-adult	[]
282203	young-adult	[]
282204	young-adult	[]
282205	young-adult	[]
282206	young-adult	[]
282207	young-adult	[]
282210	young-adult	[6992863, 11383879]
282240	fantasy	[]
282438	young-adult	[]
282439	young-adult	[]
282440	young-adult	[2904036]
283494	fantasy	[13450367, 3942410]
284052	young-adult	[87273, 9725666, 2415810, 26531259, 1046362]
285943	young-adult	[13405625, 38695, 685689, 781819, 268774]
285947	fearless	[]
285948	young-adult	[]
285949	young-adult	[]
285950	fearless	[]
285951	fearless	[]
285952	fearless	[]
285955	young-adult	[]
286575	sci-fi	[]
286577	sci-fi	[]
286578	sci-fi	[]
287861	steampunk	[6465058, 8086300, 18190548, 18839866]
289113	young-adult	[]
289590	fantasy	[6916975]
289601	young-adult	[7857555, 8134766]
289695	fantasy	[2801635]
289740	fantasy	[9141116, 44170, 499118]
290013	young-adult	[234907, 187811, 7112293]
290014	young-adult	[234908, 199786, 6569734, 7844808, 7112322]
290400	young-adult	[]
290401	young-adult	[]
290402	young-adult	[]
290403	sweet-valley-twins	[]
290404	sweet-valley	[]
290411	sweet-valley-twins	[]
290412	sweet-valley	[]
290416	young-adult	[]
290417	sweet-valley	[]
290419	young-adult	[]
290446	sweet-valley-twins	[]
290459	sweet-valley-twins	[]
290461	sweet-valley-twins	[]
290473	sweet-valley-twins	[412692]
290477	sweet-valley-twins	[]
290480	sweet-valley	[12098430]
290490	bsc	[]
290493	bsc	[]
290495	young-adult	[]
290502	young-adult	[]
290512	young-adult	[]
290661	young-adult	[]
291438	christian	[]
291439	christian	[]
291440	christian	[]
291442	christian-fiction	[]
291443	christian-fiction	[]
291444	christian-fiction	[]
291445	christian-fiction	[]
291446	christian-fiction	[]
291895	young-adult	[]
291896	young-adult	[]
292110	young-adult	[]
292374	young-adult	[]
292375	young-adult	[]
292386	young-adult	[]
292387	young-adult	[]
292388	young-adult	[]
292389	young-adult	[]
292391	young-adult	[]
292393	young-adult	[]
292396	young-adult	[]
292397	young-adult	[]
292403	young-adult	[]
292404	young-adult	[]
292405	young-adult	[]
292554	young-adult	[2460766]
293089	horror	[]
293151	fear-street	[]
293152	horror	[]
293191	horror	[]
293395	fantasy	[]
293412	fantasy	[]
293413	buffy	[7755425]
293414	buffy-the-vampire-slayer	[]
293442	fantasy	[]
293446	buffy	[4800727]
293476	buffy	[26631847]
293970	vampires	[]
293972	young-adult	[]
293973	young-adult	[9500494]
293974	young-adult	[1781876]
293975	vampires	[]
293979	young-adult	[1380098, 6931241]
293980	young-adult	[6780439, 6322323, 8388839]
293982	young-adult	[13560478, 16159801]
293984	young-adult	[3231300, 9720023, 17302117]
294233	young-adult	[1135853, 10495871, 8248443, 9646093, 22859531, 13830]
294691	young-adult	[]
294707	young-adult	[]
294735	teen	[]
294936	fantasy	[]
294937	fantasy	[]
294967	fantasy	[10428983]
295117	young-adult	[]
295323	young-adult	[870823]
295326	young-adult	[204924, 17259976, 1379188, 295323, 870823]
295651	young-adult	[]
295741	young-adult	[2395030]
296188	young-adult	[]
296300	young-adult	[5452, 364640, 264061]
296524	fantasy	[19416817, 2123645]
296964	fantasy	[122104]
297408	young-adult	[]
297598	young-adult	[1222403]
298464	young-adult	[1781875, 9720056, 8545069]
298567	young-adult	[4617371, 16088324, 6116440, 4779934, 11791890]
298568	young-adult	[6929461, 11791885, 18457324, 1637454]
298730	young-adult	[6779023, 11341310]
300044	young-adult	[]
300045	young-adult	[]
301022	young-adult	[1259132]
301023	young-adult	[18405531, 7053786]
301024	young-adult	[]
301028	young-adult	[]
301029	young-adult	[1385606]
301030	young-adult	[301065]
301032	young-adult	[]
301033	young-adult	[]
301034	young-adult	[1385610]
301035	young-adult	[1042581]
301037	young-adult	[]
301038	young-adult	[]
301040	young-adult	[]
301065	young-adult	[]
302180	fantasy	[]
302385	steampunk	[6515208, 219110]
302641	fantasy	[7687501, 7963743]
302896	sweet-valley	[]
302949	young-adult	[]
302976	young-adult	[]
303189	fantasy	[]
303190	fantasy	[]
303192	young-adult	[]
303197	fantasy	[]
303200	young-adult	[2700825]
303208	science-fiction	[]
303216	young-adult	[]
303223	young-adult	[]
303228	young-adult	[]
303229	young-adult	[]
303279	young-adult	[]
303296	young-adult	[]
303309	young-adult	[]
303354	young-adult	[]
303356	young-adult	[]
303454	young-adult	[]
303455	dystopian	[1281992]
303460	young-adult	[]
303472	young-adult	[421714, 12063131, 1374409]
303948	young-adult	[6520759, 28755811]
304859	young-adult	[]
306819	historical-fiction	[]
307033	young-adult	[]
307034	christian	[]
307791	young-adult	[1443871, 1110881, 721419, 2279114, 6089251]
307792	young-adult	[267417, 3467]
308672	fear-street	[176270]
308700	point-horror	[2564556]
308858	young-adult	[]
309062	young-adult	[]
309194	point-horror	[]
310894	young-adult	[2333389, 21051725]
311479	young-adult	[]
311512	young-adult	[5945894]
311840	young-adult	[3197358, 8265155]
313197	young-adult	[9901654]
313424	christian	[]
316445	young-adult	[]
317282	young-adult	[]
318016	young-adult	[4615009]
318404	contemporary	[9271920, 26779340]
319421	young-adult	[]
321645	young-adult	[5575916, 6395291]
321646	young-adult	[11302472]
321647	young-adult	[9775218]
321941	young-adult	[]
324918	nancy-drew	[]
325562	horror	[]
325564	fear-street	[]
325566	fear-street	[]
325567	fear-street	[]
328723	young-adult	[]
330840	young-adult	[]
330843	young-adult	[]
331877	young-adult	[]
331920	young-adult	[]
331954	young-adult	[542752, 1913358]
332402	young-adult	[15717765]
332572	young-adult	[2650712, 4852379, 6574814, 6260801, 3358608, 8391794, 18970951, 8520805]
332775	fantasy	[6727322, 11196993, 9025022, 13563645]
333115	fantasy	[]
333129	drama-high	[]
333670	young-adult	[2349303]
333917	young-adult	[]
333919	young-adult	[9692955, 333941, 7532719]
333920	young-adult	[]
333921	young-adult	[333946]
333923	fantasy	[8652565, 2521369]
333925	young-adult	[8652543, 1554364]
333935	young-adult	[]
333937	teen	[675614, 11014842, 9172332]
333939	young-adult	[13640737]
333941	young-adult	[7532719]
333942	young-adult	[8258991]
333945	young-adult	[3093027]
333946	young-adult	[]
333947	young-adult	[]
334112	young-adult	[6454960, 18940020]
335377	young-adult	[6146985]
335693	young-adult	[]
337058	young-adult	[]
338535	young-adult	[]
339339	young-adult	[]
339362	drama-high	[]
343175	sci-fi	[]
343183	sci-fi	[]
343184	sci-fi	[]
343185	sci-fi	[]
345350	young-adult	[]
345627	read-in-2014	[31126769, 19053383]
345966	fantasy	[18042057]
346266	vampires	[]
346267	vampires	[1274157]
346268	vampires	[]
346272	vampires	[]
347570	young-adult	[]
347571	young-adult	[]
347577	young-adult	[]
351602	young-adult	[]
352428	young-adult	[]
352748	young-adult	[]
352749	lurlene-mcdaniel	[]
352750	young-adult	[]
352753	young-adult	[1021335]
352757	young-adult	[]
352759	young-adult	[]
352762	young-adult	[]
353016	young-adult	[6322378]
354520	young-adult	[8437168]
357027	fantasy	[]
357091	fantasy	[3422799, 1279889]
357092	fantasy	[6714200, 6719971]
357597	young-adult	[]
357598	the-bully	[]
357601	young-adult	[]
357602	young-adult	[34814]
357605	young-adult	[]
357627	chick-lit	[]
357629	romance	[]
359410	young-adult	[]
359915	star-wars	[]
360917	young-adult	[10152543]
360918	young-adult	[9823002, 3751844]
361717	young-adult	[]
363364	young-adult	[2176084]
363447	young-adult	[]
363449	young-adult	[]
363450	young-adult	[]
363452	christian	[]
363453	young-adult	[]
363454	christian	[]
363455	young-adult	[]
364640	young-adult	[264061]
367349	fantasy	[]
368089	christian	[]
368219	young-adult	[]
369794	young-adult	[]
370131	fear-street	[809538]
370132	fear-street	[]
370133	horror	[]
370147	fear-street	[]
370312	fear-street	[]
370315	horror	[842737]
371045	young-adult	[]
371067	bsc	[]
371075	young-adult	[]
371080	young-adult	[]
371097	young-adult	[]
371100	young-adult	[1206457]
371898	realistic-fiction	[2106312]
372284	v-c-andrews	[124834]
373085	horses	[]
374773	young-adult	[]
377313	young-adult	[6454516]
377514	christian-fiction	[]
378336	young-adult	[]
378619	young-adult	[]
381489	young-adult	[7570296, 8232243]
381501	young-adult	[]
382084	nancy-drew	[]
383083	christian-fiction	[]
384565	fantasy	[]
385804	fantasy	[]
386340	fantasy	[53132, 7618029]
386964	mystery	[589847]
389535	young-adult	[]
390058	star-wars	[]
390059	star-wars	[]
390060	star-wars	[]
390061	star-wars	[]
390062	star-wars	[]
390063	star-wars	[]
393076	fearless	[]
393086	fearless	[]
393088	young-adult	[]
393097	young-adult	[]
393098	young-adult	[]
393099	young-adult	[]
393141	nancy-drew	[]
393155	young-adult	[]
394305	fear-street	[]
394364	young-adult	[6915748, 1758244, 17336842, 8604267, 17666746, 2225234, 832144, 18119, 77473, 24963098, 563765]
394431	french	[2220833, 13285026]
394470	young-adult	[2619995]
394724	fantasy	[7687462]
394726	fantasy	[]
394748	fantasy	[7847071, 8151239]
394749	young-adult	[]
394841	sports	[]
395464	young-adult	[884252, 6661308]
395604	fantasy	[7042611]
395846	young-adult	[6610376, 7890688]
395847	young-adult	[7100490, 8345999]
395849	fantasy	[6610378, 7965418]
395850	vampires	[293975]
395851	young-adult	[9637580, 6277665, 6573776, 8511041, 6954142, 9587707, 1216144]
395873	vampires	[3408052, 6538753, 7734470, 11931988, 7103421, 29359053, 293970]
395875	vampires	[6879131, 7767748, 8511062, 6277667, 8723751, 1216147]
395921	young-adult	[2519342, 12922289]
395922	young-adult	[9692989, 6392133, 6573775, 15831243, 6953394, 9305616, 11358000, 11952316, 10088446]
397152	young-adult	[]
397154	young-adult	[]
397169	young-adult	[]
397177	young-adult	[]
397178	young-adult	[]
397179	young-adult	[]
397180	young-adult	[]
397182	young-adult	[]
397183	young-adult	[]
397184	young-adult	[]
397186	young-adult	[]
397188	young-adult	[]
397189	young-adult	[]
397429	v-c-andrews	[]
397430	v-c-andrews	[578321]
397432	v-c-andrews	[]
397434	v-c-andrews	[]
397436	v-c-andrews	[62251, 32920298]
397437	v-c-andrews	[]
397439	v-c-andrews	[]
397442	v-c-andrews	[]
397444	v-c-andrews	[]
397454	v-c-andrews	[]
397456	v-c-andrews	[]
397460	v-c-andrews	[]
397461	v-c-andrews	[]
397462	v-c-andrews	[]
397465	v-c-andrews	[]
397468	v-c-andrews	[660533]
398270	young-adult	[29227761, 8709347]
398479	fantasy	[6464643]
398886	young-adult	[]
400016	young-adult	[]
400702	mystery	[]
401731	young-adult	[]
401910	christian	[]
402013	young-adult	[8286130]
402014	young-adult	[864762, 7740127, 112674]
402015	young-adult	[864761, 112684, 1071297]
402016	young-adult	[]
405196	chick-lit	[]
405838	young-adult	[]
406844	young-adult	[]
410370	young-adult	[410371]
410371	young-adult	[]
410615	young-adult	[9690216, 6998558]
411327	sweet-valley	[]
412125	young-adult	[]
412128	young-adult	[28670583]
412132	young-adult	[]
412133	sweet-valley	[]
412136	young-adult	[]
412138	young-adult	[]
412139	young-adult	[28815878]
412145	young-adult	[]
412152	young-adult	[]
412154	young-adult	[]
412176	young-adult	[]
412178	young-adult	[]
412179	young-adult	[]
412180	young-adult	[]
412188	young-adult	[]
412189	young-adult	[]
412194	young-adult	[]
412210	young-adult	[]
412211	young-adult	[]
412214	young-adult	[]
412220	young-adult	[]
412222	young-adult	[]
412225	young-adult	[]
412226	young-adult	[]
412229	sweet-valley	[]
412238	sweet-valley-high	[1753393]
412251	young-adult	[]
412253	young-adult	[2883281]
412256	young-adult	[]
412259	sweet-valley	[]
412261	young-adult	[]
412262	young-adult	[]
412268	young-adult	[]
412275	young-adult	[]
412293	young-adult	[]
412294	young-adult	[]
412295	young-adult	[]
412296	young-adult	[]
412298	young-adult	[]
412299	young-adult	[]
412300	young-adult	[]
412312	young-adult	[]
412348	young-adult	[]
412349	young-adult	[]
412351	young-adult	[]
412353	young-adult	[]
412355	young-adult	[]
412359	young-adult	[]
412360	young-adult	[]
412362	young-adult	[]
412366	young-adult	[]
412368	young-adult	[]
412380	young-adult	[]
412394	young-adult	[]
412411	young-adult	[]
412509	young-adult	[]
412587	sweet-valley	[]
412596	sweet-valley-twins	[]
412602	sweet-valley-twins	[]
412607	sweet-valley	[]
412611	sweet-valley	[]
412616	sweet-valley-twins	[]
412692	sweet-valley-twins	[]
412724	young-adult	[]
412735	young-adult	[]
412742	young-adult	[]
412753	lurlene-mcdaniel	[]
412757	young-adult	[]
412759	young-adult	[]
415001	young-adult	[]
415274	historical-fiction	[]
416195	young-adult	[]
416196	young-adult	[]
416227	young-adult	[]
416230	young-adult	[]
416244	young-adult	[]
416245	young-adult	[]
416271	young-adult	[]
416310	young-adult	[]
416655	romance	[357629]
416757	science-fiction	[]
419783	young-adult	[]
420135	young-adult	[]
420136	young-adult	[]
420416	young-adult	[]
420849	young-adult	[5848407, 6586410]
421338	young-adult	[1963302]
421536	young-adult	[2283026]
421539	young-adult	[]
421714	young-adult	[12063131, 1374409]
421967	christian	[]
421969	christian	[]
424062	young-adult	[]
424063	fantasy	[]
424064	young-adult	[]
424065	young-adult	[]
424066	young-adult	[]
424069	young-adult	[]
424070	young-adult	[]
424072	young-adult	[]
424097	young-adult	[4710438]
424100	young-adult	[]
424107	romance	[]
424733	young-adult	[]
427944	young-adult	[]
428036	steampunk	[887487]
428042	steampunk	[5552092, 7235100, 21416910, 8500544]
428263	young-adult	[6983365, 9921274, 7533117, 2123654, 2198718, 332572, 2650712, 4852379, 6574814, 6260801, 3358608, 8391794, 18970951, 8520805]
428300	fantasy	[]
430522	mystery	[]
432561	fantasy	[]
435454	m-m	[]
436228	christian	[]
436229	christian	[]
436232	young-adult	[]
436233	young-adult	[]
437904	young-adult	[]
439072	young-adult	[1193251]
439254	young-adult	[38980, 169297, 10345824, 1004573, 1499517, 6084399, 11224227]
439264	young-adult	[93725, 93731, 2024940]
439275	young-adult	[7169211, 7377423, 20526785, 1547105, 25801341, 3060415]
439288	young-adult	[]
439292	young-adult	[1924390, 207682]
439418	mystery	[]
439452	young-adult	[]
439888	young-adult	[]
439896	young-adult	[]
439901	young-adult	[]
442819	young-adult	[]
444321	fantasy	[162719]
444322	fantasy	[248482, 2130323, 8569233, 4259870]
444323	fantasy	[]
444331	young-adult	[1001997, 71365, 28194, 6056091, 6178576, 292110]
444332	fantasy	[]
444333	fantasy	[153780, 2660693]
444600	young-adult	[19317074]
446848	horses	[]
448872	fantasy	[8265644, 30363361, 34414104]
448873	fantasy	[30363359]
449584	young-adult	[]
449735	young-adult	[]
451152	young-adult	[588361]
452141	young-adult	[]
452306	young-adult	[]
454211	fantasy	[333115]
454646	fear-street	[]
454858	young-adult	[]
455670	young-adult	[11595484]
457060	young-adult	[]
457350	fantasy	[10227123, 12122895]
457358	young-adult	[]
459353	young-adult	[]
459700	fantasy	[]
462225	young-adult	[7352315, 11736973]
462893	young-adult	[3118441, 14332236]
464001	young-adult	[8219295]
464188	young-adult	[464189]
464189	young-adult	[]
465158	young-adult	[]
470786	young-adult	[]
473949	young-adult	[]
475284	christian	[]
475391	young-adult	[]
475444	vampires	[8049016]
475457	v-c-andrews	[]
476496	young-adult	[]
476542	young-adult	[]
477338	young-adult	[3019958, 6584124]
478529	young-adult	[]
478625	young-adult	[]
479260	young-adult	[7017638]
479311	young-adult	[]
479324	vampires	[]
479325	horror	[]
479326	vampires	[8521629]
479327	young-adult	[80349]
479470	young-adult	[]
479471	young-adult	[]
479650	cherub	[19087900]
480846	romance	[19298820]
480892	vampires	[7635410]
483859	young-adult	[3762130, 2815910]
488394	young-adult	[]
488395	young-adult	[]
488396	young-adult	[]
488944	young-adult	[]
488957	christian-fiction	[]
488978	christian-fiction	[]
488980	christian-fiction	[]
488981	christian-fiction	[]
489015	young-adult	[11754516]
489017	christian-fiction	[]
489018	christian-fiction	[]
489034	young-adult	[]
489035	christian-fiction	[]
489608	fantasy	[]
489610	fantasy	[940127]
489612	fantasy	[]
491944	young-adult	[7027428, 16164654]
492486	fantasy	[8236823]
493121	young-adult	[]
493123	young-adult	[]
493124	young-adult	[]
493455	young-adult	[]
493456	young-adult	[959322, 12244867]
493490	horror	[]
493491	young-adult	[1135083, 6713125]
493559	young-adult	[848867]
493715	christian	[]
497417	christian	[]
499118	fantasy	[]
500743	fantasy	[3675644]
500910	young-adult	[]
500912	young-adult	[]
501583	young-adult	[501759]
501590	young-adult	[]
501689	young-adult	[10783917]
501690	young-adult	[501742]
501740	young-adult	[]
501742	young-adult	[]
501759	young-adult	[]
501788	young-adult	[2398528]
501837	young-adult	[13575718]
501851	young-adult	[]
501909	fantasy	[]
501910	fantasy	[]
502301	young-adult	[]
503773	christian	[]
504428	romance	[]
505386	christian	[]
509734	lgbt	[3343550]
511926	fantasy	[91836]
514990	young-adult	[]
515620	young-adult	[]
516182	young-adult	[2473476, 6605470, 1735781]
518848	young-adult	[3492988, 1226951, 1042542, 13345, 2254009, 5602488, 21882134, 126431, 22396330]
519546	young-adult	[]
519548	young-adult	[]
519616	v-c-andrews	[102449]
519767	young-adult	[]
520408	christian	[]
521040	young-adult	[]
522469	young-adult	[]
522493	young-adult	[1812344]
523113	fear-street	[]
523367	fantasy	[]
523421	fantasy	[13570768]
523424	fantasy	[]
524332	christian	[]
526178	fantasy	[1215478]
526764	elves	[]
527923	fantasy	[195672, 7955588]
529252	sweet-valley-high	[38533, 1753395, 16172268]
529294	young-adult	[]
529345	young-adult	[37731, 454858]
529347	young-adult	[760424, 37761]
530848	vampires	[8964805, 2456529]
531197	young-adult	[514990]
536285	young-adult	[307791, 1443871, 1110881, 721419, 2279114, 6089251]
536906	horror	[20173814]
536982	fantasy	[9789648]
537574	young-adult	[]
537655	young-adult	[233330]
537658	fear-street	[]
538904	young-adult	[260037, 13536361, 18599938]
538962	young-adult	[112656, 864759, 563712, 112659, 11154882, 402013, 8286130]
540181	young-adult	[]
540182	young-adult	[]
540183	young-adult	[]
540186	young-adult	[]
540196	young-adult	[]
540205	young-adult	[]
540206	young-adult	[]
541127	young-adult	[]
542310	young-adult	[16083788]
542312	young-adult	[]
542317	horror	[]
542318	young-adult	[]
542414	young-adult	[6671151, 1487852]
542752	young-adult	[1913358]
544257	vampires	[17229039, 6013342, 13180930]
544424	young-adult	[16090497, 13637574]
544891	young-adult	[7007882, 10328881, 7332493, 8518606, 6956621, 10874864, 11175781, 8138131]
544892	young-adult	[]
546113	fantasy	[1002337, 13836]
546114	fantasy	[14288612]
546773	young-adult	[]
547699	christian	[497417]
547918	young-adult	[1399597]
548609	young-adult	[7380431, 1351527]
548668	fantasy	[266607, 1406578]
550557	christian-fiction	[11998407]
552886	young-adult	[3236549, 21446, 11223346]
552889	young-adult	[71629, 21800998]
553247	vampires	[]
553526	young-adult	[]
553527	young-adult	[]
554165	young-adult	[4756918]
554194	young-adult	[]
556136	young-adult	[]
556869	christian	[]
556873	christian	[]
556875	christian	[]
557089	mystery	[]
557147	mystery	[]
557157	mystery	[]
557180	young-adult	[]
557297	high-school-musical	[9909181]
557332	young-adult	[80246]
558171	young-adult	[]
558296	babysitters-club	[]
558303	young-adult	[]
558315	bsc	[]
558321	bsc	[]
558371	young-adult	[]
558395	bsc	[]
560469	science-fiction	[]
561167	young-adult	[]
561401	young-adult	[]
561402	young-adult	[1677985, 6583768]
561403	young-adult	[]
561456	fantasy	[28185, 7987206, 1581365, 6508005, 8126116, 7662175, 8267049, 15995188, 22449288]
562762	young-adult	[7671305, 13279074]
563012	young-adult	[2198719, 2311682, 2326730, 1881429, 2243541, 6235034, 6573555]
563321	young-adult	[2439543]
563452	v-c-andrews	[]
563456	v-c-andrews	[273716]
563457	v-c-andrews	[]
563458	vc-andrews	[]
563461	vc-andrews	[]
563462	vc-andrews	[]
563485	young-adult	[]
563488	young-adult	[]
563491	young-adult	[993941]
563501	young-adult	[]
563502	young-adult	[]
563712	young-adult	[112659, 11154882, 402013, 8286130]
563765	young-adult	[]
565593	fantasy	[565594]
565594	fantasy	[]
565597	fantasy	[565593, 565594]
566784	fantasy	[]
566838	young-adult	[]
568609	young-adult	[2997545]
568617	young-adult	[439254, 38980, 169297, 10345824, 1004573, 1499517, 6084399, 11224227]
568634	young-adult	[]
568645	young-adult	[1449728, 6602820, 7141780, 7861449]
569391	young-adult	[]
569618	young-adult	[]
576839	young-adult	[1938128, 6742585]
577136	young-adult	[]
578029	young-adult	[7140292]
578299	v-c-andrews	[397437]
578300	v-c-andrews	[]
578321	v-c-andrews	[]
578343	young-adult	[]
580844	young-adult	[]
580898	young-adult	[]
580902	young-adult	[]
580954	young-adult	[]
580956	young-adult	[412136]
580957	young-adult	[]
580985	young-adult	[]
583627	young-adult	[51167]
585261	steampunk	[]
586661	young-adult	[1652821]
587311	young-adult	[6613066, 17612972, 210329, 311479]
587672	young-adult	[]
588361	young-adult	[]
588670	horror	[164718, 20828081]
588707	horror	[]
588723	young-adult	[]
589776	fantasy	[]
589847	mystery	[]
590125	young-adult	[]
590126	young-adult	[13513454]
590128	young-adult	[9842956]
590138	young-adult	[9744557, 6739111]
590139	young-adult	[7843321, 1151552, 12063240, 7919125, 9815655, 9815653, 13617344, 15931642]
590348	young-adult	[479470]
590549	romance	[]
592089	young-adult	[]
592783	fantasy	[]
592784	fantasy	[]
592805	young-adult	[]
592949	vampires	[30335]
595375	lgbt	[]
595405	young-adult	[10334017, 8300878]
596963	fantasy	[6383491]
597230	young-adult	[93730]
597432	young-adult	[]
597832	mystery	[2416194]
597953	historical-fiction	[18579, 415274]
598661	young-adult	[6283466, 24766, 6712317, 7289879, 590128, 9842956]
601369	vampires	[]
601370	vampires	[8825710, 8390574, 18194523, 7635404]
601547	young-adult	[]
601548	horror	[]
601560	young-adult	[2501000]
601575	young-adult	[]
601632	fantasy	[548668, 266607, 1406578]
601719	fantasy	[]
602516	young-adult	[114954, 6251486, 8130012, 10569435, 11387534, 4927729]
602683	young-adult	[114701]
603189	young-adult	[]
603911	young-adult	[603916, 603913, 6381831, 10855952, 14802306]
603913	young-adult	[6381831, 10855952, 14802306]
603916	young-adult	[603913, 6381831, 10855952, 14802306]
604745	young-adult	[290013, 234907, 187811, 7112293]
607412	young-adult	[17932971, 883066, 1165115, 201905, 13609248]
607611	young-adult	[128092, 6577632]
607612	young-adult	[128084]
610435	christian	[]
611113	young-adult	[]
611114	young-adult	[3095150, 85989]
613934	young-adult	[]
615359	young-adult	[]
615939	young-adult	[]
615943	young-adult	[1224136]
615947	young-adult	[]
617527	matthew-reilly	[11394681, 144794]
617642	young-adult	[2544797, 203437]
619889	fantasy	[8289531]
619891	young-adult	[]
621908	the-gun	[261930]
625859	science-fiction	[]
628955	young-adult	[7301255]
630103	young-adult	[6688187]
630104	young-adult	[]
635212	young-adult	[]
637857	young-adult	[439292, 1924390, 207682]
639158	fantasy	[58890, 12430147, 879227]
639197	fantasy	[2419450]
639750	vc-andrews	[]
639754	young-adult	[6948770]
641544	young-adult	[]
641549	young-adult	[8148558]
641550	young-adult	[]
641946	fantasy	[18373875, 1034516, 866151, 13603597, 6926861]
641991	young-adult	[]
642312	young-adult	[2216617]
642316	young-adult	[2205215]
642728	young-adult	[]
642931	young-adult	[]
643298	horror	[]
644194	young-adult	[]
644195	young-adult	[]
644197	young-adult	[]
645886	horses	[]
646272	young-adult	[]
646291	young-adult	[]
646484	young-adult	[2451160]
646871	young-adult	[22319540, 13648]
649152	fear-street	[]
649153	fear-street	[]
649514	young-adult	[3218045]
650883	fantasy	[]
651901	young-adult	[6441366, 8069603]
653577	young-adult	[]
655601	cherub	[]
656714	fear-street	[]
656717	horror	[]
656726	fear-street	[]
656729	fear-street	[7076305]
656760	young-adult	[89809]
658484	young-adult	[412360]
659163	horror	[]
659636	young-adult	[2459454, 7078607, 8123092]
660520	v-c-andrews	[]
660521	young-adult	[]
660523	v-c-andrews	[33980354]
660524	v-c-andrews	[397430, 578321]
660533	v-c-andrews	[]
662597	young-adult	[]
663402	self-help	[]
666488	young-adult	[]
666940	christian	[]
666963	christian-fiction	[]
666964	christian-fiction	[]
666966	young-adult	[]
666979	christian	[]
667649	young-adult	[]
667711	fantasy	[153800, 773688, 8248442]
667837	fantasy	[962452, 10448883, 153785]
667993	fantasy	[773686, 153795, 883444]
668522	young-adult	[]
669540	young-adult	[]
669845	horses	[]
670339	fantasy	[]
673946	young-adult	[]
675614	teen	[11014842, 9172332]
675615	young-adult	[10956607, 7809017]
678891	young-adult	[]
679312	horror	[]
682785	young-adult	[]
683406	young-adult	[]
685689	young-adult	[781819, 268774]
688191	fantasy	[2302479, 6719875, 6604642, 688192, 10844278]
688192	fantasy	[10844278]
688433	young-adult	[1522147]
690197	sci-fi	[]
690472	young-adult	[]
690816	young-adult	[]
690926	young-adult	[]
691296	young-adult	[]
693208	contemporary	[]
693757	young-adult	[]
693971	australian	[]
700179	young-adult	[]
701937	young-adult	[5302050, 5871132]
704038	vampires	[11136929]
704039	young-adult	[]
704076	sports	[]
704609	dystopian	[25052977]
705303	young-adult	[]
705693	young-adult	[]
705727	young-adult	[14565]
706464	young-adult	[11831, 1442628]
710178	fantasy	[2497639, 107664, 18470187, 1995100, 4872295]
710433	horses	[]
710968	young-adult	[]
710969	young-adult	[1871385]
712725	dragons	[]
713687	fantasy	[14624039, 6764218, 10495926, 8248445, 7344635, 9646092, 13837]
714691	young-adult	[33956, 831979, 2617075, 298567, 4617371, 16088324, 6116440, 4779934, 11791890]
714902	young-adult	[6993182, 17426228, 5984090]
721003	young-adult	[3995158, 10141824]
721419	young-adult	[2279114, 6089251]
722192	fantasy	[1109553, 1288170]
723650	christian-fiction	[291443]
723653	christian-fiction	[291444]
723661	christian-fiction	[489035]
723751	sweet-valley	[]
724191	fantasy	[]
725806	fairy-tales	[]
726458	young-adult	[]
727157	young-adult	[12093572]
727165	young-adult	[1005524, 602516, 114954, 6251486, 8130012, 10569435, 11387534, 4927729]
727168	young-adult	[851226]
727769	young-adult	[]
729032	fantasy	[]
729033	fantasy	[6002153, 7244911]
729525	young-adult	[199781, 207683]
729527	young-adult	[199783]
729528	young-adult	[784365, 187809]
730978	fantasy	[]
732241	young-adult	[]
733112	young-adult	[]
733949	fantasy	[]
734199	young-adult	[6237452, 333935]
736311	young-adult	[578029, 7140292]
738547	fantasy	[]
738610	young-adult	[]
738754	fantasy	[6991473, 17904454, 172257, 23890740]
738776	fantasy	[]
745381	young-adult	[3118442]
745523	young-adult	[]
752540	young-adult	[]
755295	v-c-andrews	[]
755299	v-c-andrews	[]
755300	v-c-andrews	[]
755301	v-c-andrews	[]
759234	romance	[]
760424	young-adult	[37761]
762186	science-fiction	[]
762743	young-adult	[1570814, 6275962, 1029083, 41865, 2311681, 871224, 5043803, 5999961, 5945479, 12626302]
763711	science-fiction	[]
764346	fantasy	[357027]
764347	young-adult	[6319969, 6571974, 6062049, 27964179, 14760450, 16180066, 18274105, 18400659]
764698	fantasy	[]
764861	fantasy	[3002368]
765461	mystery	[]
766319	young-adult	[18527491, 11256839]
767580	fantasy	[967648, 546114, 14288612]
769515	young-adult	[]
770794	horror	[]
770880	young-adult	[]
771703	young-adult	[84076]
771710	young-adult	[2023182, 137972, 12745818]
771712	young-adult	[]
771754	young-adult	[]
771953	classics	[1250920, 1261922, 31414533, 17567, 18888864]
773514	classics	[18669076, 18704927]
773686	fantasy	[153795, 883444]
773688	fantasy	[8248442]
774399	young-adult	[]
774631	young-adult	[1981340, 9696853]
774632	young-adult	[]
775971	young-adult	[3093025, 9692996]
775973	young-adult	[333945, 3093027]
775974	young-adult	[6237390, 333917]
775975	young-adult	[333925, 8652543, 1554364]
775976	young-adult	[2239812, 8652534, 11338268, 1554366]
775977	young-adult	[333921, 333946]
775980	fantasy	[2114565, 9169486]
775981	young-adult	[9692959, 8652467, 333942, 8258991]
775983	young-adult	[333919, 9692955, 333941, 7532719]
775986	young-adult	[6237388]
775987	fantasy	[333923, 8652565, 2521369]
776140	young-adult	[]
776544	young-adult	[]
776545	young-adult	[]
778672	v-c-andrews	[]
779583	young-adult	[44353]
780604	young-adult	[]
781046	young-adult	[]
781069	young-adult	[]
781139	young-adult	[12366330]
781819	young-adult	[268774]
782384	young-adult	[]
783182	horses	[]
783641	young-adult	[7376809]
784365	young-adult	[187809]
784911	young-adult	[1691582, 8126325]
785125	young-adult	[2178024, 925726, 587311, 6613066, 17612972, 210329, 311479]
785947	young-adult	[]
787660	v-c-andrews	[10444913, 578300]
787663	v-c-andrews	[]
787664	v-c-andrews	[]
790319	mystery	[597832, 2416194]
792775	fantasy	[2530614, 6347421]
793102	anya-bast	[]
794700	young-adult	[]
797151	vampires	[]
797945	young-adult	[]
798518	fantasy	[13456500]
799063	fantasy	[]
799065	fantasy	[]
799067	young-adult	[]
799068	fantasy	[]
803318	young-adult	[]
808799	young-adult	[421539]
809534	horror	[]
809538	fear-street	[]
809541	fear-street	[]
810838	fantasy	[]
814487	young-adult	[10225685]
816068	vampires	[263172]
816207	vampires	[263147, 9692768, 9001660, 12275207, 6617790, 11393193]
816953	young-adult	[]
818162	young-adult	[603911, 603916, 603913, 6381831, 10855952, 14802306]
818164	young-adult	[278794, 360917, 10152543]
818445	classics	[773514, 18669076, 18704927]
818600	romance	[]
818601	young-adult	[8578691]
819155	young-adult	[3981793, 295651]
819788	young-adult	[]
819909	young-adult	[819911, 8586587, 8077713, 12892553, 17165654]
819911	young-adult	[8586587, 8077713, 12892553, 17165654]
819967	young-adult	[826379, 2370123]
820570	young-adult	[51069]
820576	humour	[]
821358	young-adult	[]
822200	vampires	[3205153, 6465789, 11379284]
822391	young-adult	[]
823564	fantasy	[]
826379	young-adult	[2370123]
827987	young-adult	[7110722]
828482	young-adult	[592805]
828483	cherub	[12146656]
828623	young-adult	[]
829345	young-adult	[9280811]
829346	horror	[]
830638	young-adult	[]
831979	young-adult	[2617075, 298567, 4617371, 16088324, 6116440, 4779934, 11791890]
832144	young-adult	[18119, 77473, 24963098, 563765]
832517	young-adult	[12960716, 259997]
833709	fantasy	[536982, 9789648]
833710	young-adult	[580844]
833745	the-clique	[]
836478	young-adult	[522493, 1812344]
836798	young-adult	[]
837665	fantasy	[3298, 6363848, 16526, 1574651, 17377402]
837674	fantasy	[4613633, 3304, 23516045, 7120584, 13179413, 67660]
839223	young-adult	[839226, 45978, 1339888, 311512, 5945894]
839226	young-adult	[45978, 1339888, 311512, 5945894]
839276	young-adult	[]
841934	young-adult	[17283029]
842654	fear-street	[9841004, 89798]
842655	young-adult	[]
842704	young-adult	[176583]
842737	horror	[]
843086	young-adult	[11377043]
844449	young-adult	[59265, 3218335, 8041361, 59264]
845365	young-adult	[]
846493	dragons	[]
846984	young-adult	[4033957, 6263677]
848867	young-adult	[]
850289	heartland	[]
851226	young-adult	[]
851340	fantasy	[6342784, 234943, 18743928, 107670]
851341	young-adult	[94319, 7176548]
851344	young-adult	[9121117, 175004]
852470	young-adult	[6937524, 1022366, 97783, 8118212, 17374111, 30373749, 7853977]
853136	chick-lit	[10325884, 1634257, 6871030]
853369	young-adult	[402014, 864762, 7740127, 112674]
854855	fantasy	[10064872, 1889476]
855703	star-wars	[390062]
855842	young-adult	[452306]
855843	young-adult	[5456, 855844]
855844	young-adult	[]
856969	young-adult	[6050165, 13624375, 2105403, 11861013, 13247802]
857121	young-adult	[]
857655	young-adult	[152004]
857688	young-adult	[857691, 10494517, 66975]
857691	young-adult	[10494517, 66975]
858082	young-adult	[295117]
858086	young-adult	[2481289, 253106, 11318585, 11514273]
858665	fantasy	[24094, 7123950, 8248444]
858668	fantasy	[858671, 13833, 8142605, 9022230]
858671	fantasy	[13833, 8142605, 9022230]
859702	young-adult	[1006601, 9883674]
859801	young-adult	[]
861539	horror	[536906, 20173814]
861541	fantasy	[8957, 2408364, 156172]
861547	fantasy	[]
861548	fantasy	[8777595]
861549	fantasy	[8847496, 864835, 5985406, 8967]
861550	fantasy	[1066068, 8951, 3788161, 18366041]
861783	young-adult	[93742]
862026	nancy-drew	[]
862160	young-adult	[7078091, 240136, 6875163, 2790831, 9370793, 6586540, 16078585, 13581049, 13086115]
864758	young-adult	[112675]
864759	young-adult	[563712, 112659, 11154882, 402013, 8286130]
864761	young-adult	[112684, 1071297]
864762	young-adult	[7740127, 112674]
864766	young-adult	[]
864798	horror	[1928385, 3214063, 11238431, 164721]
864803	horror	[1172383, 1928354, 53168, 7761069]
864804	horror	[1331644, 164719, 8176546, 12196001]
864835	fantasy	[5985406, 8967]
865734	young-adult	[]
865737	fear-street	[]
866151	fantasy	[13603597, 6926861]
866257	young-adult	[]
866611	young-adult	[13377, 13376, 8352767, 18480310, 15750137]
869243	science-fiction	[]
870823	young-adult	[]
871067	young-adult	[]
871068	young-adult	[]
871069	young-adult	[]
871070	young-adult	[]
871120	young-adult	[]
871169	young-adult	[39637]
871170	fearless	[]
871171	young-adult	[]
871174	young-adult	[439896]
871182	fearless	[]
871224	young-adult	[5043803, 5999961, 5945479, 12626302]
872333	young-adult	[106081, 4737642, 6908393, 10393673]
872401	young-adult	[]
872658	young-adult	[2359945]
872761	fantasy	[]
876472	mystery	[1039136]
879215	fantasy	[2519341, 7969715, 7828784, 12550603, 11772902, 27670913]
879218	fantasy	[13456728, 58894]
879221	fantasy	[879218, 13456728, 58894]
879224	fantasy	[153781]
879227	fantasy	[]
881512	young-adult	[881514, 999346, 4639576, 714902, 6993182, 17426228, 5984090]
881514	young-adult	[999346, 4639576, 714902, 6993182, 17426228, 5984090]
883066	young-adult	[1165115, 201905, 13609248]
883287	fantasy	[153784, 153823, 6443249, 223822]
883316	young-adult	[169875]
883444	fantasy	[]
884252	young-adult	[6661308]
884361	young-adult	[]
886333	young-adult	[13539705]
886334	camp-confidential	[3262343]
887252	young-adult	[]
887254	young-adult	[]
887487	steampunk	[]
887764	young-adult	[]
890143	young-adult	[9862015, 554194]
893134	young-adult	[19062, 16094401, 17307706, 18134519, 20620100, 23942249]
893158	young-adult	[14562]
893172	fantasy	[7581796, 6935607, 6692896, 9692846, 7816926, 18190302, 22456224, 7848832, 7848833, 2167829]
894164	v-c-andrews	[]
895072	young-adult	[6256451, 20243078, 955157, 828623]
898196	young-adult	[5669965]
898214	horses	[]
898298	young-adult	[]
899200	young-adult	[410615, 9690216, 6998558]
901026	young-adult	[]
904568	young-adult	[319421]
904939	horses	[]
904940	horses	[]
904942	horses	[]
904946	horses	[669845]
904947	horses	[]
904948	heartland	[]
904957	heartland	[]
904958	heartland	[]
904959	horses	[]
904960	heartland	[]
904962	horses	[]
904963	heartland	[]
904965	horses	[]
904966	horses	[]
905989	young-adult	[94072, 8144452]
906005	young-adult	[177345, 853369, 402014, 864762, 7740127, 112674]
907988	young-adult	[77100]
914120	young-adult	[]
914121	young-adult	[]
915262	young-adult	[24434]
915263	young-adult	[]
916764	animals	[]
916875	young-adult	[12930, 916877, 16181432, 13450968, 884361]
916877	young-adult	[16181432, 13450968, 884361]
917101	young-adult	[]
917645	young-adult	[23306084, 12695443]
919281	young-adult	[]
920217	young-adult	[]
920218	young-adult	[]
920219	young-adult	[]
920432	teen	[2743301]
923731	thriller	[20569266]
923856	young-adult	[]
925361	young-adult	[]
925726	young-adult	[587311, 6613066, 17612972, 210329, 311479]
926295	young-adult	[538962, 112656, 864759, 563712, 112659, 11154882, 402013, 8286130]
932446	young-adult	[]
933966	fantasy	[289695, 2801635]
934683	young-adult	[]
937116	m-m	[8951772, 11003584]
940127	fantasy	[]
947836	romance	[]
949252	young-adult	[9816583]
952769	young-adult	[1102156, 13152, 6885957, 552886, 3236549, 21446, 11223346]
954001	young-adult	[]
954674	young-adult	[7101257, 9293309]
955157	young-adult	[828623]
956671	young-adult	[1372155, 583627, 51167]
957242	romance	[1231236]
957346	young-adult	[]
959218	camp-confidential	[3249138]
959307	young-adult	[24769, 10160762, 9720000, 10323629]
959308	young-adult	[17371239, 24764]
959320	young-adult	[186103, 590138, 9744557, 6739111]
959322	young-adult	[12244867]
959334	young-adult	[24767, 6386667, 7989399]
959336	young-adult	[959307, 24769, 10160762, 9720000, 10323629]
962452	fantasy	[10448883, 153785]
963479	fantasy	[8966, 1296755]
964543	mystery	[]
965134	young-adult	[24735974, 28106, 3986864]
965813	young-adult	[]
967648	fantasy	[546114, 14288612]
969429	young-adult	[5807250]
969430	young-adult	[23225]
969459	young-adult	[]
969566	young-adult	[6466608, 21898683]
970241	young-adult	[]
970477	young-adult	[]
970610	young-adult	[148769]
972779	fantasy	[]
972781	fantasy	[]
975076	fantasy	[]
977841	young-adult	[7019088, 1259860, 3424418, 6657404, 17402605, 13408919, 3168250]
980980	steampunk	[302385, 6515208, 219110]
984133	chris-ryan	[]
985502	fantasy	[19780412]
987179	christian	[]
987756	young-adult	[841934, 17283029]
993941	young-adult	[]
994232	young-adult	[7549910]
994233	young-adult	[]
999346	young-adult	[4639576, 714902, 6993182, 17426228, 5984090]
999641	camp-confidential	[]
1001976	fantasy	[]
1001997	young-adult	[71365, 28194, 6056091, 6178576, 292110]
1002002	young-adult	[136782, 16142455, 819967, 826379, 2370123]
1002337	fantasy	[13836]
1002342	young-adult	[970610, 148769]
1002519	horses	[]
1002520	horses	[1002519]
1003291	horror	[2113031]
1003316	vampire	[]
1003320	vampire	[]
1003985	science-fiction	[]
1004354	young-adult	[705727, 14565]
1004573	young-adult	[1499517, 6084399, 11224227]
1005524	young-adult	[602516, 114954, 6251486, 8130012, 10569435, 11387534, 4927729]
1005703	young-adult	[6125548, 170529, 65067, 9436534, 9509298]
1006463	m-m	[7195884]
1006601	young-adult	[9883674]
1008231	young-adult	[6384225, 5974509, 8199442]
1010467	cherub	[]
1011455	romance	[1011456]
1011456	romance	[]
1012297	young-adult	[]
1013175	nancy-drew	[]
1013312	mystery	[]
1013353	mystery	[]
1013371	mystery	[]
1013437	nancy-drew	[]
1020421	young-adult	[]
1021335	young-adult	[]
1022087	young-adult	[405838]
1022366	young-adult	[97783, 8118212, 17374111, 30373749, 7853977]
1022719	young-adult	[7796279, 17020, 18846813]
1022736	mystery	[2122956, 82781]
1025134	sports	[]
1029083	young-adult	[41865, 2311681, 871224, 5043803, 5999961, 5945479, 12626302]
1034516	fantasy	[866151, 13603597, 6926861]
1035847	young-adult	[18690777]
1036299	young-adult	[]
1039136	mystery	[]
1039177	young-adult	[30331]
1039182	fantasy	[30338, 3785250]
1042542	young-adult	[13345, 2254009, 5602488, 21882134, 126431, 22396330]
1042581	young-adult	[]
1044852	young-adult	[]
1044859	young-adult	[]
1045561	christian-fiction	[]
1046362	young-adult	[]
1046699	fearless	[393086]
1054845	the-clique-series	[]
1058596	young-adult	[86238, 169887, 20632268, 26220221]
1060959	young-adult	[883316, 169875]
1061670	young-adult	[569391]
1062752	young-adult	[]
1065971	fantasy	[6557947, 861547]
1066067	fantasy	[]
1066068	fantasy	[8951, 3788161, 18366041]
1066078	fantasy	[6557962, 2488435, 738754, 6991473, 17904454, 172257, 23890740]
1066082	fantasy	[8960, 8992, 2455194, 861548, 8777595]
1066084	fantasy	[8968, 5985405, 2455245, 2892134, 9431289]
1066608	steampunk	[48722, 13221013]
1068591	fantasy	[]
1069621	juvenil	[]
1071275	young-adult	[402015, 864761, 112684, 1071297]
1071297	young-adult	[]
1071335	young-adult	[]
1071337	science-fiction	[]
1071338	young-adult	[]
1071339	science-fiction	[]
1071343	young-adult	[]
1071344	science-fiction	[]
1071392	science-fiction	[]
1071394	science-fiction	[]
1071444	young-adult	[]
1071799	young-adult	[1071801]
1071801	young-adult	[]
1072080	science-fiction	[]
1073600	fantasy	[153783, 3011113, 5997799, 8236826]
1073644	young-adult	[]
1078638	romance	[]
1082519	young-adult	[95912]
1082753	fantasy	[448873, 30363359]
1082754	fantasy	[8138666, 40156, 1082753, 448873, 30363359]
1083827	young-adult	[]
1093733	young-adult	[2398497]
1095322	young-adult	[22237]
1099260	fantasy	[]
1099262	fantasy	[]
1100511	young-adult	[607412, 17932971, 883066, 1165115, 201905, 13609248]
1100981	young-adult	[18270935, 147866, 147869]
1102156	young-adult	[13152, 6885957, 552886, 3236549, 21446, 11223346]
1103255	fantasy	[]
1103659	young-adult	[84066]
1104837	v-c-andrews	[]
1105505	young-adult	[]
1106411	young-adult	[3698272, 112628]
1109551	fantasy	[]
1109553	fantasy	[1288170]
1110881	young-adult	[721419, 2279114, 6089251]
1111842	young-adult	[131897]
1112383	young-adult	[11100703, 9917684, 11617619]
1118984	young-adult	[]
1118986	realistic-fiction	[5779306]
1120884	star-wars	[169002]
1120885	star-wars	[359915]
1120886	star-wars	[169017]
1122359	young-adult	[131845]
1122428	young-adult	[16164660]
1124967	young-adult	[153782, 12304817]
1126074	young-adult	[96267, 17832692]
1128848	young-adult	[]
1134020	fantasy	[]
1134023	fantasy	[112967, 1134020]
1134172	young-adult	[159903]
1135083	young-adult	[6713125]
1135587	young-adult	[7802714, 38703, 6586515]
1135853	young-adult	[10495871, 8248443, 9646093, 22859531, 13830]
1135857	fantasy	[]
1135943	young-adult	[3814046]
1137146	realistic-fiction	[]
1138181	fantasy	[398479, 6464643]
1140635	fantasy	[1140636]
1140636	fantasy	[]
1142722	fantasy	[116562]
1142899	young-adult	[]
1145133	chick-lit	[8174014]
1148088	young-adult	[]
1148090	young-adult	[]
1148091	young-adult	[]
1151552	young-adult	[12063240, 7919125, 9815655, 9815653, 13617344, 15931642]
1152731	mystery	[12218580]
1152744	mystery	[]
1153388	m-m	[]
1154193	young-adult	[]
1156046	charmed	[]
1156197	young-adult	[]
1159385	young-adult	[]
1162022	young-adult	[]
1162543	fantasy	[3018470, 2266021, 8117665, 3018469, 3425375, 4883008, 6440860, 6706602, 8391824, 1162544]
1162544	fantasy	[]
1162715	young-adult	[]
1163574	young-adult	[4810991]
1165115	young-adult	[201905, 13609248]
1166131	young-adult	[2158604, 7891320, 6347386, 6949153]
1166132	young-adult	[1291211, 7804244]
1167623	young-adult	[]
1167730	chick-lit	[]
1167920	young-adult	[5645639]
1169808	young-adult	[9692988, 7235831, 8511042, 9342256, 9498798, 9529036, 8964322, 1216138]
1170445	young-adult	[21342647]
1172383	horror	[1928354, 53168, 7761069]
1175893	fantasy	[3629872, 1338404, 6594604, 3550861, 5121033, 10611636, 5211535, 7112492, 4045691]
1178862	young-adult	[395846, 6610376, 7890688]
1183270	fantasy	[]
1183314	fantasy	[58893, 3316010, 12384973]
1183361	young-adult	[1124967, 153782, 12304817]
1184613	young-adult	[1501470]
1188294	young-adult	[10576681, 7048936]
1188295	young-adult	[]
1189150	fantasy	[4990871]
1189154	fantasy	[858665, 24094, 7123950, 8248444]
1189298	star-wars	[169000]
1189326	star-wars	[390063]
1189515	young-adult	[]
1189878	young-adult	[]
1190112	fantasy	[1190114, 176534, 17160895, 10449088]
1190114	fantasy	[176534, 17160895, 10449088]
1190477	young-adult	[]
1190505	young-adult	[1189515]
1190507	young-adult	[18392, 24469717, 9783478, 1190505, 1189515]
1190788	young-adult	[1740194]
1190979	fantasy	[116560, 176531, 17972807]
1191165	young-adult	[710968]
1191920	young-adult	[]
1191921	young-adult	[2990524]
1192363	fantasy	[3462638, 6691056, 12517748, 17206162, 18946055, 23609791, 7003332, 28685408]
1192365	fantasy	[237721, 60510, 1192363, 3462638, 6691056, 12517748, 17206162, 18946055, 23609791, 7003332, 28685408]
1192405	young-adult	[23224, 234893, 6571580, 10137716]
1193251	young-adult	[]
1193358	childhood	[266909]
1193362	childhood	[1193358, 266909]
1193425	young-adult	[266765]
1193548	childhood	[]
1193817	young-adult	[]
1194928	young-adult	[39632]
1194929	fearless	[]
1195064	young-adult	[115730]
1195113	fearless	[]
1197756	religion	[2160996, 182246]
1198075	young-adult	[19448, 1311239, 6571582]
1206457	young-adult	[]
1210754	fantasy	[]
1214723	young-adult	[]
1214727	young-adult	[]
1215478	fantasy	[]
1215869	heartland	[]
1215870	heartland	[]
1215871	heartland	[]
1216138	young-adult	[]
1216144	young-adult	[]
1216147	vampires	[]
1216148	young-adult	[395851, 9637580, 6277665, 6573776, 8511041, 6954142, 9587707, 1216144]
1217100	realistic-fiction	[]
1218563	young-adult	[957346]
1220423	young-adult	[23490929, 30323739, 301022, 1259132]
1222403	young-adult	[]
1224136	young-adult	[]
1226951	young-adult	[1042542, 13345, 2254009, 5602488, 21882134, 126431, 22396330]
1228004	young-adult	[615947]
1228367	young-adult	[]
1228841	young-adult	[]
1231236	romance	[]
1231900	young-adult	[]
1233615	young-adult	[]
1234373	young-adult	[]
1234975	young-adult	[331877]
1235200	young-adult	[1235201, 1122359, 131845]
1235201	young-adult	[1122359, 131845]
1239219	fantasy	[2800405]
1245932	young-adult	[8137, 6616668, 23949606, 9783811]
1246570	young-adult	[]
1248558	science-fiction	[]
1248692	young-adult	[14762166]
1250147	young-adult	[706464, 11831, 1442628]
1250628	young-adult	[]
1250920	classics	[1261922, 31414533, 17567, 18888864]
1251032	young-adult	[]
1252452	horses	[]
1252496	horses	[]
1254951	historical-fiction	[3347909, 3347895, 2887953, 2731125, 6588492, 6432677]
1256142	young-adult	[147243, 8762780]
1257523	fantasy	[208159]
1257925	young-adult	[296300, 5452, 364640, 264061]
1259132	young-adult	[]
1259248	v-c-andrews	[]
1259267	nancy-drew	[]
1259860	young-adult	[3424418, 6657404, 17402605, 13408919, 3168250]
1261922	classics	[31414533, 17567, 18888864]
1263041	young-adult	[]
1263346	horror	[12905451]
1263371	young-adult	[]
1264480	young-adult	[1264481, 9614345, 71865, 2075603, 8601327, 10812458, 11197293, 20620056, 12403797]
1264481	young-adult	[9614345, 71865, 2075603, 8601327, 10812458, 11197293, 20620056, 12403797]
1269954	science-fiction	[4579, 9567353]
1274157	vampires	[]
1275750	young-adult	[]
1279889	fantasy	[]
1280093	young-adult	[1280095, 844449, 59265, 3218335, 8041361, 59264]
1280095	young-adult	[844449, 59265, 3218335, 8041361, 59264]
1281992	dystopian	[]
1287869	chick-lit	[13539703, 13097191]
1287870	young-adult	[13019903]
1287871	young-adult	[]
1288170	fantasy	[]
1288906	young-adult	[352753, 1021335]
1291211	young-adult	[7804244]
1291212	cherub	[]
1291385	horses	[]
1295059	young-adult	[]
1295072	horror	[16083871]
1295093	young-adult	[]
1295102	young-adult	[]
1296755	fantasy	[]
1296830	fantasy	[]
1297667	young-adult	[]
1297675	young-adult	[]
1297681	young-adult	[]
1297690	young-adult	[580902]
1301153	young-adult	[]
1301898	young-adult	[8689544]
1303564	cherub	[1010467]
1304163	young-adult	[6013686]
1305090	young-adult	[]
1311239	young-adult	[6571582]
1312502	fantasy	[2762743]
1316409	fantasy	[837665, 3298, 6363848, 16526, 1574651, 17377402]
1318894	fantasy	[6487276]
1321013	childhood	[2010353]
1321016	young-adult	[1527160]
1321045	childhood	[]
1323758	horses	[]
1326258	young-adult	[]
1331644	horror	[164719, 8176546, 12196001]
1332982	fantasy	[2689941, 3453374, 8334535, 179064, 444323]
1334672	young-adult	[]
1335107	mystery	[]
1338404	fantasy	[6594604, 3550861, 5121033, 10611636, 5211535, 7112492, 4045691]
1339888	young-adult	[311512, 5945894]
1346345	young-adult	[]
1346346	young-adult	[82780, 82779, 1372175]
1346682	young-adult	[9073839]
1349013	fantasy	[112968]
1351527	young-adult	[]
1369191	young-adult	[]
1369452	fantasy	[129125]
1369507	young-adult	[]
1372155	young-adult	[583627, 51167]
1372172	young-adult	[82783, 22473277, 1346345]
1372175	young-adult	[]
1374409	young-adult	[]
1375998	young-adult	[14359, 14358, 3017901, 19386875]
1378535	young-adult	[]
1379188	young-adult	[295323, 870823]
1380098	young-adult	[6931241]
1382964	young-adult	[]
1385606	young-adult	[]
1385610	young-adult	[]
1391390	young-adult	[925361]
1394709	young-adult	[3378436]
1396684	young-adult	[]
1399597	young-adult	[]
1401359	fantasy	[]
1406578	fantasy	[]
1406893	vampires	[395875, 6879131, 7767748, 8511062, 6277667, 8723751, 1216147]
1406902	young-adult	[266663]
1412302	young-adult	[]
1413104	south-african	[]
1418893	horror	[]
1425745	young-adult	[7002182, 1425746]
1425746	young-adult	[]
1426197	young-adult	[]
1432059	young-adult	[381501]
1432527	young-adult	[]
1433030	horror	[1003291, 2113031]
1434318	christian-fiction	[]
1438096	fantasy	[]
1440350	young-adult	[]
1441909	young-adult	[6379746, 51070]
1441916	young-adult	[820570, 51069]
1442628	young-adult	[]
1443208	camp-confidential	[]
1443298	young-adult	[569618]
1443871	young-adult	[1110881, 721419, 2279114, 6089251]
1444912	science-fiction	[6172793]
1445890	young-adult	[10910054]
1446826	young-adult	[6139554]
1449728	young-adult	[6602820, 7141780, 7861449]
1450946	science-fiction	[4580]
1451064	young-adult	[93783]
1452140	kimani-tru	[]
1462873	young-adult	[]
1469982	young-adult	[]
1471425	young-adult	[2261214, 21394255, 10407121, 2938728, 18079910, 12029011, 7541858, 6999776, 6820997, 9782708, 9692831, 9025186, 16074780, 24885537, 26542880, 29356081]
1472456	young-adult	[6507411, 17334390]
1474229	young-adult	[]
1475106	young-adult	[1618353, 72027, 855843, 5456, 855844]
1476378	young-adult	[]
1479967	romance	[8811847, 13503656, 16079785, 480846, 19298820]
1482242	steampunk	[287861, 6465058, 8086300, 18190548, 18839866]
1484310	young-adult	[2011139, 37240, 23168828]
1487852	young-adult	[]
1488544	young-adult	[]
1497366	humor	[123448]
1499517	young-adult	[6084399, 11224227]
1501470	young-adult	[]
1504222	young-adult	[]
1505948	young-adult	[24567793]
1506614	young-adult	[70948, 394364, 6915748, 1758244, 17336842, 8604267, 17666746, 2225234, 832144, 18119, 77473, 24963098, 563765]
1513380	horror	[]
1513424	horror	[176602]
1521211	young-adult	[8963, 23235330]
1522147	young-adult	[]
1522312	thriller	[]
1523842	young-adult	[]
1527124	young-adult	[1527152]
1527152	young-adult	[]
1527160	young-adult	[]
1527911	young-adult	[41666]
1536818	fantasy	[7107218, 444321, 162719]
1537534	pretty-little-liars	[]
1540078	young-adult	[22564139, 196643]
1542403	young-adult	[]
1542405	lds-fiction	[]
1543325	young-adult	[]
1547105	young-adult	[25801341, 3060415]
1554097	young-adult	[771703, 84076]
1554100	vampire	[8134596, 1003316]
1554364	young-adult	[]
1554366	young-adult	[]
1570814	young-adult	[6275962, 1029083, 41865, 2311681, 871224, 5043803, 5999961, 5945479, 12626302]
1574651	fantasy	[17377402]
1577155	young-adult	[]
1577694	fear-street	[]
1578869	young-adult	[1830572, 839223, 839226, 45978, 1339888, 311512, 5945894]
1581365	fantasy	[6508005, 8126116, 7662175, 8267049, 15995188, 22449288]
1581994	young-adult	[]
1582817	young-adult	[]
1582981	young-adult	[208909]
1582996	fantasy	[3229373, 8398780, 6443015, 4062214, 7756722, 25560251, 24885524, 29356121]
1583121	fantasy	[]
1585431	horses	[]
1586548	young-adult	[93729, 1641428, 169299, 7377524, 2068670, 2475138]
1590398	young-adult	[]
1592991	indonesian	[]
1594681	young-adult	[932446]
1597492	steampunk	[1734463, 428042, 5552092, 7235100, 21416910, 8500544]
1598599	indonesian	[]
1603066	chick-lit	[1926122]
1603068	young-adult	[]
1603101	young-adult	[]
1603125	young-adult	[]
1605208	fantasy	[8952, 1066067]
1607229	polish	[]
1607247	polish	[]
1607252	polish	[]
1607259	polish	[]
1607266	polish	[]
1607279	polish	[]
1607302	polish	[]
1607380	polish	[]
1607385	polish	[]
1608064	young-adult	[]
1609824	young-adult	[]
1610457	polish	[]
1615365	fantasy	[1438096]
1618353	young-adult	[72027, 855843, 5456, 855844]
1626306	fantasy	[29545583, 7797130]
1627267	young-adult	[]
1629601	young-adult	[]
1632738	v-c-andrews	[3067635, 13258292]
1634257	chick-lit	[6871030]
1637454	young-adult	[]
1641428	young-adult	[169299, 7377524, 2068670, 2475138]
1644886	young-adult	[]
1651302	young-adult	[659636, 2459454, 7078607, 8123092]
1652801	horror	[2564553]
1652804	young-adult	[1644886]
1652821	young-adult	[]
1655091	thriller	[923731, 20569266]
1655092	thriller	[]
1655536	young-adult	[47926, 6367280]
1657184	young-adult	[301023, 18405531, 7053786]
1658548	young-adult	[]
1658638	young-adult	[18908020, 7969795]
1660064	fantasy	[9720088, 12996967, 17263181]
1660068	fantasy	[8077470, 9720087, 9627649]
1660794	young-adult	[]
1661957	young-adult	[6993023, 8583832, 13156406, 3229394]
1665321	fantasy	[8077466, 9720086, 12091606, 3290542]
1672727	young-adult	[]
1675208	fantasy	[30333, 8450169]
1677985	young-adult	[6583768]
1677986	young-adult	[]
1677987	young-adult	[3408290]
1677988	chick-lit	[]
1685449	dystopian	[]
1687896	young-adult	[]
1688865	young-adult	[298730, 6779023, 11341310]
1688887	young-adult	[1484310, 2011139, 37240, 23168828]
1691582	young-adult	[8126325]
1693030	nancy-drew	[]
1694459	young-adult	[488394]
1698268	young-adult	[]
1711021	nancy-drew	[]
1712569	young-adult	[216064, 2112755]
1722717	dystopian	[1813722, 13550647, 3217299, 11254066, 16149500, 1685449]
1724096	young-adult	[836478, 522493, 1812344]
1729146	fantasy	[]
1730148	vc-andrews	[563458]
1734463	steampunk	[428042, 5552092, 7235100, 21416910, 8500544]
1735781	young-adult	[]
1740194	young-adult	[]
1740959	chick-lit	[8627005, 205057]
1743390	fantasy	[]
1748611	young-adult	[]
1751297	christian	[]
1751318	young-adult	[688433, 1522147]
1753335	sweet-valley-high	[3402824]
1753343	young-adult	[580954]
1753393	sweet-valley-high	[]
1753395	sweet-valley-high	[16172268]
1754206	young-adult	[]
1756824	fantasy	[523424]
1758244	young-adult	[17336842, 8604267, 17666746, 2225234, 832144, 18119, 77473, 24963098, 563765]
1764436	horror	[]
1765153	young-adult	[1768717]
1768717	young-adult	[]
1768957	teen	[333937, 675614, 11014842, 9172332]
1775411	young-adult	[233789]
1777345	horror	[]
1780575	young-adult	[542414, 6671151, 1487852]
1781875	young-adult	[9720056, 8545069]
1781876	young-adult	[]
1783281	young-adult	[]
1783289	young-adult	[7913404, 13630788]
1787270	young-adult	[]
1795777	young-adult	[675615, 10956607, 7809017]
1797266	v-c-andrews	[]
1812344	young-adult	[]
1813722	dystopian	[13550647, 3217299, 11254066, 16149500, 1685449]
1814816	young-adult	[]
1817021	young-adult	[]
1821571	young-adult	[4569262, 378336]
1822182	young-adult	[]
1822612	fantasy	[5602751, 5169728, 8130423, 11332415, 9483974, 15722739, 8267056, 18463652, 7852774, 19616454, 22096570]
1828455	young-adult	[]
1829655	fantasy	[6479419, 8129775, 12340859, 6600732]
1829709	young-adult	[3173559, 3933078, 6640274]
1830572	young-adult	[839223, 839226, 45978, 1339888, 311512, 5945894]
1832749	young-adult	[]
1832906	young-adult	[22596494]
1839075	fantasy	[]
1840934	young-adult	[1105505]
1842609	young-adult	[]
1842761	young-adult	[80491, 898196, 5669965]
1850959	heartland	[]
1865670	young-adult	[28109]
1871385	young-adult	[]
1877498	science-fiction	[6120544]
1880496	classics	[14290148, 15796908, 21470612]
1881429	young-adult	[2243541, 6235034, 6573555]
1883317	young-adult	[]
1889476	fantasy	[]
1894331	polish	[]
1894341	polish	[10000794]
1894997	young-adult	[5582235, 6621100]
1895792	vampires	[7929047, 6544486, 7224599]
1897096	young-adult	[]
1897567	young-adult	[]
1901858	young-adult	[13613975, 8117274, 8071526, 9651457, 11293651, 162085]
1902241	young-adult	[3134824, 13130280, 15870690, 20576895, 6738968]
1908064	young-adult	[]
1908065	bluford	[261928]
1909404	africa	[]
1911163	young-adult	[71867, 8951555]
1912546	young-adult	[]
1913358	young-adult	[]
1924015	young-adult	[2641860, 6096041, 8137384, 1301153]
1924385	young-adult	[439264, 93725, 93731, 2024940]
1924390	young-adult	[207682]
1924394	young-adult	[969429, 5807250]
1926122	chick-lit	[]
1927039	fantasy	[933966, 289695, 2801635]
1927264	fantasy	[]
1928354	horror	[53168, 7761069]
1928385	horror	[3214063, 11238431, 164721]
1930994	young-adult	[131844]
1931915	young-adult	[]
1932042	fantasy	[7687477, 13451208]
1932898	young-adult	[256476]
1936318	adventure	[]
1938128	young-adult	[6742585]
1938245	young-adult	[11734177]
1942637	fantasy	[511926, 91836]
1943810	young-adult	[17162, 415001]
1953730	young-adult	[1694459, 488394]
1961367	young-adult	[1911163, 71867, 8951555]
1961368	young-adult	[3223049, 71866]
1963302	young-adult	[]
1965906	young-adult	[]
1965908	young-adult	[15746426, 17878533]
1970520	young-adult	[]
1971504	dystopia	[6772134]
1971579	uma-aventura	[]
1971586	uma-aventura	[]
1971599	uma-aventura	[]
1971720	young-adult	[10245912]
1980343	young-adult	[]
1980344	young-adult	[]
1981340	young-adult	[9696853]
1982076	young-adult	[]
1982360	young-adult	[7986524]
1985764	fantasy	[872761]
1987804	young-adult	[1372172, 82783, 22473277, 1346345]
1995100	fantasy	[4872295]
1997400	fantasy	[428300]
1998213	young-adult	[1128848]
2005138	young-adult	[]
2009135	young-adult	[25801356, 568609, 2997545]
2010353	childhood	[]
2010572	young-adult	[82553, 1965908, 15746426, 17878533]
2010574	young-adult	[71870, 13597891, 15746382, 16619759]
2011139	young-adult	[37240, 23168828]
2019102	teenlit	[]
2020935	young-adult	[]
2023182	young-adult	[137972, 12745818]
2024940	young-adult	[]
2025787	cherub	[]
2029615	science-fiction	[24899, 762186]
2040160	young-adult	[]
2041234	romance	[3077022]
2043256	fantasy	[]
2051840	vampires	[2096492, 6460577, 10148413]
2051991	young-adult	[6315353, 71863]
2068670	young-adult	[2475138]
2068673	young-adult	[]
2071716	science-fiction	[3547080, 1003985]
2075603	young-adult	[8601327, 10812458, 11197293, 20620056, 12403797]
2082405	young-adult	[]
2089846	young-adult	[266689]
2093625	paranormal	[]
2096414	fantasy	[]
2096492	vampires	[6460577, 10148413]
2098402	young-adult	[451152, 588361]
2101984	chick-lit	[7478652, 11138737]
2103183	young-adult	[]
2103410	young-adult	[9772513, 28104]
2104040	christian	[12134235]
2105403	young-adult	[11861013, 13247802]
2105405	young-adult	[13624378, 4639549]
2106312	realistic-fiction	[]
2107805	fantasy	[17969786, 8618207, 601719]
2110849	young-adult	[]
2112755	young-adult	[]
2113031	horror	[]
2113443	young-adult	[10318672]
2114478	horror	[]
2114565	fantasy	[9169486]
2118745	young-adult	[6460819, 6043848, 7082975, 6514178, 8505011, 13793395, 20758104, 3167229]
2120932	fantasy	[1822612, 5602751, 5169728, 8130423, 11332415, 9483974, 15722739, 8267056, 18463652, 7852774, 19616454, 22096570]
2122956	mystery	[82781]
2123645	fantasy	[]
2123654	young-adult	[2198718, 332572, 2650712, 4852379, 6574814, 6260801, 3358608, 8391794, 18970951, 8520805]
2124424	young-adult	[]
2125043	humor	[]
2129824	young-adult	[]
2130323	fantasy	[8569233, 4259870]
2135550	young-adult	[]
2143857	young-adult	[]
2149385	young-adult	[12449220]
2149386	romance	[]
2149387	romance	[]
2149388	young-adult	[]
2153427	fantasy	[]
2157198	christian	[22596495]
2157372	young-adult	[7102851]
2158604	young-adult	[7891320, 6347386, 6949153]
2158605	cherub	[655601]
2158606	cherub	[]
2160996	religion	[182246]
2164409	horror	[2169314, 588707]
2167829	fantasy	[]
2169313	horror	[]
2169314	horror	[588707]
2169506	young-adult	[7024174, 9478415, 8203319, 10518197]
2174481	young-adult	[1897567]
2175148	fantasy	[95913, 23309579]
2175645	young-adult	[9520776, 6443784, 6069648]
2175650	young-adult	[2698409, 295741, 2395030]
2176084	young-adult	[]
2178024	young-adult	[925726, 587311, 6613066, 17612972, 210329, 311479]
2179166	lupus	[]
2180887	young-adult	[1382964]
2183535	young-adult	[6215701]
2184531	christian-fiction	[291446]
2185361	young-adult	[8123088, 8577924, 162089]
2193329	science-fiction	[]
2196178	young-adult	[]
2197030	young-adult	[907988, 77100]
2198718	young-adult	[332572, 2650712, 4852379, 6574814, 6260801, 3358608, 8391794, 18970951, 8520805]
2198719	young-adult	[2311682, 2326730, 1881429, 2243541, 6235034, 6573555]
2205215	young-adult	[]
2206960	young-adult	[]
2208767	fantasy	[]
2213324	young-adult	[6045284]
2213336	young-adult	[7085886]
2213621	historical-fiction	[306819]
2216617	young-adult	[]
2220833	french	[13285026]
2221882	young-adult	[851341, 94319, 7176548]
2225234	young-adult	[832144, 18119, 77473, 24963098, 563765]
2234551	young-adult	[272337]
2235597	young-adult	[]
2235598	young-adult	[2235597]
2239812	young-adult	[8652534, 11338268, 1554366]
2241059	young-adult	[]
2243541	young-adult	[6235034, 6573555]
2246833	young-adult	[6239000]
2251262	young-adult	[5986120]
2251669	young-adult	[4261279, 17334346, 119832]
2254009	young-adult	[5602488, 21882134, 126431, 22396330]
2255990	young-adult	[]
2256020	horror	[]
2258650	young-adult	[]
2258651	young-adult	[]
2258652	the-clique	[]
2258742	young-adult	[]
2261214	young-adult	[21394255, 10407121, 2938728, 18079910, 12029011, 7541858, 6999776, 6820997, 9782708, 9692831, 9025186, 16074780, 24885537, 26542880, 29356081]
2262218	young-adult	[]
2264743	mystery	[6394659]
2266021	fantasy	[8117665, 3018469, 3425375, 4883008, 6440860, 6706602, 8391824, 1162544]
2267287	v-c-andrews	[]
2272813	vampires	[8148761, 7805304, 18163848, 3770158, 11440584]
2273246	young-adult	[]
2273298	fear-street	[]
2274683	fantasy	[5171018, 13075856]
2279114	young-adult	[6089251]
2280551	romance	[]
2281052	fantasy	[]
2282133	young-adult	[8256764, 7006737, 6527741, 7542624, 6400755, 7476120, 11365045, 7742067, 10430014, 8269059, 8548449]
2283026	young-adult	[]
2295829	vampires	[7071531, 6238069]
2298960	mystery	[6042801]
2302479	fantasy	[6719875, 6604642, 688192, 10844278]
2304181	science-fiction	[]
2311681	young-adult	[871224, 5043803, 5999961, 5945479, 12626302]
2311682	young-adult	[2326730, 1881429, 2243541, 6235034, 6573555]
2321296	fantasy	[9727768, 5957312, 6586465, 8589955, 6401002]
2326730	young-adult	[1881429, 2243541, 6235034, 6573555]
2328522	heartland	[]
2328841	young-adult	[6381028, 7486180, 23112588]
2330711	fantasy	[2899121, 6767396, 4950376, 5889332]
2330877	young-adult	[7000625]
2333041	fantasy	[2565789, 3843456, 6782246]
2333389	young-adult	[21051725]
2342280	young-adult	[6693414]
2342943	young-adult	[6602314, 6453405, 12211735]
2347524	fantasy	[2680227, 23848533, 670339]
2349303	young-adult	[]
2349305	young-adult	[9588890]
2349310	young-adult	[9588863]
2349312	young-adult	[]
2349318	young-adult	[]
2356372	erotica	[6453078]
2359943	young-adult	[3224465]
2359945	young-adult	[]
2370123	young-adult	[]
2371491	fantasy	[]
2386539	horror	[5521749, 861539, 536906, 20173814]
2395030	young-adult	[]
2398496	young-adult	[]
2398497	young-adult	[]
2398528	young-adult	[]
2402971	fantasy	[8140429, 7019087, 6240811, 6441303]
2408364	fantasy	[156172]
2409958	young-adult	[]
2411725	mystery	[]
2414558	young-adult	[]
2415810	young-adult	[26531259, 1046362]
2416194	mystery	[]
2418113	young-adult	[862160, 7078091, 240136, 6875163, 2790831, 9370793, 6586540, 16078585, 13581049, 13086115]
2419450	fantasy	[]
2419621	young-adult	[]
2420340	fantasy	[]
2422837	young-adult	[]
2439543	young-adult	[]
2448800	young-adult	[8117666, 19742774, 1655536, 47926, 6367280]
2451160	young-adult	[]
2451604	young-adult	[]
2453148	young-adult	[]
2454533	young-adult	[]
2454534	young-adult	[]
2454881	young-adult	[]
2455194	fantasy	[861548, 8777595]
2455245	fantasy	[2892134, 9431289]
2456529	vampires	[]
2459454	young-adult	[7078607, 8123092]
2459598	young-adult	[]
2460633	young-adult	[]
2460766	young-adult	[]
2464878	young-adult	[7044598]
2466644	young-adult	[872658, 2359945]
2473476	young-adult	[6605470, 1735781]
2474204	vampires	[]
2474205	vampires	[]
2475138	young-adult	[]
2481289	young-adult	[253106, 11318585, 11514273]
2483910	young-adult	[8604304]
2488435	fantasy	[738754, 6991473, 17904454, 172257, 23890740]
2490879	young-adult	[1488544]
2493973	young-adult	[8123073, 2493975, 3416531]
2493974	young-adult	[2493973, 8123073, 2493975, 3416531]
2493975	young-adult	[3416531]
2497639	fantasy	[107664, 18470187, 1995100, 4872295]
2500997	young-adult	[13490987, 13577075]
2501000	young-adult	[]
2506250	vampires	[6620621, 8763350]
2507284	fantasy	[]
2507419	young-adult	[1214723]
2507560	fantasy	[]
2508164	paranormal	[6996253, 17337473]
2510021	fantasy	[489612]
2510765	young-adult	[]
2513286	young-adult	[7211634]
2513414	christian-fiction	[488981]
2516188	vampires	[6237445]
2519341	fantasy	[7969715, 7828784, 12550603, 11772902, 27670913]
2519342	young-adult	[12922289]
2521369	fantasy	[]
2530614	fantasy	[6347421]
2536134	young-adult	[6334889, 6473592, 13409955]
2543866	young-adult	[]
2544797	young-adult	[203437]
2544799	young-adult	[]
2557920	young-adult	[7169603, 9649388, 7306746, 10120539, 23589406, 15722012]
2564551	young-adult	[]
2564553	horror	[]
2564556	point-horror	[]
2564586	horror	[]
2564591	horror	[]
2564599	young-adult	[309062]
2565789	fantasy	[3843456, 6782246]
2571305	young-adult	[]
2578935	young-adult	[95908]
2591867	young-adult	[]
2592122	young-adult	[2258742]
2617075	young-adult	[298567, 4617371, 16088324, 6116440, 4779934, 11791890]
2619995	young-adult	[]
2638786	cherub	[]
2641860	young-adult	[6096041, 8137384, 1301153]
2645916	young-adult	[28105]
2650712	young-adult	[4852379, 6574814, 6260801, 3358608, 8391794, 18970951, 8520805]
2651439	m-m	[10503569]
2651907	young-adult	[893134, 19062, 16094401, 17307706, 18134519, 20620100, 23942249]
2655881	science-fiction	[5332742]
2660693	fantasy	[]
2662169	fantasy	[]
2680227	fantasy	[23848533, 670339]
2689941	fantasy	[3453374, 8334535, 179064, 444323]
2690808	young-adult	[]
2696181	young-adult	[6869090]
2698409	young-adult	[295741, 2395030]
2700825	young-adult	[]
2707486	young-adult	[]
2714740	young-adult	[522469]
2722413	young-adult	[5886744, 6676311, 10040716, 9558074]
2730022	james-patterson	[]
2731125	historical-fiction	[6588492, 6432677]
2734278	young-adult	[]
2737487	young-adult	[11447283]
2741766	young-adult	[]
2743301	teen	[]
2743505	vampire	[7219564, 1003320]
2748241	fantasy	[]
2753843	young-adult	[5280597, 6908392]
2761829	young-adult	[2802793, 13569788, 10192790, 11850909]
2761854	young-adult	[]
2762743	fantasy	[]
2767052	young-adult	[3544003, 6053292, 12091570, 6490389, 13417580, 6902967, 15717791, 9156663, 13319603, 7285601, 10857048, 12187803, 12885649, 13616052, 13562614, 13562963, 18626858]
2774861	young-adult	[24837093]
2781691	young-adult	[]
2787753	young-adult	[]
2790831	young-adult	[9370793, 6586540, 16078585, 13581049, 13086115]
2791536	young-adult	[6664666, 7713774, 9918093]
2800405	fantasy	[]
2800905	young-adult	[3675093, 10138088, 7810517, 8321433, 8238189, 10592948, 9776328]
2801635	fantasy	[]
2802316	young-adult	[]
2802793	young-adult	[13569788, 10192790, 11850909]
2812651	science-fiction	[]
2813153	realistic-fiction	[]
2815910	young-adult	[]
2818242	young-adult	[]
2820533	young-adult	[6249761]
2842796	vampires	[]
2849780	young-adult	[]
2856830	young-adult	[]
2862247	horror	[1263346, 12905451]
2864158	young-adult	[1504222]
2865290	fantasy	[]
2866413	fantasy	[6494926]
2866718	young-adult	[6378455, 7944994]
2870109	fear-street	[176249]
2870616	horror	[]
2873356	fantasy	[]
2874429	romance	[]
2875036	young-adult	[]
2876228	young-adult	[10088391]
2878668	fantasy	[]
2882717	young-adult	[]
2882778	young-adult	[]
2883281	young-adult	[]
2887953	historical-fiction	[2731125, 6588492, 6432677]
2888213	fantasy	[]
2890128	young-adult	[]
2891264	fantasy	[]
2892134	fantasy	[9431289]
2892985	young-adult	[]
2899121	fantasy	[6767396, 4950376, 5889332]
2904036	young-adult	[]
2904362	young-adult	[]
2914097	young-adult	[]
2922151	horror	[158341, 18899066]
2924272	v-c-andrews	[]
2930734	young-adult	[394749]
2930735	young-adult	[]
2931669	romance	[]
2938728	young-adult	[18079910, 12029011, 7541858, 6999776, 6820997, 9782708, 9692831, 9025186, 16074780, 24885537, 26542880, 29356081]
2943733	young-adult	[]
2945431	young-adult	[]
2945475	young-adult	[]
2945911	young-adult	[]
2951911	young-adult	[]
2954411	young-adult	[]
2957010	young-adult	[]
2961992	young-adult	[]
2964700	fantasy	[13414453]
2969219	fantasy	[6578725]
2970898	young-adult	[]
2973754	fantasy	[7653396, 492486, 8236823]
2974811	fantasy	[7687322, 30312684]
2974906	mystery	[]
2979661	fantasy	[7902204]
2985500	young-adult	[]
2985546	mystery	[]
2986865	fantasy	[6634765, 6945767, 12107847, 13565222, 7261699]
2990524	young-adult	[]
2997545	young-adult	[]
2998814	young-adult	[7278085, 6744417, 7095420]
3000714	quebecois	[]
3001956	v-c-andrews	[]
3002314	young-adult	[]
3002368	fantasy	[]
3011113	fantasy	[5997799, 8236826]
3017396	young-adult	[]
3017901	young-adult	[19386875]
3018469	fantasy	[3425375, 4883008, 6440860, 6706602, 8391824, 1162544]
3018470	fantasy	[2266021, 8117665, 3018469, 3425375, 4883008, 6440860, 6706602, 8391824, 1162544]
3019958	young-adult	[6584124]
3020052	young-adult	[]
3025275	young-adult	[]
3025321	young-adult	[2246833, 6239000]
3026012	fantasy	[]
3029879	horror	[6017589]
3039305	dystopian	[6439287, 16149509]
3042227	fantasy	[10340630, 8518051]
3047848	young-adult	[6423147, 7644003, 6423148, 9542046, 11211912, 20442190]
3047849	pretty-little-liars	[8123095, 5169623, 6515380, 19480550]
3047850	pretty-little-liars	[5169624, 8123097, 13507622]
3047851	pll	[8379643, 6423149]
3048530	young-adult	[15701845]
3051743	young-adult	[]
3054684	vampires	[8486632, 6484204]
3058028	young-adult	[]
3060415	young-adult	[]
3064985	fantasy	[]
3065773	fantasy	[]
3067116	young-adult	[]
3067635	v-c-andrews	[13258292]
3077022	romance	[]
3079310	young-adult	[291895]
3090465	fantasy	[2888213]
3093025	young-adult	[9692996]
3093027	young-adult	[]
3095150	young-adult	[85989]
3097601	young-adult	[]
3099780	young-adult	[6882494, 12608046]
3099787	young-adult	[]
3112309	young-adult	[]
3112806	young-adult	[]
3112824	fantasy	[6515251, 11167095, 25928543]
3112850	fantasy	[8776757]
3118441	young-adult	[14332236]
3118442	young-adult	[]
3125008	zombies	[13501083]
3134297	young-adult	[]
3134824	young-adult	[13130280, 15870690, 20576895, 6738968]
3140468	young-adult	[1234975, 331877]
3142268	chick-lit	[1603066, 1926122]
3145113	young-adult	[]
3154267	young-adult	[1897096]
3157877	young-adult	[]
3165049	young-adult	[]
3167229	young-adult	[]
3167793	young-adult	[]
3167794	french	[]
3167798	young-adult	[10442000]
3167799	français	[]
3168250	young-adult	[]
3173559	young-adult	[3933078, 6640274]
3182593	horror	[2169313]
3188580	young-adult	[]
3189901	young-adult	[]
3197358	young-adult	[8265155]
3198692	young-adult	[]
3200590	poetry	[108175]
3200792	horror	[9396089, 89791]
3205153	vampires	[6465789, 11379284]
3212657	romance	[23009579]
3213286	christmas	[]
3214063	horror	[11238431, 164721]
3217299	dystopian	[11254066, 16149500, 1685449]
3218045	young-adult	[]
3218335	young-adult	[8041361, 59264]
3218903	young-adult	[20342723]
3222035	young-adult	[]
3223049	young-adult	[71866]
3224465	young-adult	[]
3226936	v-c-andrews	[2924272]
3229373	fantasy	[8398780, 6443015, 4062214, 7756722, 25560251, 24885524, 29356121]
3229394	young-adult	[]
3230873	young-adult	[2105405, 13624378, 4639549]
3231300	young-adult	[9720023, 17302117]
3232072	young-adult	[595405, 10334017, 8300878]
3233381	young-adult	[]
3233803	fantasy	[]
3236307	fantasy	[5581455, 5099602, 6043856, 6619797, 6250210, 10053149, 6114777, 7953555, 8967378]
3236549	young-adult	[21446, 11223346]
3238153	young-adult	[]
3240515	young-adult	[23489098]
3245580	young-adult	[851344, 9121117, 175004]
3249090	nancy-drew	[]
3249138	camp-confidential	[]
3255220	steampunk	[428036, 887487]
3262343	camp-confidential	[]
3263858	young-adult	[69322]
3279412	young-adult	[3421362]
3281025	young-adult	[]
3290542	fantasy	[]
3304393	young-adult	[12060500, 9886738]
3312252	young-adult	[16074977]
3316010	fantasy	[12384973]
3322111	fantasy	[6449920]
3325931	young-adult	[]
3326897	to-buy	[]
3327325	contemporary	[]
3327345	young-adult	[]
3330058	young-adult	[6991122, 270805]
3334563	young-adult	[23299007]
3343550	lgbt	[]
3347895	historical-fiction	[2887953, 2731125, 6588492, 6432677]
3347909	historical-fiction	[3347895, 2887953, 2731125, 6588492, 6432677]
3353098	steampunk	[585261]
3358608	young-adult	[8391794, 18970951, 8520805]
3365630	vampires	[]
3371584	young-adult	[8323629]
3374819	horror	[]
3378137	the-clique	[]
3378436	young-adult	[]
3379051	fantasy	[]
3389671	vampires	[6906467, 6564075, 9364808, 9211862, 8621476, 7699119]
3392285	young-adult	[]
3392571	young-adult	[]
3393124	young-adult	[7061734, 5601088, 8565594, 6660491, 10127308, 6235397]
3400744	young-adult	[6346406]
3402824	sweet-valley-high	[]
3407675	romance	[7951843]
3407703	steampunk	[3952195, 10228967, 6871121]
3408052	vampires	[6538753, 7734470, 11931988, 7103421, 29359053, 293970]
3408290	young-adult	[]
3416531	young-adult	[]
3417919	young-adult	[]
3421362	young-adult	[]
3422799	fantasy	[1279889]
3423630	young-adult	[]
3424418	young-adult	[6657404, 17402605, 13408919, 3168250]
3425375	fantasy	[4883008, 6440860, 6706602, 8391824, 1162544]
3432478	young-adult	[6518042, 6595466, 8869643, 7971339, 13052310, 13576376, 6468718]
3440650	magic	[]
3442381	young-adult	[]
3453374	fantasy	[8334535, 179064, 444323]
3462638	fantasy	[6691056, 12517748, 17206162, 18946055, 23609791, 7003332, 28685408]
3474186	young-adult	[5820680, 6567373, 6117064, 10202332]
3486115	maya-banks	[6147542]
3492988	young-adult	[1226951, 1042542, 13345, 2254009, 5602488, 21882134, 126431, 22396330]
3521484	young-adult	[]
3528744	mystery	[]
3544003	young-adult	[6053292, 12091570, 6490389, 13417580, 6902967, 15717791, 9156663, 13319603, 7285601, 10857048, 12187803, 12885649, 13616052, 13562614, 13562963, 18626858]
3544774	young-adult	[]
3547080	science-fiction	[1003985]
3550861	fantasy	[5121033, 10611636, 5211535, 7112492, 4045691]
3551707	young-adult	[]
3554429	young-adult	[3554430]
3554430	young-adult	[]
3558003	vampires	[6325184, 6394410, 16097239]
3566566	young-adult	[]
3567200	young-adult	[6637688, 9914850, 9001257, 9434460]
3575676	young-adult	[]
3592972	young-adult	[18692391, 19035050]
3594210	young-adult	[6609769, 8605496]
3599149	mystery	[]
3599928	young-adult	[7162519]
3607394	young-adult	[]
3607543	fantasy	[7687527]
3609760	vampires	[]
3609763	vampires	[9784709, 15788114]
3613292	young-adult	[]
3629872	fantasy	[1338404, 6594604, 3550861, 5121033, 10611636, 5211535, 7112492, 4045691]
3649147	fantasy	[3112824, 6515251, 11167095, 25928543]
3657138	young-adult	[6993025, 13412798, 11156140, 16177503, 6453293]
3664164	young-adult	[]
3665811	young-adult	[]
3675093	young-adult	[10138088, 7810517, 8321433, 8238189, 10592948, 9776328]
3675644	fantasy	[]
3678651	young-adult	[16067444, 9010058, 7058022, 8386030, 9196523]
3684789	v-c-andrews	[6085615]
3697927	fantasy	[10714386, 7151460]
3698272	young-adult	[112628]
3700085	realistic-fiction	[]
3707034	m-m	[7571045, 19206950, 20614987]
3751844	young-adult	[]
3762130	young-adult	[2815910]
3770158	vampires	[11440584]
3774819	young-adult	[2185361, 8123088, 8577924, 162089]
3777732	fantasy	[]
3779602	young-adult	[455670, 11595484]
3785250	fantasy	[]
3788161	fantasy	[18366041]
3796658	fantasy	[1001976]
3798703	young-adult	[]
3798711	fantasy	[7013341, 10380319, 7099399, 10145929, 7943939, 3064985]
3800239	romance	[]
3814046	young-adult	[]
3815319	young-adult	[]
3817732	young-adult	[298568, 6929461, 11791885, 18457324, 1637454]
3817859	fantasy	[]
3831768	young-adult	[7532808]
3843456	fantasy	[6782246]
3843933	young-adult	[3843934]
3843934	young-adult	[]
3867539	young-adult	[87573]
3868263	dystopia	[6372722]
3873356	fantasy	[]
3874811	young-adult	[]
3933078	young-adult	[6640274]
3934321	vampires	[7313944, 7007788, 6547560, 7453151, 8403747]
3942410	fantasy	[]
3952195	steampunk	[10228967, 6871121]
3965854	young-adult	[]
3975774	young-adult	[7103420]
3981793	young-adult	[295651]
3986864	young-adult	[]
3995158	young-adult	[10141824]
3996887	young-adult	[]
3997399	young-adult	[]
4002159	young-adult	[]
4008201	fantasy	[18273396, 153792, 1103255]
4031386	mystery	[]
4033872	pretty-little-liars	[8117276, 15994223, 1537534]
4033957	young-adult	[6263677]
4045691	fantasy	[]
4052117	young-adult	[]
4056457	urban	[]
4062214	fantasy	[7756722, 25560251, 24885524, 29356121]
4065912	christian	[]
4070493	young-adult	[6815247]
4110127	robin-jones-gunn	[]
4134071	young-adult	[]
4138306	young-adult	[]
4161331	young-adult	[]
4183322	erotica	[]
4183347	maya-banks	[6147551]
4184610	young-adult	[592089]
4223020	young-adult	[]
4259870	fantasy	[]
4261279	young-adult	[17334346, 119832]
4268157	romance	[8392787, 4268158, 7722903, 8196064, 10429018, 13294116, 22548197, 28008718, 18216844]
4268158	romance	[7722903, 8196064, 10429018, 13294116, 22548197, 28008718, 18216844]
4283937	young-adult	[563012, 2198719, 2311682, 2326730, 1881429, 2243541, 6235034, 6573555]
4285500	mystery	[6962592]
4285906	young-adult	[]
4286100	young-adult	[]
4327066	young-adult	[]
4331082	young-adult	[]
4335405	biography	[]
4346365	fantasy	[]
4371521	fantasy	[7249944]
4374400	young-adult	[]
4412358	young-adult	[6261183]
4472365	young-adult	[7163365]
4499214	fantasy	[9668171, 7743782, 13389135, 15737959, 17345763, 10034291]
4502507	fantasy	[8491983, 6948214, 11454598, 18463661, 22456292, 7941797]
4502877	young-adult	[]
4505117	young-adult	[]
4521659	fantasy	[8696992, 13071174, 5983175, 3303, 16529, 16533, 6294280]
4533311	young-adult	[8595102]
4556058	fantasy	[7519508, 6218095, 4502507, 8491983, 6948214, 11454598, 18463661, 22456292, 7941797]
4567054	young-adult	[9479671, 16614760, 493456, 959322, 12244867]
4569262	young-adult	[378336]
4570679	young-adult	[]
4570768	young-adult	[]
4588949	fantasy	[8140426, 7019086, 7725226, 9379577, 7847051, 7363955]
4609668	young-adult	[7483067, 9261004, 10775740]
4613633	fantasy	[3304, 23516045, 7120584, 13179413, 67660]
4613709	fantasy	[149169, 837674, 4613633, 3304, 23516045, 7120584, 13179413, 67660]
4615009	young-adult	[]
4617371	young-adult	[16088324, 6116440, 4779934, 11791890]
4630239	young-adult	[]
4633273	horror	[8042277, 10747195]
4633299	young-adult	[]
4634352	young-adult	[15770821]
4639549	young-adult	[]
4639576	young-adult	[714902, 6993182, 17426228, 5984090]
4641538	christian	[]
4641540	christian	[]
4646187	young-adult	[]
4656655	lds-fiction	[]
4706087	young-adult	[]
4710438	young-adult	[]
4725929	young-adult	[23900737, 479471]
4736889	fantasy	[7314688]
4737642	young-adult	[6908393, 10393673]
4756918	young-adult	[]
4758093	young-adult	[6581271]
4760028	eating-disorders	[23787882]
4779934	young-adult	[11791890]
4785705	asma-nadia	[]
4789060	young-adult	[6676284, 15801339, 270730]
4800727	buffy	[]
4800764	erotica	[6593416]
4810991	young-adult	[]
4823892	young-adult	[1369191]
4836077	young-adult	[]
4837032	science-fiction	[]
4837112	rick-riordan	[]
4852379	young-adult	[6574814, 6260801, 3358608, 8391794, 18970951, 8520805]
4872295	fantasy	[]
4872348	young-adult	[8476360, 3157877]
4883008	fantasy	[6440860, 6706602, 8391824, 1162544]
4885565	mystery	[13518984]
4915420	horror	[]
4927729	young-adult	[]
4932435	fantasy	[6719736, 8757361, 10636358, 13385700]
4935015	young-adult	[7864323, 13062911]
4935016	young-adult	[4935015, 7864323, 13062911]
4936618	young-adult	[7271587, 7083305]
4949140	fantasy	[]
4950376	fantasy	[5889332]
4954543	dystopia	[]
4955889	eric-walters	[]
4962578	christian	[]
4990871	fantasy	[]
4991818	young-adult	[6000561]
5043803	young-adult	[5999961, 5945479, 12626302]
5047880	young-adult	[6572023, 12770460, 7549252, 22858056]
5056084	fantasy	[6438218, 6458085, 8240182, 7876543, 8249150, 6474771]
5058029	paranormal	[6634401, 16132445, 9250968]
5081991	young-adult	[9653641, 6684263]
5083281	young-adult	[6710640, 11751116]
5099602	fantasy	[6043856, 6619797, 6250210, 10053149, 6114777, 7953555, 8967378]
5111039	vampires	[]
5121033	fantasy	[10611636, 5211535, 7112492, 4045691]
5126954	young-adult	[6316631]
5135798	young-adult	[6450278, 6658451]
5139556	young-adult	[]
5152478	young-adult	[]
5152561	young-adult	[6432984]
5168517	young-adult	[]
5169623	pretty-little-liars	[6515380, 19480550]
5169624	pretty-little-liars	[8123097, 13507622]
5169728	fantasy	[8130423, 11332415, 9483974, 15722739, 8267056, 18463652, 7852774, 19616454, 22096570]
5170850	young-adult	[7295260, 8061183]
5171018	fantasy	[13075856]
5204284	young-adult	[16373608, 8214693, 6529027, 6937681, 30183]
5211535	fantasy	[7112492, 4045691]
5212771	vampires	[6588896, 6690965, 6420988]
5231173	young-adult	[]
5266655	young-adult	[7890026]
5266667	fantasy	[]
5266733	vampires	[6484999, 7848975, 7089344]
5267365	young-adult	[6543080, 8546095]
5271066	fantasy	[]
5280587	vampires	[]
5280597	young-adult	[6908392]
5285800	dystopian	[3039305, 6439287, 16149509]
5287473	young-adult	[8416819, 9581446, 8475747, 10844771, 17335755, 17232717, 8416817]
5291841	the-clique	[]
5300378	sci-fi	[20587108]
5302050	young-adult	[5871132]
5303373	young-adult	[]
5332742	science-fiction	[]
5350716	fantasy	[1162543, 3018470, 2266021, 8117665, 3018469, 3425375, 4883008, 6440860, 6706602, 8391824, 1162544]
5355769	young-adult	[7663202]
5391115	young-adult	[7842875, 6327164, 5597552, 7972527]
5455873	young-adult	[15782061, 8069602]
5489683	vampires	[]
5495243	fantasy	[]
5505135	fantasy	[6943071, 16177838, 16177416]
5510265	young-adult	[]
5510384	young-adult	[11339141]
5521749	horror	[861539, 536906, 20173814]
5528780	young-adult	[]
5530930	young-adult	[]
5550882	fantasy	[6532479]
5552092	steampunk	[7235100, 21416910, 8500544]
5562484	young-adult	[10411356]
5565875	young-adult	[7541557]
5575916	young-adult	[6395291]
5577995	fantasy	[7245960]
5581455	fantasy	[5099602, 6043856, 6619797, 6250210, 10053149, 6114777, 7953555, 8967378]
5582235	young-adult	[6621100]
5597552	young-adult	[7972527]
5601088	young-adult	[8565594, 6660491, 10127308, 6235397]
5602488	young-adult	[21882134, 126431, 22396330]
5602550	young-adult	[536285, 307791, 1443871, 1110881, 721419, 2279114, 6089251]
5602751	fantasy	[5169728, 8130423, 11332415, 9483974, 15722739, 8267056, 18463652, 7852774, 19616454, 22096570]
5602828	young-adult	[6304604]
5603651	young-adult	[]
5607787	fantasy	[6344666, 9692830, 7876139, 8432018, 10126657, 16172431, 20914274, 24885531, 29356118, 3777732]
5633958	young-adult	[8703185, 8152409, 25552211]
5644886	young-adult	[]
5645639	young-adult	[]
5657619	young-adult	[12884907, 683406]
5664985	young-adult	[]
5669965	young-adult	[]
5711724	young-adult	[]
5717839	young-adult	[]
5742272	realistic-fiction	[7915168]
5762579	young-adult	[4567054, 9479671, 16614760, 493456, 959322, 12244867]
5778773	werewolves	[6741609]
5779306	realistic-fiction	[]
5786888	young-adult	[]
5792404	mystery	[]
5806303	young-adult	[]
5807250	young-adult	[]
5819551	young-adult	[]
5820680	young-adult	[6567373, 6117064, 10202332]
5821978	young-adult	[6584189, 7956260, 10101548, 9861596, 11114701, 14623961, 22040968, 29915951]
5843145	young-adult	[]
5843255	young-adult	[590126, 13513454]
5848407	young-adult	[6586410]
5871132	young-adult	[]
5886744	young-adult	[6676311, 10040716, 9558074]
5889332	fantasy	[]
5892240	fantasy	[]
5894600	james-patterson	[]
5897886	horror	[234942, 31228943]
5927441	young-adult	[]
5927462	mythology	[]
5927499	young-adult	[]
5927554	young-adult	[9918102]
5934174	read-in-2014	[8130870, 6527739, 11982788, 9720077, 7227564, 7047941, 10699613, 18660669, 345627, 31126769, 19053383]
5941233	thirst	[]
5945479	young-adult	[12626302]
5945894	young-adult	[]
5953317	science-fiction	[4837032]
5955666	fantasy	[]
5955737	mystery	[1022736, 2122956, 82781]
5957312	fantasy	[6586465, 8589955, 6401002]
5957314	young-adult	[9727762, 6368607, 5152561, 6432984]
5962744	fantasy	[]
5969993	young-adult	[]
5973767	young-adult	[]
5974509	young-adult	[8199442]
5981496	fantasy	[]
5982447	young-adult	[]
5983154	fantasy	[67661, 9657852, 4613709, 149169, 837674, 4613633, 3304, 23516045, 7120584, 13179413, 67660]
5983175	fantasy	[3303, 16529, 16533, 6294280]
5983176	fantasy	[1316409, 837665, 3298, 6363848, 16526, 1574651, 17377402]
5984090	young-adult	[]
5985405	fantasy	[2455245, 2892134, 9431289]
5985406	fantasy	[8967]
5985683	fantasy	[]
5986120	young-adult	[]
5986419	young-adult	[4002159]
5986567	christian-fiction	[8516245]
5989059	young-adult	[]
5990128	young-adult	[]
5995898	young-adult	[]
5995900	young-adult	[]
5996153	young-adult	[6754536]
5996357	teenlit	[]
5997608	young-adult	[]
5997799	fantasy	[8236826]
5999817	young-adult	[]
5999961	young-adult	[5945479, 12626302]
6000561	young-adult	[]
6001758	fantasy	[6250211, 8205523, 6250212, 8389035, 9277751, 6137154, 7069533]
6002005	young-adult	[7891269]
6002153	fantasy	[7244911]
6005277	chick-lit	[8627000, 7525782]
6011147	vampires	[]
6011758	paranormal	[10699517]
6013342	vampires	[13180930]
6013686	young-adult	[]
6013688	young-adult	[]
6015504	français	[]
6015837	young-adult	[11834509, 14759307]
6017589	horror	[]
6017906	young-adult	[]
6018283	paranormal	[]
6018308	young-adult	[]
6024637	سافاري	[]
6033321	young-adult	[6425505, 8215045, 8118140, 8341522, 2866718, 6378455, 7944994]
6037919	young-adult	[]
6042801	mystery	[]
6043848	young-adult	[7082975, 6514178, 8505011, 13793395, 20758104, 3167229]
6043849	young-adult	[6276045, 7003779, 7849503, 9557505, 9475894, 13083068, 17702716, 18757458, 20758103]
6043856	fantasy	[6619797, 6250210, 10053149, 6114777, 7953555, 8967378]
6045284	young-adult	[]
6050165	young-adult	[13624375, 2105403, 11861013, 13247802]
6050678	steampunk	[]
6051018	turkish-literature	[]
6051589	vampires	[]
6053265	young-adult	[8043762, 17559897, 6420846]
6053292	young-adult	[12091570, 6490389, 13417580, 6902967, 15717791, 9156663, 13319603, 7285601, 10857048, 12187803, 12885649, 13616052, 13562614, 13562963, 18626858]
6055694	fantasy	[7163476]
6056091	young-adult	[6178576, 292110]
6056530	christian-fiction	[]
6058249	maya-banks	[23009578]
6058551	young-adult	[]
6058626	fantasy	[2347524, 2680227, 23848533, 670339]
6062021	young-adult	[16134287]
6062032	fantasy	[]
6062049	young-adult	[27964179, 14760450, 16180066, 18274105, 18400659]
6062267	young-adult	[]
6069648	young-adult	[]
6070065	young-adult	[6726735]
6074755	young-adult	[207034]
6076413	fantasy	[7857557, 9873630, 16032010, 8129970, 9518237]
6082128	fantasy	[]
6084399	young-adult	[11224227]
6084403	young-adult	[]
6085615	v-c-andrews	[]
6089251	young-adult	[]
6096041	young-adult	[8137384, 1301153]
6096507	young-adult	[8468228, 552889, 71629, 21800998]
6097180	fantasy	[6240917, 7662477, 11791903]
6100204	young-adult	[8294905]
6101733	realistic-fiction	[]
6106296	young-adult	[]
6114777	fantasy	[7953555, 8967378]
6116440	young-adult	[4779934, 11791890]
6117064	young-adult	[10202332]
6120544	science-fiction	[]
6122100	young-adult	[]
6122545	maya-banks	[]
6124802	fantasy	[22694777, 18906460]
6125548	young-adult	[170529, 65067, 9436534, 9509298]
6131164	fantasy	[15719896, 15746527, 17665849, 15801173, 17245747, 17670710, 18274270, 18335634, 18456483, 17949499, 18777374, 18661775, 18300072, 25662401, 18486478, 21972742, 24201318, 24885506, 31946400]
6134776	young-adult	[6609758, 7951387, 8200473, 13003205, 17564568, 8976759]
6134826	young-adult	[7561881, 7230041, 6818083, 9270518, 10081477]
6137154	fantasy	[7069533]
6138539	young-adult	[6609847]
6139554	young-adult	[]
6146985	young-adult	[]
6147366	horror	[6440654]
6147542	maya-banks	[]
6147544	romance	[25563870]
6147551	maya-banks	[]
6148028	young-adult	[6472227, 6405758, 12042324, 8376549, 15784168, 8574414, 17233160, 7776692, 8423493, 9312497, 13577338, 12510082, 16280929]
6150295	romance	[]
6167576	v-c-andrews	[]
6167746	young-adult	[]
6171732	angels	[]
6171892	science-fiction	[]
6172696	young-adult	[]
6172793	science-fiction	[]
6178065	vampires	[6984608]
6178354	fantasy	[7804936]
6178576	young-adult	[292110]
6186357	young-adult	[8044584, 7805064, 9730370, 10059238, 11884401, 20652376, 21547975, 20957276, 18077840, 23388663, 25719310]
6192722	vampires	[6978211]
6192725	vampires	[3365630]
6192867	young-adult	[8474545, 352428]
6215701	young-adult	[]
6216670	young-adult	[]
6217361	young-adult	[]
6218095	fantasy	[4502507, 8491983, 6948214, 11454598, 18463661, 22456292, 7941797]
6223474	young-adult	[]
6234910	steampunk	[]
6235034	young-adult	[6573555]
6235397	young-adult	[]
6237388	young-adult	[]
6237390	young-adult	[333917]
6237445	vampires	[]
6237452	young-adult	[333935]
6238069	vampires	[]
6239000	young-adult	[]
6240811	fantasy	[6441303]
6240917	fantasy	[7662477, 11791903]
6249531	young-adult	[2234551, 272337]
6249550	mystery	[7372507]
6249761	young-adult	[]
6250210	fantasy	[10053149, 6114777, 7953555, 8967378]
6250211	fantasy	[8205523, 6250212, 8389035, 9277751, 6137154, 7069533]
6250212	fantasy	[8389035, 9277751, 6137154, 7069533]
6251070	nonfiction	[]
6251486	young-adult	[8130012, 10569435, 11387534, 4927729]
6256451	young-adult	[20243078, 955157, 828623]
6260801	young-adult	[3358608, 8391794, 18970951, 8520805]
6261023	vampires	[13575731]
6261051	young-adult	[]
6261081	young-adult	[10045810]
6261097	steampunk	[]
6261122	young-adult	[9428330]
6261174	young-adult	[7572383]
6261183	young-adult	[]
6261522	young-adult	[]
6262365	vampires	[6328515, 9543475, 10292193, 13280426, 18685259, 6377359, 8030167]
6263677	young-adult	[]
6265313	christian	[]
6267237	vampires	[7183456, 7192791, 6906248, 7851921]
6270483	young-adult	[]
6274251	young-adult	[6470568, 6989960, 8749430, 9637528, 8716878, 4134071]
6275767	science-fiction	[]
6275885	christian	[]
6275962	young-adult	[1029083, 41865, 2311681, 871224, 5043803, 5999961, 5945479, 12626302]
6276045	young-adult	[7003779, 7849503, 9557505, 9475894, 13083068, 17702716, 18757458, 20758103]
6277640	young-adult	[9874603]
6277665	young-adult	[6573776, 8511041, 6954142, 9587707, 1216144]
6277667	vampires	[8723751, 1216147]
6280121	young-adult	[7634963, 8118141, 7933620, 18232217, 1326258]
6282699	vampires	[6700360, 16173937, 11292997]
6283466	young-adult	[24766, 6712317, 7289879, 590128, 9842956]
6288121	young-adult	[]
6289558	fantasy	[]
6289599	fantasy	[6609625, 16284914]
6289938	vampires	[6670348]
6294090	young-adult	[5170850, 7295260, 8061183]
6294135	young-adult	[9401662]
6294280	fantasy	[]
6295148	paranormal	[]
6295734	young-adult	[]
6296169	erotica	[]
6296170	romance	[]
6296257	young-adult	[]
6297248	young-adult	[]
6297286	young-adult	[]
6297388	young-adult	[]
6300287	young-adult	[7963752, 3188580]
6301671	young-adult	[]
6303855	young-adult	[6303856]
6303856	young-adult	[]
6303859	horror	[]
6304335	young-adult	[7428882, 7148738, 6391211, 14870418, 8008609, 8845893, 7953186, 11420684, 12368167, 15789722, 17280346, 17382168]
6304604	young-adult	[]
6311064	fantasy	[]
6314327	young-adult	[]
6315353	young-adult	[71863]
6315602	young-adult	[8139268, 8164526, 12685000, 10418273]
6316125	fantasy	[9578717, 6623580, 7844256, 9464425]
6316126	fantasy	[6316125, 9578717, 6623580, 7844256, 9464425]
6316171	young-adult	[]
6316631	young-adult	[]
6317932	young-adult	[7098557]
6318035	young-adult	[7376680]
6318426	young-adult	[8488054]
6319120	vampires	[]
6319176	young-adult	[6319177, 15720411, 12893600]
6319177	young-adult	[15720411, 12893600]
6319969	young-adult	[6571974, 6062049, 27964179, 14760450, 16180066, 18274105, 18400659]
6321718	young-adult	[]
6322323	young-adult	[8388839]
6322378	young-adult	[]
6322885	steampunk	[12458038]
6325184	vampires	[6394410, 16097239]
6325285	fantasy	[11833860, 8835379, 11531817, 11306615, 27805717, 18046859, 12358349]
6327164	young-adult	[5597552, 7972527]
6328515	vampires	[9543475, 10292193, 13280426, 18685259, 6377359, 8030167]
6329443	v-c-andrews	[]
6332306	classics	[]
6332968	malay	[]
6333646	james-potter	[]
6334889	young-adult	[6473592, 13409955]
6338123	werewolves	[]
6338619	young-adult	[]
6339664	young-adult	[8140573, 6990801, 6973516, 8158951, 7136307, 6693473]
6339674	young-adult	[2734278]
6339989	vampires	[18879200]
6340303	teenlit	[]
6341429	young-adult	[5135798, 6450278, 6658451]
6342784	fantasy	[234943, 18743928, 107670]
6343806	magic	[]
6344423	young-adult	[7789983]
6344666	fantasy	[9692830, 7876139, 8432018, 10126657, 16172431, 20914274, 24885531, 29356118, 3777732]
6345005	young-adult	[]
6346406	young-adult	[]
6347386	young-adult	[6949153]
6347421	fantasy	[]
6349976	pretty-little-liars	[]
6353796	young-adult	[548609, 7380431, 1351527]
6356170	young-adult	[]
6357708	young-adult	[9275197, 9525723, 9646374]
6359599	young-adult	[9954020]
6361846	horror	[]
6363322	fantasy	[]
6363848	fantasy	[16526, 1574651, 17377402]
6364657	young-adult	[7969468]
6364663	fantasy	[9358007, 8666028]
6367280	young-adult	[]
6368607	young-adult	[5152561, 6432984]
6368609	young-adult	[]
6368610	young-adult	[10036577, 7383032, 6368609]
6368611	young-adult	[10396235, 8487351, 8890436]
6369113	fantasy	[]
6371117	young-adult	[]
6372722	dystopia	[]
6373717	young-adult	[]
6375717	young-adult	[]
6376575	young-adult	[]
6376771	young-adult	[]
6376772	young-adult	[6376771]
6377359	vampires	[8030167]
6377397	fantasy	[]
6377584	young-adult	[9436088, 11244459]
6378237	young-adult	[6376575]
6378239	young-adult	[8757375, 10773251]
6378455	young-adult	[7944994]
6379746	young-adult	[51070]
6380822	young-adult	[8454770, 7543015, 8231150, 7812068]
6380860	young-adult	[71864, 11143215, 12564023, 12141352]
6381028	young-adult	[7486180, 23112588]
6381368	young-adult	[8729640]
6381831	young-adult	[10855952, 14802306]
6382661	fantasy	[8687948]
6382952	vampires	[6664787]
6382990	رجل-المستحيل	[]
6383491	fantasy	[]
6383762	fantasy	[]
6384225	young-adult	[5974509, 8199442]
6384247	young-adult	[]
6386363	young-adult	[]
6386667	young-adult	[7989399]
6387565	fantasy	[7054178]
6389631	young-adult	[]
6390465	fantasy	[7804212, 9404327]
6391211	young-adult	[14870418, 8008609, 8845893, 7953186, 11420684, 12368167, 15789722, 17280346, 17382168]
6392133	young-adult	[6573775, 15831243, 6953394, 9305616, 11358000, 11952316, 10088446]
6392512	young-adult	[]
6392778	horror	[493490]
6393119	young-adult	[7851761, 9453833, 18485889]
6393620	young-adult	[]
6393972	young-adult	[8546613, 15746322]
6394349	young-adult	[]
6394410	vampires	[16097239]
6394659	mystery	[]
6395291	young-adult	[]
6396975	young-adult	[]
6397405	young-adult	[]
6398425	young-adult	[18192460]
6399294	fantasy	[]
6400755	young-adult	[7476120, 11365045, 7742067, 10430014, 8269059, 8548449]
6401002	fantasy	[]
6401056	fantasy	[]
6401865	young-adult	[]
6404356	young-adult	[33597058, 34334505]
6405758	young-adult	[12042324, 8376549, 15784168, 8574414, 17233160, 7776692, 8423493, 9312497, 13577338, 12510082, 16280929]
6405917	chick-lit	[405196]
6407514	fantasy	[]
6408862	young-adult	[]
6411849	young-adult	[]
6413775	young-adult	[]
6413788	young-adult	[]
6415619	young-adult	[]
6416052	young-adult	[3099787]
6416903	young-adult	[]
6419093	young-adult	[6422077, 8392534, 557332, 80246]
6420566	christian-fiction	[]
6420846	young-adult	[]
6420988	vampires	[]
6421587	vampires	[7945409]
6421588	vampires	[7779805, 6609636, 8258376, 6421587, 7945409]
6422077	young-adult	[8392534, 557332, 80246]
6423147	young-adult	[7644003, 6423148, 9542046, 11211912, 20442190]
6423148	young-adult	[9542046, 11211912, 20442190]
6423149	pll	[]
6424184	vampires	[]
6425484	young-adult	[]
6425505	young-adult	[8215045, 8118140, 8341522, 2866718, 6378455, 7944994]
6431790	young-adult	[8153816, 7855109, 14762213, 7292468]
6431843	young-adult	[2235598, 2235597]
6432677	historical-fiction	[]
6432800	young-adult	[]
6432838	read-in-2014	[5934174, 8130870, 6527739, 11982788, 9720077, 7227564, 7047941, 10699613, 18660669, 345627, 31126769, 19053383]
6432984	young-adult	[]
6434104	fantasy	[7851770, 9512908]
6435088	young-adult	[977841, 7019088, 1259860, 3424418, 6657404, 17402605, 13408919, 3168250]
6435627	young-adult	[7956156, 12946311]
6438123	young-adult	[]
6438218	fantasy	[6458085, 8240182, 7876543, 8249150, 6474771]
6438404	fantasy	[12063158, 7821931, 8767117, 6387565, 7054178]
6439287	dystopian	[16149509]
6440512	horror	[11106020, 3374819]
6440654	horror	[]
6440860	fantasy	[6706602, 8391824, 1162544]
6441303	fantasy	[]
6441366	young-adult	[8069603]
6441387	young-adult	[]
6441468	young-adult	[]
6441507	vampires	[10795284]
6441509	vampires	[7002360, 9570516, 6441507, 10795284]
6442769	young-adult	[]
6443015	fantasy	[4062214, 7756722, 25560251, 24885524, 29356121]
6443249	fantasy	[223822]
6443318	the-clique	[]
6443321	the-clique	[]
6443349	percy-jackson	[7736087, 18513639]
6443784	young-adult	[6069648]
6448470	fantasy	[8710049, 11359904, 6448471, 13380039, 13174719]
6448471	fantasy	[13380039, 13174719]
6449920	fantasy	[]
6450234	young-adult	[7889776]
6450278	young-adult	[6658451]
6453078	erotica	[]
6453293	young-adult	[]
6453405	young-adult	[12211735]
6454516	young-adult	[]
6454960	young-adult	[18940020]
6457229	horror	[8161464, 19307858, 6933488, 7171771, 22540210]
6458085	fantasy	[8240182, 7876543, 8249150, 6474771]
6460331	young-adult	[7952245]
6460577	vampires	[10148413]
6460819	young-adult	[6043848, 7082975, 6514178, 8505011, 13793395, 20758104, 3167229]
6461779	fantasy	[9638691, 6681393, 9638692]
6464643	fantasy	[]
6465058	steampunk	[8086300, 18190548, 18839866]
6465789	vampires	[11379284]
6466005	young-adult	[839276]
6466086	fantasy	[]
6466251	young-adult	[]
6466608	young-adult	[21898683]
6468333	fantasy	[]
6468666	young-adult	[6976916, 7892398, 12136023]
6468718	young-adult	[]
6469814	cherub	[6775501]
6470337	young-adult	[17159230, 18523397, 23636078]
6470568	young-adult	[6989960, 8749430, 9637528, 8716878, 4134071]
6470958	fantasy	[12358299, 6892517, 2878668]
6472009	biography	[4335405]
6472227	young-adult	[6405758, 12042324, 8376549, 15784168, 8574414, 17233160, 7776692, 8423493, 9312497, 13577338, 12510082, 16280929]
6472451	fantasy	[]
6473592	young-adult	[13409955]
6473959	young-adult	[7114364]
6474771	fantasy	[]
6477150	young-adult	[]
6479286	young-adult	[]
6479419	fantasy	[8129775, 12340859, 6600732]
6482837	young-adult	[]
6482981	young-adult	[]
6483519	young-adult	[8136641]
6484204	vampires	[]
6484692	vampires	[]
6484999	vampires	[7848975, 7089344]
6485421	young-adult	[]
6487276	fantasy	[]
6487308	young-adult	[8145496, 7184830, 6695785, 7745771, 8549876, 8120065, 6936339, 12037056, 12445397, 7833099, 12014119]
6487723	south-african	[]
6487937	young-adult	[]
6490389	young-adult	[13417580, 6902967, 15717791, 9156663, 13319603, 7285601, 10857048, 12187803, 12885649, 13616052, 13562614, 13562963, 18626858]
6494926	fantasy	[]
6494966	young-adult	[]
6496883	teenlit	[]
6500557	young-adult	[]
6503718	young-adult	[6761277, 7826381]
6505069	young-adult	[]
6506483	fantasy	[8852672]
6507411	young-adult	[17334390]
6507704	m-m	[]
6508005	fantasy	[8126116, 7662175, 8267049, 15995188, 22449288]
6508352	young-adult	[10126142]
6509143	young-adult	[]
6512140	young-adult	[]
6513549	paranormal	[9475805, 9692085]
6514178	young-adult	[8505011, 13793395, 20758104, 3167229]
6514476	vampires	[]
6515208	steampunk	[219110]
6515251	fantasy	[11167095, 25928543]
6515380	pretty-little-liars	[19480550]
6516627	young-adult	[]
6518041	fantasy	[3379051]
6518042	young-adult	[6595466, 8869643, 7971339, 13052310, 13576376, 6468718]
6519787	young-adult	[]
6520759	young-adult	[28755811]
6522330	young-adult	[6300287, 7963752, 3188580]
6526768	young-adult	[6505069]
6527739	read-in-2014	[11982788, 9720077, 7227564, 7047941, 10699613, 18660669, 345627, 31126769, 19053383]
6527740	young-adult	[9480548, 9797582, 8584853, 10215401, 9733208, 10691798, 20580988]
6527741	young-adult	[7542624, 6400755, 7476120, 11365045, 7742067, 10430014, 8269059, 8548449]
6529027	young-adult	[6937681, 30183]
6530472	vampires	[]
6532479	fantasy	[]
6538753	vampires	[7734470, 11931988, 7103421, 29359053, 293970]
6538984	horror	[6556261, 9996067]
6543080	young-adult	[8546095]
6543755	young-adult	[8180349, 7842898, 9720007, 7805716]
6544486	vampires	[7224599]
6544598	young-adult	[3575676]
6547550	fantasy	[7101731, 24431, 767580, 967648, 546114, 14288612]
6547560	vampires	[7453151, 8403747]
6550815	fantasy	[]
6553352	fantasy	[]
6554735	young-adult	[7476121, 11512595, 2802316]
6554925	young-adult	[8521307, 13498847, 144350, 3815319]
6555179	christian	[]
6555517	young-adult	[11523354, 21853420]
6556261	horror	[9996067]
6557805	zombies	[6746025]
6557947	fantasy	[861547]
6557962	fantasy	[2488435, 738754, 6991473, 17904454, 172257, 23890740]
6559815	young-adult	[17990784]
6562560	young-adult	[]
6564075	vampires	[9364808, 9211862, 8621476, 7699119]
6564365	young-adult	[21570677, 6990471, 9568542, 7038582, 15810691, 12182839, 6990472, 6740549, 6740548, 10924852, 8602079, 10438778, 13405246, 15992908, 20493695, 21911416, 22738932, 4374400]
6566616	young-adult	[6947841]
6567017	young-adult	[8587154, 7958389, 17208924, 17982821, 22849277, 23629060, 18918102, 11802865]
6567373	young-adult	[6117064, 10202332]
6569734	young-adult	[7844808, 7112322]
6571580	young-adult	[10137716]
6571582	young-adult	[]
6571723	vampires	[]
6571974	young-adult	[6062049, 27964179, 14760450, 16180066, 18274105, 18400659]
6572023	young-adult	[12770460, 7549252, 22858056]
6573555	young-adult	[]
6573775	young-adult	[15831243, 6953394, 9305616, 11358000, 11952316, 10088446]
6573776	young-adult	[8511041, 6954142, 9587707, 1216144]
6574093	young-adult	[]
6574102	young-adult	[8819598, 9471965, 10191720, 13600138]
6574412	young-adult	[4138306]
6574814	young-adult	[6260801, 3358608, 8391794, 18970951, 8520805]
6574915	vampires	[]
6577632	young-adult	[]
6577886	fantasy	[6987482, 11791886]
6578725	fantasy	[]
6580510	fantasy	[]
6581271	young-adult	[]
6581511	young-adult	[7123243, 8685004, 7936243, 20553661, 11329540, 8084114]
6583427	young-adult	[6601471]
6583768	young-adult	[]
6584124	young-adult	[]
6584188	young-adult	[8509359, 8709406, 9735120, 22376932]
6584189	young-adult	[7956260, 10101548, 9861596, 11114701, 14623961, 22040968, 29915951]
6585977	young-adult	[9277500, 8549990, 3975774, 7103420]
6586336	young-adult	[2985500]
6586410	young-adult	[]
6586465	fantasy	[8589955, 6401002]
6586505	christian	[493715]
6586512	young-adult	[]
6586515	young-adult	[]
6586540	young-adult	[16078585, 13581049, 13086115]
6588492	historical-fiction	[6432677]
6588585	young-adult	[]
6588896	vampires	[6690965, 6420988]
6589111	young-adult	[]
6593416	erotica	[]
6593439	fantasy	[]
6594604	fantasy	[3550861, 5121033, 10611636, 5211535, 7112492, 4045691]
6594657	young-adult	[8663366, 13258752, 6925666]
6595466	young-adult	[8869643, 7971339, 13052310, 13576376, 6468718]
6596100	horror	[11966088, 679312]
6596547	young-adult	[]
6597817	young-adult	[]
6598207	young-adult	[]
6599113	young-adult	[13058980]
6600137	young-adult	[7121691, 8220517]
6600652	chick-lit	[1677988]
6600732	fantasy	[]
6600806	young-adult	[6371117]
6600807	young-adult	[7727572]
6601254	erotica	[]
6601471	young-adult	[]
6602314	young-adult	[6453405, 12211735]
6602820	young-adult	[7141780, 7861449]
6603575	young-adult	[5454, 1475106, 1618353, 72027, 855843, 5456, 855844]
6603785	young-adult	[8619829]
6604642	fantasy	[688192, 10844278]
6604794	young-adult	[]
6604809	young-adult	[]
6605470	young-adult	[1735781]
6605625	zombies	[6605628, 7358135, 14740639, 8540357, 9532750, 21888733, 18824548, 8183949]
6605628	zombies	[7358135, 14740639, 8540357, 9532750, 21888733, 18824548, 8183949]
6609490	vampires	[7886247]
6609549	young-adult	[]
6609571	fantasy	[]
6609625	fantasy	[16284914]
6609636	vampires	[8258376, 6421587, 7945409]
6609703	mystery	[]
6609714	young-adult	[8464021, 10048815]
6609719	gossip-girl	[]
6609758	young-adult	[7951387, 8200473, 13003205, 17564568, 8976759]
6609765	realistic-fiction	[]
6609769	young-adult	[8605496]
6609835	science-fiction	[]
6609837	dystopia	[]
6609847	young-adult	[]
6609864	young-adult	[8306300]
6610376	young-adult	[7890688]
6610378	fantasy	[7965418]
6611024	young-adult	[13457974]
6613066	young-adult	[17612972, 210329, 311479]
6614154	young-adult	[6649506]
6615587	fantasy	[12967660, 15772632]
6616668	young-adult	[23949606, 9783811]
6617625	fantasy	[11595072]
6617790	vampires	[11393193]
6618102	young-adult	[]
6618187	fantasy	[]
6618272	fantasy	[]
6619499	vampires	[7956312, 11419189]
6619797	fantasy	[6250210, 10053149, 6114777, 7953555, 8967378]
6619799	fantasy	[7445174, 7653352, 5271066]
6620466	young-adult	[8546379, 8428017, 11476022]
6620479	young-adult	[15854162]
6620621	vampires	[8763350]
6621100	young-adult	[]
6621143	young-adult	[]
6621897	fantasy	[9716923, 10114828]
6623101	young-adult	[24278739]
6623580	fantasy	[7844256, 9464425]
6624871	young-adult	[]
6633007	young-adult	[10048562, 8116037, 9591447, 20422833]
6634401	paranormal	[16132445, 9250968]
6634765	fantasy	[6945767, 12107847, 13565222, 7261699]
6636138	young-adult	[]
6637688	young-adult	[9914850, 9001257, 9434460]
6638377	humor	[7119513, 8207515, 7217255, 7973904, 10234910]
6640274	young-adult	[]
6641635	fantasy	[]
6641799	young-adult	[8890284]
6644035	teenlit	[]
6648020	young-adult	[8117491, 9227125, 17855388]
6648588	brazilian-literature	[]
6649506	young-adult	[]
6657404	young-adult	[17402605, 13408919, 3168250]
6657590	fantasy	[6950378]
6657607	young-adult	[6885954]
6658451	young-adult	[]
6658573	young-adult	[]
6660491	young-adult	[10127308, 6235397]
6661308	young-adult	[]
6663096	vampires	[]
6663784	young-adult	[16141751, 457060]
6663795	fantasy	[6506483, 8852672]
6664666	young-adult	[7713774, 9918093]
6664787	vampires	[]
6665671	young-adult	[]
6666385	science-fiction	[9411387, 8727608]
6668914	young-adult	[]
6670348	vampires	[]
6671151	young-adult	[1487852]
6676284	young-adult	[15801339, 270730]
6676311	young-adult	[10040716, 9558074]
6680753	romanian	[]
6681206	young-adult	[]
6681333	vampires	[]
6681393	fantasy	[9638692]
6681614	fantasy	[6399294]
6681830	steampunk	[9248434, 6681831, 6261097]
6681831	steampunk	[6261097]
6681832	steampunk	[6681830, 9248434, 6681831, 6261097]
6682769	fantasy	[6682770]
6682770	fantasy	[]
6684263	young-adult	[]
6686092	young-adult	[8074519, 11099439, 17186390]
6686101	dystopian	[14319461, 11699317]
6688187	young-adult	[]
6690965	vampires	[6420988]
6691056	fantasy	[12517748, 17206162, 18946055, 23609791, 7003332, 28685408]
6692896	fantasy	[9692846, 7816926, 18190302, 22456224, 7848832, 7848833, 2167829]
6693329	young-adult	[9272275]
6693332	fantasy	[6716668, 10779087, 9087239]
6693414	young-adult	[]
6693415	young-adult	[]
6693473	young-adult	[]
6695785	young-adult	[7745771, 8549876, 8120065, 6936339, 12037056, 12445397, 7833099, 12014119]
6695826	angels	[]
6696078	young-adult	[3996887]
6696340	steampunk	[10096031]
6696602	young-adult	[8440825, 8199037, 7889416, 9676673, 9842976]
6699311	fantasy	[7437588, 7702746, 9687600, 19173015]
6700360	vampires	[16173937, 11292997]
6705374	français	[]
6706602	fantasy	[8391824, 1162544]
6707693	vampires	[8511265, 9401395, 7507657, 6708137, 8932146]
6708137	vampires	[8932146]
6709819	young-adult	[]
6710476	fantasy	[8235919, 6966045, 9498655, 13450054]
6710640	young-adult	[11751116]
6712317	young-adult	[7289879, 590128, 9842956]
6712473	fantasy	[12681080]
6713125	young-adult	[]
6714200	fantasy	[6719971]
6716319	netgalley	[]
6716668	fantasy	[10779087, 9087239]
6719411	v-c-andrews	[]
6719736	fantasy	[8757361, 10636358, 13385700]
6719875	fantasy	[6604642, 688192, 10844278]
6719971	fantasy	[]
6724294	young-adult	[141371]
6724870	fantasy	[]
6726735	young-adult	[]
6727322	fantasy	[11196993, 9025022, 13563645]
6728116	vampires	[6707693, 8511265, 9401395, 7507657, 6708137, 8932146]
6738968	young-adult	[]
6739111	young-adult	[]
6740548	young-adult	[10924852, 8602079, 10438778, 13405246, 15992908, 20493695, 21911416, 22738932, 4374400]
6740549	young-adult	[6740548, 10924852, 8602079, 10438778, 13405246, 15992908, 20493695, 21911416, 22738932, 4374400]
6740756	young-adult	[]
6740998	fantasy	[]
6741609	werewolves	[]
6741865	christian	[]
6741871	young-adult	[]
6742311	sherrilyn-kenyon	[]
6742585	young-adult	[]
6743523	fantasy	[13614353, 11736997, 11789783]
6744417	young-adult	[7095420]
6744949	young-adult	[]
6746025	zombies	[]
6750586	young-adult	[8148224, 7827247, 8147219]
6750738	young-adult	[6294135, 9401662]
6752378	fantasy	[8855387, 9914703, 11127301, 10388376, 12958374, 10471939, 11100298, 13547092, 17226128, 25560279, 24885508, 18222170]
6754536	young-adult	[]
6760692	young-adult	[]
6760760	young-adult	[]
6760761	fantasy	[9959159, 15729395]
6760764	christian-fiction	[8703332, 8736423]
6761277	young-adult	[7826381]
6762468	young-adult	[]
6763961	young-adult	[8141062, 9108144, 7437016]
6764218	fantasy	[10495926, 8248445, 7344635, 9646092, 13837]
6764252	young-adult	[]
6767396	fantasy	[4950376, 5889332]
6768411	fantasy	[8303955]
6768412	fantasy	[12847982]
6768413	fantasy	[6768412, 12847982]
6772134	dystopia	[]
6773432	time-travel	[7823330, 10583277, 13537310]
6775500	young-adult	[]
6775501	cherub	[]
6779023	young-adult	[11341310]
6780439	young-adult	[6322323, 8388839]
6780702	young-adult	[18715014, 19436054]
6782246	fantasy	[]
6783558	turkish-literature	[]
6783587	turkish-literature	[]
6785316	christian	[]
6786671	turkish-literature	[]
6793727	young-adult	[8172572]
6794855	young-adult	[6794856, 8680504]
6794856	young-adult	[8680504]
6796044	young-adult	[9687295]
6798947	fantasy	[]
6801582	fantasy	[10049889, 6918912]
6815247	young-adult	[]
6818083	young-adult	[9270518, 10081477]
6820997	young-adult	[9782708, 9692831, 9025186, 16074780, 24885537, 26542880, 29356081]
6839014	cinderella-cleaners	[]
6839020	steampunk	[6322885, 12458038]
6849904	young-adult	[82549, 3020052]
6850264	young-adult	[]
6853842	young-adult	[22089478, 7624095, 8689301, 7953094]
6856825	fantasy	[9867900]
6864623	fantasy	[]
6867484	young-adult	[]
6869090	young-adult	[]
6871030	chick-lit	[]
6871121	steampunk	[]
6871358	young-adult	[]
6875163	young-adult	[2790831, 9370793, 6586540, 16078585, 13581049, 13086115]
6879131	vampires	[7767748, 8511062, 6277667, 8723751, 1216147]
6879538	young-adult	[]
6882274	young-adult	[]
6882494	young-adult	[12608046]
6885954	young-adult	[]
6885957	young-adult	[552886, 3236549, 21446, 11223346]
6891728	young-adult	[]
6892499	young-adult	[6394349]
6892517	fantasy	[2878668]
6897432	parody	[7949046, 9673890]
6902967	young-adult	[15717791, 9156663, 13319603, 7285601, 10857048, 12187803, 12885649, 13616052, 13562614, 13562963, 18626858]
6905134	young-adult	[69336, 3263858, 69322]
6905534	young-adult	[8425439, 8164410, 9199703]
6905569	fantasy	[]
6906248	vampires	[7851921]
6906467	vampires	[6564075, 9364808, 9211862, 8621476, 7699119]
6908392	young-adult	[]
6908393	young-adult	[10393673]
6909544	young-adult	[]
6915748	young-adult	[1758244, 17336842, 8604267, 17666746, 2225234, 832144, 18119, 77473, 24963098, 563765]
6916975	fantasy	[]
6917951	vampires	[11594182, 6972193, 6972192]
6917952	vampires	[8008220, 9940728, 6917951, 11594182, 6972193, 6972192]
6918909	fantasy	[10857695]
6918912	fantasy	[]
6920820	young-adult	[]
6924405	young-adult	[]
6925666	young-adult	[]
6926861	fantasy	[]
6927672	young-adult	[12969325, 11097849]
6929461	young-adult	[11791885, 18457324, 1637454]
6930002	young-adult	[10331443]
6931241	young-adult	[]
6931344	fantasy	[]
6931356	young-adult	[]
6931675	young-adult	[15897049]
6933135	young-adult	[10752092, 12544560]
6933141	dystopian	[10267757, 11516360]
6933488	horror	[7171771, 22540210]
6934395	vampires	[7068147, 10385958, 9842569, 12473264, 9521307]
6935607	fantasy	[6692896, 9692846, 7816926, 18190302, 22456224, 7848832, 7848833, 2167829]
6936339	young-adult	[12037056, 12445397, 7833099, 12014119]
6936382	young-adult	[13494237, 14592695, 17839881, 17453983, 18741152, 23525495, 24745488, 26804443, 9754815, 19508953, 22172497]
6937524	young-adult	[1022366, 97783, 8118212, 17374111, 30373749, 7853977]
6937681	young-adult	[30183]
6937878	vampires	[7947811]
6943071	fantasy	[16177838, 16177416]
6945767	fantasy	[12107847, 13565222, 7261699]
6947841	young-adult	[]
6947949	young-adult	[]
6948214	fantasy	[11454598, 18463661, 22456292, 7941797]
6948770	young-adult	[]
6949153	young-adult	[]
6950378	fantasy	[]
6950688	young-adult	[9129325]
6953394	young-adult	[9305616, 11358000, 11952316, 10088446]
6954142	young-adult	[9587707, 1216144]
6956621	young-adult	[10874864, 11175781, 8138131]
6962592	mystery	[]
6963749	young-adult	[11851848]
6965955	young-adult	[33603229]
6966045	fantasy	[9498655, 13450054]
6970490	young-adult	[11177509, 9397685]
6970542	young-adult	[5843145]
6972192	vampires	[]
6972193	vampires	[6972192]
6973516	young-adult	[8158951, 7136307, 6693473]
6974488	young-adult	[6585977, 9277500, 8549990, 3975774, 7103420]
6976916	young-adult	[7892398, 12136023]
6976966	vampires	[]
6978211	vampires	[]
6980334	steampunk	[16160667, 9693540, 7826215, 8360859, 6050678]
6980723	steampunk	[8842986, 6696340, 10096031]
6981006	fantasy	[5607787, 6344666, 9692830, 7876139, 8432018, 10126657, 16172431, 20914274, 24885531, 29356118, 3777732]
6982754	young-adult	[5266655, 7890026]
6983365	young-adult	[9921274, 7533117, 2123654, 2198718, 332572, 2650712, 4852379, 6574814, 6260801, 3358608, 8391794, 18970951, 8520805]
6984608	vampires	[]
6987482	fantasy	[11791886]
6987550	fantasy	[7274695, 11603726, 6438404, 12063158, 7821931, 8767117, 6387565, 7054178]
6987557	fantasy	[6987550, 7274695, 11603726, 6438404, 12063158, 7821931, 8767117, 6387565, 7054178]
6989960	young-adult	[8749430, 9637528, 8716878, 4134071]
6990121	vampires	[]
6990471	young-adult	[9568542, 7038582, 15810691, 12182839, 6990472, 6740549, 6740548, 10924852, 8602079, 10438778, 13405246, 15992908, 20493695, 21911416, 22738932, 4374400]
6990472	young-adult	[6740549, 6740548, 10924852, 8602079, 10438778, 13405246, 15992908, 20493695, 21911416, 22738932, 4374400]
6990801	young-adult	[6973516, 8158951, 7136307, 6693473]
6991122	young-adult	[270805]
6991301	biography	[6472009, 4335405]
6991473	fantasy	[17904454, 172257, 23890740]
6992331	young-adult	[895072, 6256451, 20243078, 955157, 828623]
6992863	young-adult	[11383879]
6993023	young-adult	[8583832, 13156406, 3229394]
6993025	young-adult	[13412798, 11156140, 16177503, 6453293]
6993182	young-adult	[17426228, 5984090]
6993575	young-adult	[]
6996253	paranormal	[17337473]
6998558	young-adult	[]
6999601	young-adult	[6280121, 7634963, 8118141, 7933620, 18232217, 1326258]
6999776	young-adult	[6820997, 9782708, 9692831, 9025186, 16074780, 24885537, 26542880, 29356081]
7000625	young-adult	[]
7001024	young-adult	[3665811]
7001361	young-adult	[9472032, 3432478, 6518042, 6595466, 8869643, 7971339, 13052310, 13576376, 6468718]
7002182	young-adult	[1425746]
7002360	vampires	[9570516, 6441507, 10795284]
7003332	fantasy	[28685408]
7003779	young-adult	[7849503, 9557505, 9475894, 13083068, 17702716, 18757458, 20758103]
7005421	fantasy	[3817859]
7006737	young-adult	[6527741, 7542624, 6400755, 7476120, 11365045, 7742067, 10430014, 8269059, 8548449]
7007561	young-adult	[]
7007788	vampires	[6547560, 7453151, 8403747]
7007882	young-adult	[10328881, 7332493, 8518606, 6956621, 10874864, 11175781, 8138131]
7008041	young-adult	[10080392, 17235055, 9569470]
7013341	fantasy	[10380319, 7099399, 10145929, 7943939, 3064985]
7016844	young-adult	[16074461]
7017638	young-adult	[]
7019086	fantasy	[7725226, 9379577, 7847051, 7363955]
7019087	fantasy	[6240811, 6441303]
7019088	young-adult	[1259860, 3424418, 6657404, 17402605, 13408919, 3168250]
7022166	young-adult	[9446162, 9869262, 9266802]
7023386	young-adult	[8123443, 6106296]
7024174	young-adult	[9478415, 8203319, 10518197]
7027428	young-adult	[16164654]
7027735	young-adult	[7720764, 11307305, 18008813, 15990688, 18183136, 20636715, 9841693]
7028064	young-adult	[8341148]
7031827	zombies	[]
7031834	vampires	[11315110]
7031835	science-fiction	[17695172]
7031841	fantasy	[]
7033617	m-m	[18331515, 6507704]
7037593	young-adult	[]
7038582	young-adult	[15810691, 12182839, 6990472, 6740549, 6740548, 10924852, 8602079, 10438778, 13405246, 15992908, 20493695, 21911416, 22738932, 4374400]
7039062	young-adult	[9984322, 6058551]
7041456	young-adult	[]
7042611	fantasy	[]
7044598	young-adult	[]
7047941	read-in-2014	[10699613, 18660669, 345627, 31126769, 19053383]
7048936	young-adult	[]
7052504	steampunk	[6681832, 6681830, 9248434, 6681831, 6261097]
7053305	young-adult	[6416052, 3099787]
7053786	young-adult	[]
7054178	fantasy	[]
7058022	young-adult	[8386030, 9196523]
7058185	young-adult	[16144571]
7059135	young-adult	[8716692, 16027323]
7059697	fantasy	[]
7061734	young-adult	[5601088, 8565594, 6660491, 10127308, 6235397]
7066043	maya-banks	[]
7066724	conspiracy-365	[7454142, 8884533]
7066725	conspiracy-365	[10803983]
7066728	conspiracy-365	[]
7066729	conspiracy-365	[]
7066730	conspiracy-365	[]
7066731	conspiracy-365	[]
7066732	young-adult	[13240321]
7066733	conspiracy-365	[]
7068147	vampires	[10385958, 9842569, 12473264, 9521307]
7069533	fantasy	[]
7069931	young-adult	[7069934, 833710, 580844]
7069934	young-adult	[833710, 580844]
7070059	young-adult	[642728]
7071531	vampires	[6238069]
7074259	young-adult	[]
7075298	fantasy	[]
7076305	fear-street	[]
7076909	fear-street	[8152783]
7078091	young-adult	[240136, 6875163, 2790831, 9370793, 6586540, 16078585, 13581049, 13086115]
7078607	young-adult	[8123092]
7079883	young-adult	[7097618]
7081524	africa	[1909404]
7082975	young-adult	[6514178, 8505011, 13793395, 20758104, 3167229]
7083046	young-adult	[]
7083305	young-adult	[]
7083835	fantasy	[5892240]
7085886	young-adult	[]
7089344	vampires	[]
7090447	fantasy	[8196698, 11429790, 9520195, 12929218, 11079024]
7091218	young-adult	[8708154]
7091370	young-adult	[8051981, 8883511, 8714379, 8082145, 8331388]
7091426	paranormal	[]
7091512	hailey-abbott	[]
7091713	vampires	[7248501]
7091747	vampires	[]
7092301	young-adult	[]
7092308	paranormal	[]
7092393	mystery	[11057491, 12184475]
7092402	young-adult	[12461300]
7092471	young-adult	[]
7095054	young-adult	[]
7095420	young-adult	[]
7095692	vampires	[]
7095831	young-adult	[8075204, 9033057, 10798814, 15704232, 18335896, 20665621]
7097618	young-adult	[]
7098557	young-adult	[]
7098585	fantasy	[8116140, 18775809]
7099399	fantasy	[10145929, 7943939, 3064985]
7100490	young-adult	[8345999]
7101257	young-adult	[9293309]
7101731	fantasy	[24431, 767580, 967648, 546114, 14288612]
7102851	young-adult	[]
7103420	young-adult	[]
7103421	vampires	[29359053, 293970]
7104272	horror	[12374095, 6303859]
7104398	eric-walters	[]
7106180	young-adult	[5603651]
7107218	fantasy	[444321, 162719]
7107790	fairy-tales	[8716117]
7110722	young-adult	[]
7111552	young-adult	[9722149, 15725304]
7112293	young-adult	[]
7112322	young-adult	[]
7112358	young-adult	[]
7112492	fantasy	[4045691]
7112568	young-adult	[]
7112571	chick-lit	[8701874, 13076603]
7114364	young-adult	[]
7116568	young-adult	[]
7116601	young-adult	[6261051]
7117785	young-adult	[]
7119513	humor	[8207515, 7217255, 7973904, 10234910]
7120132	young-adult	[]
7120543	young-adult	[7066732, 13240321]
7120584	fantasy	[13179413, 67660]
7121691	young-adult	[8220517]
7123179	young-adult	[]
7123180	young-adult	[7123179]
7123181	young-adult	[7964761]
7123243	young-adult	[8685004, 7936243, 20553661, 11329540, 8084114]
7123950	fantasy	[8248444]
7124095	young-adult	[]
7124101	angels	[13562480]
7124475	young-adult	[]
7125335	young-adult	[]
7129468	young-adult	[7634575, 7994327]
7129588	young-adult	[]
7129598	young-adult	[9174818, 10367314]
7130788	young-adult	[7937542, 11362649, 12951504]
7132233	paranormal	[]
7135745	fantasy	[]
7136307	young-adult	[6693473]
7137327	dystopian	[11036912, 9285029, 13167084, 15984147, 17222419, 18692306]
7137774	young-adult	[12002589, 19337381]
7137775	young-adult	[8348236, 17213337, 7137774, 12002589, 19337381]
7140292	young-adult	[]
7140804	james-patterson	[5894600]
7141780	young-adult	[7861449]
7146050	fantasy	[9776809, 11052185, 22797416, 9462889]
7147617	poetry	[]
7148543	young-adult	[77393, 65700, 18615061, 20312874, 20516886]
7148738	young-adult	[6391211, 14870418, 8008609, 8845893, 7953186, 11420684, 12368167, 15789722, 17280346, 17382168]
7148778	young-adult	[]
7148783	young-adult	[]
7148787	young-adult	[]
7151460	fantasy	[]
7151857	indonesian	[]
7154141	romance	[8146098]
7154503	pretty-little-liars	[4033872, 8117276, 15994223, 1537534]
7157310	zombies	[9518419, 9314359, 9944814, 9861389]
7159016	young-adult	[]
7159567	young-adult	[]
7162519	young-adult	[]
7163365	young-adult	[]
7163476	fantasy	[]
7169211	young-adult	[7377423, 20526785, 1547105, 25801341, 3060415]
7169603	young-adult	[9649388, 7306746, 10120539, 23589406, 15722012]
7171637	fantasy	[8719634, 8857824, 8688066, 9606604, 7978177, 10335468, 10886579, 11400082, 25434032, 22822650, 24885649, 10644236, 8700058]
7171748	fantasy	[]
7171771	horror	[22540210]
7171876	young-adult	[15801340]
7171880	angels	[]
7171882	vampires	[9938111, 9773058]
7176548	young-adult	[]
7179686	fantasy	[]
7181373	young-adult	[]
7183456	vampires	[7192791, 6906248, 7851921]
7184830	young-adult	[6695785, 7745771, 8549876, 8120065, 6936339, 12037056, 12445397, 7833099, 12014119]
7187640	young-adult	[]
7190137	the-clique	[]
7192384	young-adult	[]
7192791	vampires	[6906248, 7851921]
7194006	young-adult	[]
7194057	young-adult	[6724294, 141371]
7194943	young-adult	[10771866]
7195884	m-m	[]
7198023	young-adult	[]
7198988	young-adult	[7937657, 12209930, 12034409]
7199667	fantasy	[9913088]
7201885	young-adult	[5806303]
7201913	young-adult	[7885091, 10157240, 7885092, 10891197]
7202356	fantasy	[]
7204202	horror	[12316746, 11708737, 9757310]
7211634	young-adult	[]
7211922	fantasy	[9462676, 9756195, 10712598, 11496636, 13330387]
7217255	humor	[7973904, 10234910]
7219564	vampire	[1003320]
7224154	vampires	[]
7224599	vampires	[]
7227564	read-in-2014	[7047941, 10699613, 18660669, 345627, 31126769, 19053383]
7230041	young-adult	[6818083, 9270518, 10081477]
7234782	young-adult	[]
7234784	young-adult	[]
7234801	vampires	[8702396, 7457397, 7336256]
7234828	fantasy	[]
7235100	steampunk	[21416910, 8500544]
7235831	young-adult	[8511042, 9342256, 9498798, 9529036, 8964322, 1216138]
7237535	young-adult	[]
7238737	young-adult	[9272742]
7239607	vampires	[]
7241448	fantasy	[]
7241493	fantasy	[19835286]
7241597	young-adult	[]
7241945	young-adult	[]
7241962	fantasy	[6905569]
7241984	fantasy	[8559096, 7241448]
7242757	vampires	[9001561]
7244767	fear-street	[89794, 2273298]
7244911	fantasy	[]
7245329	young-adult	[]
7245960	fantasy	[]
7247856	young-adult	[]
7248319	young-adult	[]
7248435	young-adult	[8710747, 12509973, 15709802, 15735710, 18172372]
7248501	vampires	[]
7249737	christian	[]
7249944	fantasy	[]
7260188	young-adult	[8684868, 8663600, 7710333, 7265901, 8322565, 9452482, 8722062, 12187799, 12943330, 12512617, 15717947, 13408579, 13578034, 13569253, 18738787]
7261699	fantasy	[]
7263429	young-adult	[11417912, 9648553, 11372739, 9630569, 13409705, 13617485]
7263842	young-adult	[9002823, 10297969, 7799991, 25835450, 8165967]
7263930	young-adult	[7823669]
7265901	young-adult	[8322565, 9452482, 8722062, 12187799, 12943330, 12512617, 15717947, 13408579, 13578034, 13569253, 18738787]
7269189	young-adult	[6261174, 7572383]
7269196	young-adult	[7241945]
7271563	young-adult	[]
7271587	young-adult	[7083305]
7274695	fantasy	[11603726, 6438404, 12063158, 7821931, 8767117, 6387565, 7054178]
7278085	young-adult	[6744417, 7095420]
7280000	young-adult	[10040727, 6419093, 6422077, 8392534, 557332, 80246]
7280026	vampires	[]
7283851	young-adult	[1220423, 23490929, 30323739, 301022, 1259132]
7285601	young-adult	[10857048, 12187803, 12885649, 13616052, 13562614, 13562963, 18626858]
7289879	young-adult	[590128, 9842956]
7292468	young-adult	[]
7294912	fantasy	[]
7295260	young-adult	[8061183]
7297559	young-adult	[11476799]
7301255	young-adult	[]
7306746	young-adult	[10120539, 23589406, 15722012]
7312120	steampunk	[10626648]
7312324	vampires	[]
7313448	fantasy	[6518041, 3379051]
7313944	vampires	[7007788, 6547560, 7453151, 8403747]
7314503	fantasy	[7614652, 6981006, 5607787, 6344666, 9692830, 7876139, 8432018, 10126657, 16172431, 20914274, 24885531, 29356118, 3777732]
7314688	fantasy	[]
7314908	fantasy	[6062032]
7316440	young-adult	[7316441, 9020144]
7316441	young-adult	[9020144]
7320458	dystopian	[8807684, 11265105, 9862121, 16149515]
7332493	young-adult	[8518606, 6956621, 10874864, 11175781, 8138131]
7333194	steampunk	[7312120, 10626648]
7336256	vampires	[]
7338506	fantasy	[9394691, 444332]
7339755	young-adult	[6554735, 7476121, 11512595, 2802316]
7340373	young-adult	[]
7343947	young-adult	[8782149, 8717430, 16066260]
7344635	fantasy	[9646092, 13837]
7347377	young-adult	[9842606, 13080245]
7352315	young-adult	[11736973]
7358135	zombies	[14740639, 8540357, 9532750, 21888733, 18824548, 8183949]
7362638	young-adult	[]
7363955	fantasy	[]
7365164	young-adult	[]
7372507	mystery	[]
7372975	paranormal	[12915002]
7376680	young-adult	[]
7376809	young-adult	[]
7377423	young-adult	[20526785, 1547105, 25801341, 3060415]
7377524	young-adult	[2068670, 2475138]
7377622	young-adult	[2068673]
7380431	young-adult	[1351527]
7383032	young-adult	[6368609]
7402393	young-adult	[9084118, 9526389, 7941200, 13503382, 8588789]
7411232	fantasy	[]
7414922	young-adult	[]
7417780	young-adult	[]
7422105	young-adult	[9261030]
7428882	young-adult	[7148738, 6391211, 14870418, 8008609, 8845893, 7953186, 11420684, 12368167, 15789722, 17280346, 17382168]
7430195	paranormal	[]
7431234	vampires	[]
7431311	vampires	[]
7436580	tenho	[]
7437016	young-adult	[]
7437588	fantasy	[7702746, 9687600, 19173015]
7441947	vampires	[12534463]
7441970	young-adult	[11523960, 11541034]
7443298	christian	[]
7445174	fantasy	[7653352, 5271066]
7453151	vampires	[8403747]
7454142	conspiracy-365	[8884533]
7455433	young-adult	[4789060, 6676284, 15801339, 270730]
7456030	steampunk	[]
7456034	young-adult	[10518595]
7457397	vampires	[7336256]
7476120	young-adult	[11365045, 7742067, 10430014, 8269059, 8548449]
7476121	young-adult	[11512595, 2802316]
7476122	young-adult	[9734454]
7478652	chick-lit	[11138737]
7483067	young-adult	[9261004, 10775740]
7486180	young-adult	[23112588]
7488244	young-adult	[9828218, 10842964, 11200068, 9975659, 15702412]
7488686	young-adult	[7638334, 9503954]
7491516	cinderella-cleaners	[]
7500349	young-adult	[]
7501974	young-adult	[71869, 17125747, 1965906]
7507657	vampires	[6708137, 8932146]
7507908	young-adult	[]
7507944	fantasy	[12001925, 32968540]
7514925	fantasy	[]
7519508	fantasy	[6218095, 4502507, 8491983, 6948214, 11454598, 18463661, 22456292, 7941797]
7525782	chick-lit	[]
7528551	young-adult	[]
7531478	young-adult	[]
7531734	young-adult	[8140515, 8294876, 7028064, 8341148]
7532719	young-adult	[]
7532808	young-adult	[]
7532858	fantasy	[]
7533117	young-adult	[2123654, 2198718, 332572, 2650712, 4852379, 6574814, 6260801, 3358608, 8391794, 18970951, 8520805]
7540092	young-adult	[8100904, 9450082, 13083087, 10813423, 17702723, 20758105, 18814304]
7541557	young-adult	[]
7541858	young-adult	[6999776, 6820997, 9782708, 9692831, 9025186, 16074780, 24885537, 26542880, 29356081]
7542624	young-adult	[6400755, 7476120, 11365045, 7742067, 10430014, 8269059, 8548449]
7543015	young-adult	[8231150, 7812068]
7544603	fantasy	[11459329, 13447613, 13490501, 13543725, 13665016, 17904246, 18206770, 14759651, 17343391, 17620267, 18271130, 20518884]
7549252	young-adult	[22858056]
7549331	young-adult	[8891878, 7339755, 6554735, 7476121, 11512595, 2802316]
7549910	young-adult	[]
7557653	fantasy	[12991545]
7561881	young-adult	[7230041, 6818083, 9270518, 10081477]
7570296	young-adult	[8232243]
7571045	m-m	[19206950, 20614987]
7571140	fantasy	[9719981, 10787380, 17142118, 32021967, 29563550, 32494578]
7572383	young-adult	[]
7577116	young-adult	[]
7581796	fantasy	[6935607, 6692896, 9692846, 7816926, 18190302, 22456224, 7848832, 7848833, 2167829]
7597710	young-adult	[]
7600261	angels	[]
7600922	vampires	[]
7600924	romance	[]
7601895	realistic-fiction	[10155307]
7606782	young-adult	[]
7607518	young-adult	[7653931, 11365017, 9814274, 12877866, 13099871, 5996153, 6754536]
7614652	fantasy	[6981006, 5607787, 6344666, 9692830, 7876139, 8432018, 10126657, 16172431, 20914274, 24885531, 29356118, 3777732]
7618029	fantasy	[]
7622434	young-adult	[]
7624095	young-adult	[8689301, 7953094]
7631105	young-adult	[8587084, 7843045, 12043291, 10911181, 18323404, 10193699, 23014101, 22041701, 23995302, 19064110, 23344468]
7634575	young-adult	[7994327]
7634963	young-adult	[8118141, 7933620, 18232217, 1326258]
7635404	vampires	[]
7635409	vampires	[18194538]
7635410	vampires	[]
7635805	young-adult	[]
7638313	young-adult	[]
7638334	young-adult	[9503954]
7644003	young-adult	[6423148, 9542046, 11211912, 20442190]
7646805	young-adult	[10909677, 12456538, 18517232, 9609061]
7647532	dystopia	[6609837]
7648728	light-novels	[]
7649650	young-adult	[11274035, 11476291, 18116, 45486, 12904105, 45484, 289113]
7653352	fantasy	[5271066]
7653396	fantasy	[492486, 8236823]
7653931	young-adult	[11365017, 9814274, 12877866, 13099871, 5996153, 6754536]
7655554	science-fiction	[]
7656222	mermaids	[]
7656228	young-adult	[]
7656231	young-adult	[10080578]
7657828	fantasy	[6407514]
7662175	fantasy	[8267049, 15995188, 22449288]
7662477	fantasy	[11791903]
7663202	young-adult	[]
7664005	dutch	[]
7664334	young-adult	[]
7664713	young-adult	[11621050]
7669259	fantasy	[7934481]
7670578	young-adult	[]
7670661	young-adult	[]
7670714	young-adult	[]
7670981	young-adult	[6566616, 6947841]
7671305	young-adult	[13279074]
7671562	dystopian	[15809611]
7675799	realistic-fiction	[]
7686667	young-adult	[12985120, 11061366, 17181832, 11283552, 10128165, 28254411, 13415865, 11614718, 13599587, 13512432, 20617980]
7687322	fantasy	[30312684]
7687462	fantasy	[]
7687477	fantasy	[13451208]
7687501	fantasy	[7963743]
7687527	fantasy	[]
7693853	vampires	[]
7696564	young-adult	[9119668, 16058362, 13125636, 8933193]
7699119	vampires	[]
7702746	fantasy	[9687600, 19173015]
7704978	young-adult	[]
7704979	young-adult	[]
7707538	young-adult	[]
7710333	young-adult	[7265901, 8322565, 9452482, 8722062, 12187799, 12943330, 12512617, 15717947, 13408579, 13578034, 13569253, 18738787]
7712445	vampires	[6192722, 6978211]
7713246	young-adult	[]
7713774	young-adult	[9918093]
7718013	young-adult	[]
7718615	vampires	[7806907, 6681333]
7719245	young-adult	[8254259, 9064403, 10814901, 10428229]
7719327	young-adult	[]
7720764	young-adult	[11307305, 18008813, 15990688, 18183136, 20636715, 9841693]
7722903	romance	[8196064, 10429018, 13294116, 22548197, 28008718, 18216844]
7723819	conspiracy-365	[7066731]
7723820	conspiracy-365	[11972349, 7066730]
7725226	fantasy	[9379577, 7847051, 7363955]
7726036	fantasy	[]
7726143	vampires	[9607712, 13632428]
7726427	young-adult	[]
7727572	young-adult	[]
7731996	zombies	[]
7732360	young-adult	[]
7734470	vampires	[11931988, 7103421, 29359053, 293970]
7735325	young-adult	[10425244, 10076198]
7735329	fantasy	[]
7735331	young-adult	[11196757]
7735333	young-adult	[10454915, 10996312, 10401868, 12359568, 11310465, 11394845, 13640579]
7736087	percy-jackson	[18513639]
7736665	young-adult	[11734416]
7737852	young-adult	[9084463]
7738763	conspiracy-365	[7066729]
7739950	vampires	[]
7740030	young-adult	[]
7740060	paranormal	[]
7740127	young-adult	[112674]
7740152	young-adult	[10100188, 9526374, 7796816, 10326912, 9517639]
7740225	fantasy	[10182070]
7741325	young-adult	[9305872, 9551275, 10800703, 10264464, 23384157, 16051601, 22590773, 28214003]
7742067	young-adult	[10430014, 8269059, 8548449]
7742850	light-novels	[7996556]
7743782	fantasy	[13389135, 15737959, 17345763, 10034291]
7744064	vampires	[]
7744611	young-adult	[15721629, 17304840, 17623990]
7745771	young-adult	[8549876, 8120065, 6936339, 12037056, 12445397, 7833099, 12014119]
7747064	fantasy	[8645360, 11398136, 9616780, 16070592, 16104137]
7747263	vampires	[9367080, 11153214]
7747374	young-adult	[8598746, 8598781, 8442817, 10229572, 8930976, 8930977, 10635084, 9462073]
7755425	buffy	[]
7756722	fantasy	[25560251, 24885524, 29356121]
7757634	paranormal	[]
7760140	fantasy	[11364806]
7760613	fantasy	[6801582, 10049889, 6918912]
7761069	horror	[]
7765642	young-adult	[13562579]
7765763	young-adult	[20039902]
7766020	middle-grade	[13526141]
7766027	young-adult	[17307847, 15790832, 23167465]
7766070	young-adult	[16095930, 15798696]
7767748	vampires	[8511062, 6277667, 8723751, 1216147]
7767952	mermaids	[]
7770715	young-adult	[7922821, 11965510, 9842470]
7775602	young-adult	[9872409, 6485421]
7775611	vampires	[]
7775631	young-adult	[]
7775665	young-adult	[]
7775695	star-trek	[10161352, 19549158]
7775710	young-adult	[]
7775735	young-adult	[]
7775755	horror	[9269471, 10473083]
7775764	vampires	[]
7776692	young-adult	[8423493, 9312497, 13577338, 12510082, 16280929]
7778981	angels	[8477932, 8666416, 9922718]
7779042	fantasy	[6461779, 9638691, 6681393, 9638692]
7779805	vampires	[6609636, 8258376, 6421587, 7945409]
7781705	fantasy	[135887]
7786474	young-adult	[]
7786516	young-adult	[8708189]
7787711	young-adult	[6658573]
7789774	romance	[8355715]
7789810	young-adult	[]
7789830	young-adult	[]
7789983	young-adult	[]
7791997	young-adult	[9482584, 10783506, 10601512, 16686027]
7794569	young-adult	[8494260, 9021404, 15789038, 9045524]
7796279	young-adult	[17020, 18846813]
7796390	young-adult	[]
7796794	fantasy	[11514090, 18007081, 19198253]
7796816	young-adult	[10326912, 9517639]
7797130	fantasy	[]
7797874	young-adult	[9029038, 13637578, 17661216]
7799991	young-adult	[25835450, 8165967]
7800188	young-adult	[]
7801124	vampires	[8428035]
7802714	young-adult	[38703, 6586515]
7804115	young-adult	[8459521, 6555517, 11523354, 21853420]
7804212	fantasy	[9404327]
7804244	young-adult	[]
7804936	fantasy	[]
7805064	young-adult	[9730370, 10059238, 11884401, 20652376, 21547975, 20957276, 18077840, 23388663, 25719310]
7805304	vampires	[18163848, 3770158, 11440584]
7805716	young-adult	[]
7806466	conspiracy-365	[]
7806594	young-adult	[]
7806907	vampires	[6681333]
7809017	young-adult	[]
7810517	young-adult	[8321433, 8238189, 10592948, 9776328]
7811073	steampunk	[7826116, 10406518, 10190900, 17468970]
7811417	fantasy	[]
7811491	dystopia	[]
7812068	young-adult	[]
7812107	young-adult	[11337089]
7816926	fantasy	[18190302, 22456224, 7848832, 7848833, 2167829]
7817635	teenlit	[]
7817785	vampires	[9502428, 9944841, 10087885, 11273599]
7818683	young-adult	[]
7818881	vampires	[]
7821892	witches	[]
7821931	fantasy	[8767117, 6387565, 7054178]
7821932	young-adult	[7646805, 10909677, 12456538, 18517232, 9609061]
7823330	time-travel	[10583277, 13537310]
7823382	vampires	[]
7823502	young-adult	[10135426]
7823524	young-adult	[10175383, 7967375, 12193819, 10789108]
7823585	romance	[]
7823592	fantasy	[7894237, 9438589, 7571140, 9719981, 10787380, 17142118, 32021967, 29563550, 32494578]
7823600	young-adult	[11418576, 11374911, 8700565]
7823669	young-adult	[]
7823797	horror	[]
7823800	horror	[]
7823974	young-adult	[11385190]
7824322	young-adult	[]
7825640	young-adult	[7804115, 8459521, 6555517, 11523354, 21853420]
7825677	contemporary	[]
7826116	steampunk	[10406518, 10190900, 17468970]
7826162	young-adult	[]
7826215	steampunk	[8360859, 6050678]
7826381	young-adult	[]
7826504	ally-carter	[]
7827247	young-adult	[8147219]
7828784	fantasy	[12550603, 11772902, 27670913]
7830215	gifted	[]
7830775	fantasía	[]
7831742	young-adult	[11700222]
7833099	young-adult	[12014119]
7838980	young-adult	[]
7841497	young-adult	[]
7841501	star-trek	[]
7842288	young-adult	[9498397, 7978958, 11201534, 18406926]
7842829	young-adult	[7825640, 7804115, 8459521, 6555517, 11523354, 21853420]
7842849	vampires	[6441509, 7002360, 9570516, 6441507, 10795284]
7842875	young-adult	[6327164, 5597552, 7972527]
7842898	young-adult	[9720007, 7805716]
7843045	young-adult	[12043291, 10911181, 18323404, 10193699, 23014101, 22041701, 23995302, 19064110, 23344468]
7843321	young-adult	[1151552, 12063240, 7919125, 9815655, 9815653, 13617344, 15931642]
7844256	fantasy	[9464425]
7844725	young-adult	[8700257, 9214925, 10052335, 10415671, 7765642, 13562579]
7844808	young-adult	[7112322]
7847051	fantasy	[7363955]
7847071	fantasy	[8151239]
7847708	fantasy	[]
7848083	young-adult	[]
7848832	fantasy	[7848833, 2167829]
7848833	fantasy	[2167829]
7848975	vampires	[7089344]
7849034	fantasy	[16065584, 17335524, 18046764, 22582344, 18936816]
7849341	fantasy	[12044735, 12080697, 12171378, 15854206, 17347530]
7849503	young-adult	[9557505, 9475894, 13083068, 17702716, 18757458, 20758103]
7851761	young-adult	[9453833, 18485889]
7851770	fantasy	[9512908]
7851921	vampires	[]
7852774	fantasy	[19616454, 22096570]
7853977	young-adult	[]
7855109	young-adult	[14762213, 7292468]
7857382	young-adult	[]
7857555	young-adult	[8134766]
7857557	fantasy	[9873630, 16032010, 8129970, 9518237]
7861449	young-adult	[]
7863274	young-adult	[]
7864308	spanish	[20809904]
7864312	fantasy	[]
7864323	young-adult	[13062911]
7864437	young-adult	[11162293, 15677818, 13117292, 13265138, 16051967, 22311017, 18684870]
7875327	young-adult	[9804617, 11641704, 9551036]
7876139	fantasy	[8432018, 10126657, 16172431, 20914274, 24885531, 29356118, 3777732]
7876543	fantasy	[8249150, 6474771]
7877549	fantasy	[9442041]
7877758	paranormal	[15728198]
7882459	young-adult	[]
7882673	young-adult	[]
7882701	young-adult	[9151683, 11476488]
7884756	the-clique	[]
7885091	young-adult	[10157240, 7885092, 10891197]
7885092	young-adult	[10891197]
7885914	young-adult	[4286100]
7886247	vampires	[]
7886302	fantasy	[12770277, 11072839]
7889416	young-adult	[9676673, 9842976]
7889776	young-adult	[]
7890026	young-adult	[]
7890058	young-adult	[8450566]
7890688	young-adult	[]
7891269	young-adult	[]
7891320	young-adult	[6347386, 6949153]
7891586	mystery	[2985546]
7892398	young-adult	[12136023]
7894237	fantasy	[9438589, 7571140, 9719981, 10787380, 17142118, 32021967, 29563550, 32494578]
7896141	young-adult	[]
7896345	young-adult	[9801384, 11765916]
7896527	young-adult	[13574861, 16080337, 17312836, 16034235, 18693277, 18069207, 19234711, 25568631, 25619751, 32672150]
7897851	young-adult	[17860671, 12305365]
7898276	young-adult	[1472456, 6507411, 17334390]
7902204	fantasy	[]
7904155	alex-rider	[]
7906105	young-adult	[9669642]
7906820	young-adult	[30323771, 5819551]
7913404	young-adult	[13630788]
7913590	vampires	[7600922]
7915168	realistic-fiction	[]
7919125	young-adult	[9815655, 9815653, 13617344, 15931642]
7922821	young-adult	[11965510, 9842470]
7923062	conspiracy-365	[]
7924112	young-adult	[]
7926791	young-adult	[10341506]
7929047	vampires	[6544486, 7224599]
7929317	cherub	[9956339]
7930335	young-adult	[13605310, 21473777, 17241734, 15717651, 17317597, 18684377, 17333239, 18392499]
7932973	vampires	[]
7933050	young-adult	[7707538]
7933615	house-of-night	[18002770, 13371258, 13539201, 16053929, 17621273]
7933617	vampires	[10470567, 13185941, 16044945, 11368694]
7933620	young-adult	[18232217, 1326258]
7933894	angels	[8701950]
7934481	fantasy	[]
7936243	young-adult	[20553661, 11329540, 8084114]
7936576	young-adult	[9759531, 7159016]
7936967	fantasy	[]
7937462	young-adult	[7937675, 8540454, 8033769, 8393531, 8008339, 22590228, 8043288, 17877914]
7937542	young-adult	[11362649, 12951504]
7937657	young-adult	[12209930, 12034409]
7937675	young-adult	[8540454, 8033769, 8393531, 8008339, 22590228, 8043288, 17877914]
7937812	conspiracy-365	[12679510]
7938267	young-adult	[6321718]
7938275	young-adult	[9199085, 18272182, 11301989, 11395753, 18919902, 23597099, 18870676]
7940923	vampires	[8379307]
7940997	young-adult	[9739777]
7941200	young-adult	[13503382, 8588789]
7941467	angels	[]
7941797	fantasy	[]
7943678	young-adult	[]
7943939	fantasy	[3064985]
7944608	vampires	[]
7944994	young-adult	[]
7945409	vampires	[]
7945799	young-adult	[]
7947811	vampires	[]
7948358	young-adult	[]
7948945	young-adult	[10211192]
7949046	parody	[9673890]
7951387	young-adult	[8200473, 13003205, 17564568, 8976759]
7951843	romance	[]
7952245	young-adult	[]
7953094	young-adult	[]
7953186	young-adult	[11420684, 12368167, 15789722, 17280346, 17382168]
7953555	fantasy	[8967378]
7955588	fantasy	[]
7956156	young-adult	[12946311]
7956260	young-adult	[10101548, 9861596, 11114701, 14623961, 22040968, 29915951]
7956312	vampires	[11419189]
7958389	young-adult	[17208924, 17982821, 22849277, 23629060, 18918102, 11802865]
7963743	fantasy	[]
7963752	young-adult	[3188580]
7964761	young-adult	[]
7965418	fantasy	[]
7965963	young-adult	[]
7966006	young-adult	[]
7966007	young-adult	[7966006]
7967375	young-adult	[12193819, 10789108]
7968653	young-adult	[]
7969468	young-adult	[]
7969715	fantasy	[7828784, 12550603, 11772902, 27670913]
7969795	young-adult	[]
7971339	young-adult	[13052310, 13576376, 6468718]
7972206	young-adult	[864758, 112675]
7972373	young-adult	[]
7972420	fantasy	[5962744]
7972527	young-adult	[]
7973904	humor	[10234910]
7978177	fantasy	[10335468, 10886579, 11400082, 25434032, 22822650, 24885649, 10644236, 8700058]
7978958	young-adult	[11201534, 18406926]
7981459	young-adult	[10865096, 11074233]
7986524	young-adult	[]
7987206	fantasy	[1581365, 6508005, 8126116, 7662175, 8267049, 15995188, 22449288]
7987931	young-adult	[198689, 994233]
7989399	young-adult	[]
7990006	realistic-fiction	[7601895, 10155307]
7991200	angels	[9800210, 12371854, 12245214, 11486175, 9713071, 10987979, 11250953]
7992995	fantasy	[11789782, 6743523, 13614353, 11736997, 11789783]
7993975	fantasy	[]
7994327	young-adult	[]
7995207	young-adult	[]
7996556	light-novels	[]
7998318	young-adult	[]
8008220	vampires	[9940728, 6917951, 11594182, 6972193, 6972192]
8008339	young-adult	[22590228, 8043288, 17877914]
8008609	young-adult	[8845893, 7953186, 11420684, 12368167, 15789722, 17280346, 17382168]
8013391	young-adult	[23384380, 11103043]
8013813	young-adult	[]
8016634	angels	[9437028]
8030167	vampires	[]
8033769	young-adult	[8393531, 8008339, 22590228, 8043288, 17877914]
8038788	zombies	[9466390, 9532749, 12854808, 21888732, 11768919]
8041361	young-adult	[59264]
8041873	young-adult	[9463117, 12354691]
8042277	horror	[10747195]
8042281	young-adult	[6850264]
8042847	young-adult	[]
8043288	young-adult	[17877914]
8043762	young-adult	[17559897, 6420846]
8044584	young-adult	[7805064, 9730370, 10059238, 11884401, 20652376, 21547975, 20957276, 18077840, 23388663, 25719310]
8046350	vampires	[8177155, 12956871, 30123368, 9402163]
8046569	young-adult	[7022166, 9446162, 9869262, 9266802]
8046680	young-adult	[11063345, 12073363, 13407799]
8049016	vampires	[]
8049545	young-adult	[9530954]
8051458	zombies	[]
8051981	young-adult	[8883511, 8714379, 8082145, 8331388]
8061032	young-adult	[]
8061183	young-adult	[]
8064750	young-adult	[10690415, 12477532, 15005725]
8064751	young-adult	[13272758, 17680293]
8064752	young-adult	[]
8064753	young-adult	[]
8069535	young-adult	[]
8069602	young-adult	[]
8069603	young-adult	[]
8069816	young-adult	[9203089]
8070049	fantasy	[8435228]
8070241	fantasy	[]
8071526	young-adult	[9651457, 11293651, 162085]
8074519	young-adult	[11099439, 17186390]
8075161	young-adult	[]
8075204	young-adult	[9033057, 10798814, 15704232, 18335896, 20665621]
8077466	fantasy	[9720086, 12091606, 3290542]
8077470	fantasy	[9720087, 9627649]
8077713	young-adult	[12892553, 17165654]
8081589	angels	[8614685]
8082145	young-adult	[8331388]
8082583	young-adult	[11920108]
8084114	young-adult	[]
8086300	steampunk	[18190548, 18839866]
8088201	young-adult	[]
8098298	young-adult	[8549395, 9245909, 8763666, 12793197, 10368172, 17166132, 6909544]
8100166	conspiracy-365	[11972354]
8100422	young-adult	[]
8100432	young-adult	[10615136, 11298503]
8100904	young-adult	[9450082, 13083087, 10813423, 17702723, 20758105, 18814304]
8109130	young-adult	[8920403, 10482975, 9805317, 10804548, 17296008, 8525606]
8109141	young-adult	[11719946]
8113512	fantasy	[]
8115908	young-adult	[]
8116037	young-adult	[9591447, 20422833]
8116140	fantasy	[18775809]
8117274	young-adult	[8071526, 9651457, 11293651, 162085]
8117276	pretty-little-liars	[15994223, 1537534]
8117491	young-adult	[9227125, 17855388]
8117665	fantasy	[3018469, 3425375, 4883008, 6440860, 6706602, 8391824, 1162544]
8117666	young-adult	[19742774, 1655536, 47926, 6367280]
8118140	young-adult	[8341522, 2866718, 6378455, 7944994]
8118141	young-adult	[7933620, 18232217, 1326258]
8118212	young-adult	[17374111, 30373749, 7853977]
8120065	young-adult	[6936339, 12037056, 12445397, 7833099, 12014119]
8122052	young-adult	[]
8123073	young-adult	[2493975, 3416531]
8123088	young-adult	[8577924, 162089]
8123092	young-adult	[]
8123095	pretty-little-liars	[5169623, 6515380, 19480550]
8123097	pretty-little-liars	[13507622]
8123443	young-adult	[6106296]
8123901	young-adult	[7001361, 9472032, 3432478, 6518042, 6595466, 8869643, 7971339, 13052310, 13576376, 6468718]
8126116	fantasy	[7662175, 8267049, 15995188, 22449288]
8126325	young-adult	[]
8129464	science-fiction	[10583288, 22736484]
8129775	fantasy	[12340859, 6600732]
8129970	fantasy	[9518237]
8130012	young-adult	[10569435, 11387534, 4927729]
8130013	vampires	[]
8130423	fantasy	[11332415, 9483974, 15722739, 8267056, 18463652, 7852774, 19616454, 22096570]
8130839	young-adult	[12358742, 12359121, 13595645, 16309941]
8130870	read-in-2014	[6527739, 11982788, 9720077, 7227564, 7047941, 10699613, 18660669, 345627, 31126769, 19053383]
8131640	young-adult	[30164804, 8991032]
8134596	vampire	[1003316]
8134703	young-adult	[]
8134766	young-adult	[]
8136350	young-adult	[6982754, 5266655, 7890026]
8136641	young-adult	[]
8137384	young-adult	[1301153]
8138131	young-adult	[]
8138232	teenlit	[]
8138666	fantasy	[40156, 1082753, 448873, 30363359]
8139160	young-adult	[8937699]
8139268	young-adult	[8164526, 12685000, 10418273]
8139543	fantasy	[19185128]
8140426	fantasy	[7019086, 7725226, 9379577, 7847051, 7363955]
8140429	fantasy	[7019087, 6240811, 6441303]
8140515	young-adult	[8294876, 7028064, 8341148]
8140573	young-adult	[6990801, 6973516, 8158951, 7136307, 6693473]
8141062	young-adult	[9108144, 7437016]
8141558	young-adult	[19469, 13536360, 830638]
8142605	fantasy	[9022230]
8143863	young-adult	[6368610, 10036577, 7383032, 6368609]
8144452	young-adult	[]
8145496	young-adult	[7184830, 6695785, 7745771, 8549876, 8120065, 6936339, 12037056, 12445397, 7833099, 12014119]
8145863	young-adult	[7796390]
8145864	young-adult	[7857382]
8146007	fantasy	[]
8146098	romance	[]
8147219	young-adult	[]
8148224	young-adult	[7827247, 8147219]
8148558	young-adult	[]
8148761	vampires	[7805304, 18163848, 3770158, 11440584]
8151239	fantasy	[]
8152409	young-adult	[25552211]
8152783	fear-street	[]
8153816	young-adult	[7855109, 14762213, 7292468]
8156092	young-adult	[7059135, 8716692, 16027323]
8158951	young-adult	[7136307, 6693473]
8160681	young-adult	[10616881]
8161464	horror	[19307858, 6933488, 7171771, 22540210]
8161632	fantasy	[]
8164410	young-adult	[9199703]
8164526	young-adult	[12685000, 10418273]
8165967	young-adult	[]
8171792	fantasy	[11873029]
8171984	angels	[]
8172572	young-adult	[]
8174014	chick-lit	[]
8176546	horror	[12196001]
8176574	fantasy	[7313448, 6518041, 3379051]
8177155	vampires	[12956871, 30123368, 9402163]
8177852	young-adult	[11243178]
8180349	young-adult	[7842898, 9720007, 7805716]
8183949	zombies	[]
8193573	ally-carter	[]
8196064	romance	[10429018, 13294116, 22548197, 28008718, 18216844]
8196067	young-adult	[4070493, 6815247]
8196698	fantasy	[11429790, 9520195, 12929218, 11079024]
8199037	young-adult	[7889416, 9676673, 9842976]
8199442	young-adult	[]
8200473	young-adult	[13003205, 17564568, 8976759]
8203319	young-adult	[10518197]
8205523	fantasy	[6250212, 8389035, 9277751, 6137154, 7069533]
8207515	humor	[7217255, 7973904, 10234910]
8214198	young-adult	[19300594, 4725929, 23900737, 479471]
8214693	young-adult	[6529027, 6937681, 30183]
8215045	young-adult	[8118140, 8341522, 2866718, 6378455, 7944994]
8219295	young-adult	[]
8220517	young-adult	[]
8231150	young-adult	[7812068]
8232243	young-adult	[]
8235178	young-adult	[25792120, 9533922, 13146226, 15463396]
8235919	fantasy	[6966045, 9498655, 13450054]
8236823	fantasy	[]
8236826	fantasy	[]
8238189	young-adult	[10592948, 9776328]
8239438	young-adult	[17426717, 16005272]
8240182	fantasy	[7876543, 8249150, 6474771]
8242366	young-adult	[7936576, 9759531, 7159016]
8242902	young-adult	[8734972]
8248438	fantasy	[9821781, 1068591]
8248442	fantasy	[]
8248443	young-adult	[9646093, 22859531, 13830]
8248444	fantasy	[]
8248445	fantasy	[7344635, 9646092, 13837]
8249150	fantasy	[6474771]
8249764	young-adult	[12876438]
8249765	young-adult	[13026935]
8251066	young-adult	[12017089, 2330877, 7000625]
8254259	young-adult	[9064403, 10814901, 10428229]
8256764	young-adult	[7006737, 6527741, 7542624, 6400755, 7476120, 11365045, 7742067, 10430014, 8269059, 8548449]
8258376	vampires	[6421587, 7945409]
8258991	young-adult	[]
8259362	young-adult	[]
8259397	young-adult	[]
8260173	young-adult	[7966007, 7966006]
8263961	romance	[]
8265155	young-adult	[]
8265408	first-reads	[]
8265644	fantasy	[30363361, 34414104]
8266468	young-adult	[]
8267049	fantasy	[15995188, 22449288]
8267056	fantasy	[18463652, 7852774, 19616454, 22096570]
8267066	demons	[12914992]
8269059	young-adult	[8548449]
8269450	paranormal	[23462230]
8272535	fantasy	[13175713, 30363360, 40158]
8286130	young-adult	[]
8288246	young-adult	[16636656, 8664091, 8442485, 8442486, 17844049, 11771994]
8289531	fantasy	[]
8294876	young-adult	[7028064, 8341148]
8294905	young-adult	[]
8298777	fantasy	[7234828]
8299165	fantasy	[]
8300878	young-adult	[]
8303955	fantasy	[]
8306300	young-adult	[]
8306725	fantasy	[]
8306741	fantasy	[32494992]
8306761	young-adult	[13368650, 18514742]
8306857	young-adult	[9717320, 10089874, 11316396, 12168042, 13335038, 13335037, 13424701, 16116728, 18044116, 18517479, 17873797, 18085525, 21803253]
8314102	young-adult	[10763644, 7800188]
8314214	young-adult	[9849587, 18284814, 20556780, 22912942]
8321056	young-adult	[7896141]
8321433	young-adult	[8238189, 10592948, 9776328]
8322565	young-adult	[9452482, 8722062, 12187799, 12943330, 12512617, 15717947, 13408579, 13578034, 13569253, 18738787]
8323629	young-adult	[]
8325307	childhood	[]
8329929	young-adult	[10303328, 13588319, 16120892]
8331388	young-adult	[]
8334535	fantasy	[179064, 444323]
8335338	young-adult	[6686092, 8074519, 11099439, 17186390]
8337087	dystopian	[9666818]
8338777	young-adult	[11595427, 13560404]
8340953	werewolves	[]
8341148	young-adult	[]
8341522	young-adult	[2866718, 6378455, 7944994]
8345521	young-adult	[]
8345999	young-adult	[]
8348236	young-adult	[17213337, 7137774, 12002589, 19337381]
8349348	vampires	[13511077, 30123399, 10211770]
8352767	young-adult	[18480310, 15750137]
8354134	young-adult	[]
8355715	romance	[]
8358316	romance	[12075564, 10363329]
8358615	young-adult	[15763236, 18079784]
8360859	steampunk	[6050678]
8364861	young-adult	[10840512]
8369680	young-adult	[]
8369681	young-adult	[]
8373527	angels	[9548294, 9504199, 11279038, 15818618]
8376549	young-adult	[15784168, 8574414, 17233160, 7776692, 8423493, 9312497, 13577338, 12510082, 16280929]
8376718	vampires	[8349348, 13511077, 30123399, 10211770]
8378239	fantasy	[22443698]
8379307	vampires	[]
8379643	pll	[6423149]
8384118	young-adult	[8391388, 19444309]
8386030	young-adult	[9196523]
8386064	young-adult	[10093823, 18107791, 7316440, 7316441, 9020144]
8388839	young-adult	[]
8389035	fantasy	[9277751, 6137154, 7069533]
8390574	vampires	[18194523, 7635404]
8390612	dystopia	[]
8391388	young-adult	[19444309]
8391794	young-adult	[18970951, 8520805]
8391824	fantasy	[1162544]
8392534	young-adult	[557332, 80246]
8392787	romance	[4268158, 7722903, 8196064, 10429018, 13294116, 22548197, 28008718, 18216844]
8393531	young-adult	[8008339, 22590228, 8043288, 17877914]
8396340	fantasy	[9887791, 10625574]
8398780	fantasy	[6443015, 4062214, 7756722, 25560251, 24885524, 29356121]
8398862	young-adult	[]
8403747	vampires	[]
8407173	young-adult	[]
8409017	fantasy	[20983310, 29092955]
8416817	young-adult	[]
8416819	young-adult	[9581446, 8475747, 10844771, 17335755, 17232717, 8416817]
8419432	romance	[]
8423493	young-adult	[9312497, 13577338, 12510082, 16280929]
8425439	young-adult	[8164410, 9199703]
8425687	young-adult	[]
8428012	young-adult	[16074918]
8428017	young-adult	[11476022]
8428035	vampires	[]
8428049	young-adult	[11240974]
8428050	angels	[11732792]
8428056	werewolves	[9909267, 8923118, 11558655]
8428064	young-adult	[9581464, 12429850, 12729152, 11629974, 21473233, 26033988, 26026376]
8428069	young-adult	[9266795, 13246617]
8428073	young-adult	[8069535]
8428195	fantasy	[]
8429632	young-adult	[994232, 7549910]
8430868	young-adult	[10417928]
8430893	young-adult	[12193717, 13562312]
8430916	young-adult	[10346359]
8430963	young-adult	[11359300]
8431746	science-fiction	[]
8431747	fantasy	[13057314]
8432018	fantasy	[10126657, 16172431, 20914274, 24885531, 29356118, 3777732]
8435228	fantasy	[]
8435445	young-adult	[11712471]
8437168	young-adult	[]
8437722	paranormal	[8783823]
8440825	young-adult	[8199037, 7889416, 9676673, 9842976]
8442485	young-adult	[8442486, 17844049, 11771994]
8442486	young-adult	[17844049, 11771994]
8442817	young-adult	[10229572, 8930976, 8930977, 10635084, 9462073]
8444776	maximum-ride	[]
8448478	fantasy	[]
8450169	fantasy	[]
8450566	young-adult	[]
8452309	young-adult	[]
8452340	young-adult	[13574702, 16112103, 16085467]
8453176	fantasy	[]
8454770	young-adult	[7543015, 8231150, 7812068]
8458018	fantasy	[11338698, 11295206, 15724960, 13444688, 12388756]
8459521	young-adult	[6555517, 11523354, 21853420]
8460504	zombies	[11019529, 8051458]
8462184	vampires	[]
8464021	young-adult	[10048815]
8466360	paranormal	[]
8466814	young-adult	[]
8468228	young-adult	[552889, 71629, 21800998]
8470445	young-adult	[]
8471992	young-adult	[13622704]
8474545	young-adult	[352428]
8475505	young-adult	[18108276, 22521588]
8475747	young-adult	[10844771, 17335755, 17232717, 8416817]
8476360	young-adult	[3157877]
8477932	angels	[8666416, 9922718]
8478549	young-adult	[]
8480035	angels	[]
8484243	fantasy	[]
8485839	contemporary	[19209479]
8486632	vampires	[6484204]
8487351	young-adult	[8890436]
8487363	young-adult	[10363749]
8487365	angels	[]
8488054	young-adult	[]
8490112	fantasy	[10763598, 12958067, 11511945, 11732479, 10305156, 10767985, 13266803, 13601350, 13528340, 13600168, 16179873]
8491983	fantasy	[6948214, 11454598, 18463661, 22456292, 7941797]
8492825	young-adult	[10814419, 9077895, 11630823, 9455461, 9815249, 11736995, 12405977, 23124721, 16060904, 18631188, 22909825, 23252136, 30749495, 27882977]
8492856	young-adult	[]
8493681	witches	[]
8494260	young-adult	[9021404, 15789038, 9045524]
8494275	vampires	[8494276]
8494276	vampires	[]
8494485	young-adult	[]
8497647	erotica	[16000240, 6601254]
8500544	steampunk	[]
8501291	angels	[]
8501304	angels	[]
8505011	young-adult	[13793395, 20758104, 3167229]
8507450	dystopian	[]
8507864	young-adult	[]
8509359	young-adult	[8709406, 9735120, 22376932]
8510879	young-adult	[8972331]
8511041	young-adult	[6954142, 9587707, 1216144]
8511042	young-adult	[9342256, 9498798, 9529036, 8964322, 1216138]
8511062	vampires	[6277667, 8723751, 1216147]
8511265	vampires	[9401395, 7507657, 6708137, 8932146]
8514163	young-adult	[15717112, 10778187]
8516245	christian-fiction	[]
8517207	young-adult	[11663097, 12912532]
8518051	fantasy	[]
8518606	young-adult	[6956621, 10874864, 11175781, 8138131]
8519822	fantasy	[17189655, 16246926]
8520805	young-adult	[]
8521307	young-adult	[13498847, 144350, 3815319]
8521629	vampires	[]
8521630	paranormal	[]
8525590	young-adult	[]
8525598	young-adult	[]
8525606	young-adult	[]
8526585	young-adult	[10471552, 13414843, 22070080, 10766057]
8527591	vampires	[]
8527904	young-adult	[]
8527908	young-adult	[]
8527942	fantasy	[]
8528645	young-adult	[]
8529230	young-adult	[]
8529690	young-adult	[7704979]
8531229	young-adult	[]
8534899	fantasy	[11416793]
8534978	first-reads	[]
8535273	zombies	[16082323, 17187423]
8538414	young-adult	[22339002]
8540357	zombies	[9532750, 21888733, 18824548, 8183949]
8540454	young-adult	[8033769, 8393531, 8008339, 22590228, 8043288, 17877914]
8542996	supernatural	[11255169, 12248174]
8545069	young-adult	[]
8546095	young-adult	[]
8546379	young-adult	[8428017, 11476022]
8546613	young-adult	[15746322]
8548449	young-adult	[]
8548772	young-adult	[]
8549098	teenlit	[18456607]
8549395	young-adult	[9245909, 8763666, 12793197, 10368172, 17166132, 6909544]
8549876	young-adult	[8120065, 6936339, 12037056, 12445397, 7833099, 12014119]
8549990	young-adult	[3975774, 7103420]
8556638	young-adult	[17386185, 21942465]
8557812	vampires	[]
8559096	fantasy	[7241448]
8563789	young-adult	[]
8564935	fantasy	[8678711, 11457525, 12180581, 12133821, 13403651, 13448322, 13612808, 26222810]
8565594	young-adult	[6660491, 10127308, 6235397]
8567232	young-adult	[9411579]
8567502	young-adult	[]
8567586	young-adult	[8100432, 10615136, 11298503]
8569233	fantasy	[4259870]
8571801	young-adult	[9405809]
8572704	young-adult	[9274910, 11548288]
8573632	young-adult	[13416225, 16053765, 18485333, 19193276]
8573642	fantasy	[12593099, 15718272]
8574414	young-adult	[17233160, 7776692, 8423493, 9312497, 13577338, 12510082, 16280929]
8575295	vampires	[9007838]
8576171	fantasy	[12406113, 16248004]
8577924	young-adult	[162089]
8578691	young-adult	[]
8579486	young-adult	[23250087, 32719960]
8579933	young-adult	[]
8581147	young-adult	[9918123]
8581413	fantasy	[8581418, 7811417]
8581418	fantasy	[7811417]
8581936	paranormal	[11484335, 10409278, 13496499, 12981384, 11063947]
8583832	young-adult	[13156406, 3229394]
8584388	young-adult	[8122052]
8584853	young-adult	[10215401, 9733208, 10691798, 20580988]
8585694	young-adult	[9884117, 9739702]
8585830	young-adult	[]
8586547	young-adult	[8591108]
8586587	young-adult	[8077713, 12892553, 17165654]
8586722	erotica	[12593243]
8586874	young-adult	[9689552]
8587084	young-adult	[7843045, 12043291, 10911181, 18323404, 10193699, 23014101, 22041701, 23995302, 19064110, 23344468]
8587154	young-adult	[7958389, 17208924, 17982821, 22849277, 23629060, 18918102, 11802865]
8588789	young-adult	[]
8589915	young-adult	[22070943, 2970898]
8589955	fantasy	[6401002]
8590082	vampires	[20320494]
8591107	young-adult	[11841579, 14860083, 13547135, 16181513, 17676197]
8591108	young-adult	[]
8592303	vampires	[9226830]
8595102	young-adult	[]
8597919	young-adult	[]
8597922	young-adult	[]
8598746	young-adult	[8598781, 8442817, 10229572, 8930976, 8930977, 10635084, 9462073]
8598781	young-adult	[8442817, 10229572, 8930976, 8930977, 10635084, 9462073]
8600703	young-adult	[8911677, 9537785]
8601327	young-adult	[10812458, 11197293, 20620056, 12403797]
8601666	young-adult	[]
8602079	young-adult	[10438778, 13405246, 15992908, 20493695, 21911416, 22738932, 4374400]
8603765	young-adult	[]
8604267	young-adult	[17666746, 2225234, 832144, 18119, 77473, 24963098, 563765]
8604304	young-adult	[]
8604308	humor	[]
8605496	young-adult	[]
8607205	vampires	[10959535, 11359828, 11301492]
8608257	steampunk	[13591677, 11062065]
8608400	sports	[9068794]
8608740	young-adult	[10867619, 10187639, 13625474, 14739750]
8609161	young-adult	[]
8614631	young-adult	[8586547, 8591108]
8614685	angels	[]
8618207	fantasy	[601719]
8619829	young-adult	[]
8621466	young-adult	[8901974]
8621472	young-adult	[]
8621476	vampires	[7699119]
8621536	to-buy	[]
8624534	young-adult	[8430868, 10417928]
8625620	young-adult	[7775665]
8627000	chick-lit	[7525782]
8627005	chick-lit	[205057]
8627917	young-adult	[]
8627927	young-adult	[]
8628340	young-adult	[7940997, 9739777]
8628347	young-adult	[]
8628362	québécois	[]
8635145	angels	[12288524, 13490798, 18828660]
8645360	fantasy	[11398136, 9616780, 16070592, 16104137]
8652190	house-of-night	[9367062, 9692517, 13010348, 11213522, 11454580]
8652467	young-adult	[333942, 8258991]
8652534	young-adult	[11338268, 1554366]
8652543	young-adult	[1554364]
8652565	fantasy	[2521369]
8659601	young-adult	[10637845, 10677715, 13480683, 10740735, 13105929]
8661987	fantasy	[15703332]
8662135	fantasy	[]
8662836	young-adult	[13511321, 13495860, 13519778, 22548199]
8663366	young-adult	[13258752, 6925666]
8663600	young-adult	[7710333, 7265901, 8322565, 9452482, 8722062, 12187799, 12943330, 12512617, 15717947, 13408579, 13578034, 13569253, 18738787]
8664091	young-adult	[8442485, 8442486, 17844049, 11771994]
8664283	paranormal	[]
8664957	young-adult	[17137808, 22545955]
8666028	fantasy	[]
8666416	angels	[9922718]
8673931	young-adult	[]
8677937	young-adult	[10420700]
8678711	fantasy	[11457525, 12180581, 12133821, 13403651, 13448322, 13612808, 26222810]
8680025	mystery	[]
8680278	young-adult	[10858520, 12057812]
8680504	young-adult	[]
8684868	young-adult	[8663600, 7710333, 7265901, 8322565, 9452482, 8722062, 12187799, 12943330, 12512617, 15717947, 13408579, 13578034, 13569253, 18738787]
8685004	young-adult	[7936243, 20553661, 11329540, 8084114]
8685612	fantasy	[12449369, 11071584, 12553963]
8685754	young-adult	[21816749]
8686026	young-adult	[]
8687948	fantasy	[]
8688066	fantasy	[9606604, 7978177, 10335468, 10886579, 11400082, 25434032, 22822650, 24885649, 10644236, 8700058]
8689301	young-adult	[7953094]
8689544	young-adult	[]
8692082	young-adult	[970477]
8696678	fantasy	[]
8696992	fantasy	[13071174, 5983175, 3303, 16529, 16533, 6294280]
8700058	fantasy	[]
8700257	young-adult	[9214925, 10052335, 10415671, 7765642, 13562579]
8700443	young-adult	[7718013]
8700565	young-adult	[]
8700602	young-adult	[6930002, 10331443]
8700723	young-adult	[10468400, 8428064, 9581464, 12429850, 12729152, 11629974, 21473233, 26033988, 26026376]
8701874	chick-lit	[13076603]
8701950	angels	[]
8702396	vampires	[7457397, 7336256]
8703185	young-adult	[8152409, 25552211]
8703332	christian-fiction	[8736423]
8704185	paranormal	[]
8704448	fantasy	[9901775, 10333001, 8534899, 11416793]
8707554	young-adult	[]
8708154	young-adult	[]
8708189	young-adult	[]
8708376	fantasy	[12421729]
8709347	young-adult	[]
8709406	young-adult	[9735120, 22376932]
8709523	young-adult	[12751185, 14589221, 15710229, 13643375, 15894007, 18599580]
8709524	young-adult	[21093828, 22838025, 22369464, 19432036]
8709526	young-adult	[17235105, 17234645, 18132143, 18911809]
8709527	young-adult	[11201920, 10945140, 13449489]
8709528	young-adult	[22457061, 23395811, 24895536, 25377533]
8709640	young-adult	[10710433, 12082414, 12393888, 15812817]
8710049	fantasy	[11359904, 6448471, 13380039, 13174719]
8710747	young-adult	[12509973, 15709802, 15735710, 18172372]
8713020	horror	[12007062, 13665059, 13646547]
8714189	vampires	[7095692]
8714379	young-adult	[8082145, 8331388]
8715032	young-adult	[11183952, 9600796, 12968296, 13509367, 12394197, 17202324]
8716117	fairy-tales	[]
8716692	young-adult	[16027323]
8716878	young-adult	[4134071]
8717430	young-adult	[16066260]
8717746	young-adult	[7933050, 7707538]
8718952	vampires	[]
8719634	fantasy	[8857824, 8688066, 9606604, 7978177, 10335468, 10886579, 11400082, 25434032, 22822650, 24885649, 10644236, 8700058]
8719777	angels	[]
8720917	young-adult	[]
8722062	young-adult	[12187799, 12943330, 12512617, 15717947, 13408579, 13578034, 13569253, 18738787]
8723751	vampires	[1216147]
8724084	angels	[9797377, 11748622]
8725106	v-c-andrews	[]
8727608	science-fiction	[]
8728897	young-adult	[11733134, 9494364, 12996766, 11289151, 12226400, 8525590]
8729640	young-adult	[]
8731447	horror	[]
8732857	young-adult	[]
8734972	young-adult	[]
8735255	fantasy	[]
8736423	christian-fiction	[]
8749430	young-adult	[9637528, 8716878, 4134071]
8755776	fantasy	[12964324, 13438568, 13264701, 15729137, 15719929, 15722810, 15846037, 17613449, 17449657, 18333029, 18775848, 22063856, 24885521, 21061789]
8755785	fantasy	[18629142, 18868664, 21937130, 18775657, 20331482, 22450140, 23527509, 25644677, 24944889, 25893213, 20870695]
8757361	fantasy	[10636358, 13385700]
8757375	young-adult	[10773251]
8762780	young-adult	[]
8763350	vampires	[]
8763666	young-adult	[12793197, 10368172, 17166132, 6909544]
8765923	young-adult	[]
8766162	vampires	[]
8767117	fantasy	[6387565, 7054178]
8768472	young-adult	[9398067]
8772077	cathy-cassidy	[11340274, 11548620]
8776757	fantasy	[]
8777595	fantasy	[]
8781550	young-adult	[]
8782149	young-adult	[8717430, 16066260]
8782399	mermaids	[]
8783823	paranormal	[]
8789318	young-adult	[]
8789405	ghosts	[]
8794160	star-trek	[]
8796700	young-adult	[]
8803932	young-adult	[12529847]
8806926	science-fiction	[6275767]
8807684	dystopian	[11265105, 9862121, 16149515]
8811134	young-adult	[13009950, 11878181, 12851322, 17552529, 20565061, 13188077]
8811139	young-adult	[17664287, 21293411]
8811401	science-fiction	[23393368]
8811847	romance	[13503656, 16079785, 480846, 19298820]
8813957	young-adult	[]
8819598	young-adult	[9471965, 10191720, 13600138]
8825710	vampires	[8390574, 18194523, 7635404]
8827905	science-fiction	[]
8835379	fantasy	[11531817, 11306615, 27805717, 18046859, 12358349]
8835897	vampires	[]
8835902	christian-fiction	[]
8842986	steampunk	[6696340, 10096031]
8843723	romance	[]
8843789	young-adult	[10634910, 13135758]
8845893	young-adult	[7953186, 11420684, 12368167, 15789722, 17280346, 17382168]
8846412	giveaway	[]
8847496	fantasy	[864835, 5985406, 8967]
8848084	vampires	[]
8850243	young-adult	[17828466]
8852672	fantasy	[]
8855387	fantasy	[9914703, 11127301, 10388376, 12958374, 10471939, 11100298, 13547092, 17226128, 25560279, 24885508, 18222170]
8857824	fantasy	[8688066, 9606604, 7978177, 10335468, 10886579, 11400082, 25434032, 22822650, 24885649, 10644236, 8700058]
8869643	young-adult	[7971339, 13052310, 13576376, 6468718]
8876222	fantasy	[7657828, 6407514]
8880275	paranormal	[9569691]
8882815	fantasy	[9122393]
8883123	young-adult	[10600855]
8883130	young-adult	[]
8883358	zombies	[10863078]
8883511	young-adult	[8714379, 8082145, 8331388]
8884533	conspiracy-365	[]
8884616	young-adult	[15801395, 20655593, 27473676]
8886737	fantasy	[23947523]
8887358	mystery	[]
8890284	young-adult	[]
8890436	young-adult	[]
8890951	young-adult	[]
8891878	young-adult	[7339755, 6554735, 7476121, 11512595, 2802316]
8900186	young-adult	[7607518, 7653931, 11365017, 9814274, 12877866, 13099871, 5996153, 6754536]
8901953	young-adult	[10496609]
8901974	young-adult	[]
8903595	angels	[]
8911677	young-adult	[9537785]
8920403	young-adult	[10482975, 9805317, 10804548, 17296008, 8525606]
8922087	young-adult	[]
8923118	werewolves	[11558655]
8928054	young-adult	[]
8930976	young-adult	[8930977, 10635084, 9462073]
8930977	young-adult	[10635084, 9462073]
8932146	vampires	[]
8933193	young-adult	[]
8937699	young-adult	[]
8937941	young-adult	[]
8939377	young-adult	[7130788, 7937542, 11362649, 12951504]
8951449	zombies	[14588779, 31351167]
8951555	young-adult	[]
8951772	m-m	[11003584]
8960470	vampires	[14449767]
8960483	vampires	[]
8961563	zombies	[8038788, 9466390, 9532749, 12854808, 21888732, 11768919]
8964322	young-adult	[1216138]
8964805	vampires	[2456529]
8967378	fantasy	[]
8969919	contemporary	[20983987]
8972331	young-adult	[]
8976759	young-adult	[]
8989655	short-stories	[]
8991032	young-adult	[]
8999892	paranormal	[8664283]
9001257	young-adult	[9434460]
9001561	vampires	[]
9001660	vampires	[12275207, 6617790, 11393193]
9002823	young-adult	[10297969, 7799991, 25835450, 8165967]
9003770	young-adult	[]
9004758	young-adult	[12862612]
9007838	vampires	[]
9010058	young-adult	[7058022, 8386030, 9196523]
9015663	angels	[]
9020144	young-adult	[]
9021404	young-adult	[15789038, 9045524]
9022230	fantasy	[]
9025022	fantasy	[13563645]
9025186	young-adult	[16074780, 24885537, 26542880, 29356081]
9029038	young-adult	[13637578, 17661216]
9031163	vampires	[10066545, 13113746]
9033057	young-adult	[10798814, 15704232, 18335896, 20665621]
9043061	fantasy	[]
9045524	young-adult	[]
9049167	رجل-المستحيل	[]
9049414	رجل-المستحيل	[]
9049452	رجل-المستحيل	[]
9059608	young-adult	[7890058, 8450566]
9064403	young-adult	[10814901, 10428229]
9064899	paranormal	[16106743, 18038860]
9068793	sports	[]
9068794	sports	[]
9070186	vampires	[9675566]
9073839	young-adult	[]
9077895	young-adult	[11630823, 9455461, 9815249, 11736995, 12405977, 23124721, 16060904, 18631188, 22909825, 23252136, 30749495, 27882977]
9084118	young-adult	[9526389, 7941200, 13503382, 8588789]
9084463	young-adult	[]
9085265	new-adult	[17876856, 18619593]
9087239	fantasy	[]
9091814	young-adult	[11024202]
9108144	young-adult	[7437016]
9118080	young-adult	[7906105, 9669642]
9119668	young-adult	[16058362, 13125636, 8933193]
9121117	young-adult	[175004]
9122393	fantasy	[]
9123979	young-adult	[7079883, 7097618]
9129325	young-adult	[]
9132487	young-adult	[]
9135893	angels	[]
9141116	fantasy	[44170, 499118]
9141426	young-adult	[8529230]
9144969	sports	[]
9151683	young-adult	[11476488]
9156663	young-adult	[13319603, 7285601, 10857048, 12187803, 12885649, 13616052, 13562614, 13562963, 18626858]
9165406	young-adult	[]
9166877	young-adult	[12974459, 11200056, 14899481, 19031494]
9169486	fantasy	[]
9172332	teen	[]
9174818	young-adult	[10367314]
9182417	mystery	[10663757]
9182478	young-adult	[11237525, 10901026]
9188333	paranormal	[10252123]
9196523	young-adult	[]
9199085	young-adult	[18272182, 11301989, 11395753, 18919902, 23597099, 18870676]
9199346	zombies	[10048874, 10407830, 13135319, 11478165, 13355014]
9199594	vampires	[8835897]
9199703	young-adult	[]
9200919	fantasy	[]
9203089	young-adult	[]
9206583	horror	[12908035]
9208646	middle-grade	[17605471, 29605778]
9211607	young-adult	[]
9211862	vampires	[8621476, 7699119]
9214925	young-adult	[10052335, 10415671, 7765642, 13562579]
9216157	christian	[6741865]
9221254	vampires	[10714973, 7280026]
9222713	young-adult	[]
9226830	vampires	[]
9226841	vampires	[]
9227125	young-adult	[17855388]
9238506	young-adult	[]
9239571	young-adult	[10965391, 12143142]
9242339	young-adult	[6741871]
9244992	young-adult	[]
9245909	young-adult	[8763666, 12793197, 10368172, 17166132, 6909544]
9248345	young-adult	[19196185]
9248434	steampunk	[6681831, 6261097]
9250968	paranormal	[]
9256414	young-adult	[11043885, 11308387, 13371234]
9261004	young-adult	[10775740]
9261030	young-adult	[]
9266496	young-adult	[]
9266753	vampires	[]
9266757	mystery	[]
9266769	chick-lit	[9718044, 13649741]
9266774	young-adult	[]
9266776	young-adult	[]
9266781	science-fiction	[]
9266793	young-adult	[11037934]
9266794	young-adult	[]
9266795	young-adult	[13246617]
9266799	young-adult	[7948358]
9266802	young-adult	[]
9266804	young-adult	[]
9266810	young-adult	[]
9269471	horror	[10473083]
9270518	young-adult	[10081477]
9271920	contemporary	[26779340]
9272275	young-adult	[]
9272742	young-adult	[]
9273158	young-adult	[]
9274910	young-adult	[11548288]
9275197	young-adult	[9525723, 9646374]
9277335	fantasy	[10178917, 13594785]
9277339	steampunk	[12971656]
9277500	young-adult	[8549990, 3975774, 7103420]
9277751	fantasy	[6137154, 7069533]
9279734	romance	[15732569, 19290947, 10126734]
9280811	young-adult	[]
9284655	fantasy	[12857693, 13091999, 23158342]
9285029	dystopian	[13167084, 15984147, 17222419, 18692306]
9293309	young-adult	[]
9297774	dystopian	[12868972, 11807583, 12926489, 10429082, 11345832]
9300960	young-adult	[]
9302283	time-travel	[]
9303291	dystopian	[]
9305414	fantasy	[]
9305616	young-adult	[11358000, 11952316, 10088446]
9305872	young-adult	[9551275, 10800703, 10264464, 23384157, 16051601, 22590773, 28214003]
9306028	vampires	[]
9308202	young-adult	[]
9312497	young-adult	[13577338, 12510082, 16280929]
9314359	zombies	[9944814, 9861389]
9317110	teen-fantasy	[]
9339970	young-adult	[]
9342256	young-adult	[9498798, 9529036, 8964322, 1216138]
9349915	fantasy	[]
9358007	fantasy	[8666028]
9364808	vampires	[9211862, 8621476, 7699119]
9366996	young-adult	[13584415]
9367062	house-of-night	[9692517, 13010348, 11213522, 11454580]
9367080	vampires	[11153214]
9369687	young-adult	[11120205]
9369720	young-adult	[10877373, 9529706, 11783962, 11503121, 13209712, 12957973, 9945127]
9369726	young-adult	[11515468, 11687350]
9370766	young-adult	[]
9370793	young-adult	[6586540, 16078585, 13581049, 13086115]
9372217	horror	[9902547, 12470201, 25223591, 7823800]
9378297	young-adult	[13596431, 13077542, 23484511, 13057003]
9379577	fantasy	[7847051, 7363955]
9391880	angels	[8016634, 9437028]
9394691	fantasy	[444332]
9395215	young-adult	[9720768, 10775407]
9396089	horror	[89791]
9396162	young-adult	[]
9397159	fantasy	[14739098]
9397685	young-adult	[]
9397858	young-adult	[6853842, 22089478, 7624095, 8689301, 7953094]
9397967	young-adult	[11094434, 11212855, 15830927]
9398067	young-adult	[]
9401395	vampires	[7507657, 6708137, 8932146]
9401662	young-adult	[]
9402163	vampires	[]
9403947	young-adult	[]
9404327	fantasy	[]
9405809	young-adult	[]
9407534	dragons	[11508674]
9407790	fantasy	[]
9409362	fantasy	[17624000]
9409392	young-adult	[]
9409458	young-adult	[11106719, 9718047, 12070792, 12793778, 13639208, 18527511, 11090324]
9409469	fantasy	[12309160, 12973281, 12475616]
9409614	fantasy	[]
9411387	science-fiction	[8727608]
9411579	young-adult	[]
9412471	young-adult	[17928853, 9855298]
9413044	young-adult	[]
9414658	vampires	[7913590, 7600922]
9415100	young-adult	[]
9415946	fantasy	[]
9415951	young-adult	[]
9415956	young-adult	[13701720]
9415957	young-adult	[13489584, 13153167]
9415962	monster-high	[13036094]
9415964	young-adult	[]
9415966	young-adult	[12863801, 11534906]
9416377	vampires	[6976966]
9424367	dystopian	[12140724, 16067081, 17166140]
9428330	young-adult	[]
9431289	fantasy	[]
9433912	young-adult	[18142561]
9434351	young-adult	[9480292, 7124095]
9434460	young-adult	[]
9436088	young-adult	[11244459]
9436534	young-adult	[9509298]
9437028	angels	[]
9437655	paranormal	[]
9438589	fantasy	[7571140, 9719981, 10787380, 17142118, 32021967, 29563550, 32494578]
9439989	young-adult	[11061092, 13458816, 25871069]
9442041	fantasy	[]
9446162	young-adult	[9869262, 9266802]
9450082	young-adult	[13083087, 10813423, 17702723, 20758105, 18814304]
9452482	young-adult	[8722062, 12187799, 12943330, 12512617, 15717947, 13408579, 13578034, 13569253, 18738787]
9453833	young-adult	[18485889]
9455461	young-adult	[9815249, 11736995, 12405977, 23124721, 16060904, 18631188, 22909825, 23252136, 30749495, 27882977]
9456611	darren-shan	[11332523]
9460487	fantasy	[]
9461066	summer	[]
9461115	young-adult	[15943372]
9461872	young-adult	[11995820, 11126171, 19722869]
9462073	young-adult	[]
9462637	fantasy	[]
9462676	fantasy	[9756195, 10712598, 11496636, 13330387]
9462774	angels	[11250599, 18219079]
9462775	young-adult	[9944889, 10654716, 18625418, 26074213, 13264468]
9462779	young-adult	[]
9462795	fantasy	[10105930, 9721690]
9462806	young-adult	[11477267]
9462812	young-adult	[9742373, 9985697, 12680390, 13187961]
9462889	fantasy	[]
9463117	young-adult	[12354691]
9463563	young-adult	[10194953]
9464425	fantasy	[]
9464733	young-adult	[]
9465677	young-adult	[]
9466390	zombies	[9532749, 12854808, 21888732, 11768919]
9470371	young-adult	[]
9470985	christian-fiction	[]
9471670	mermaids	[17184349]
9471696	zombies	[8951449, 14588779, 31351167]
9471697	young-adult	[11669417, 13327859]
9471965	young-adult	[10191720, 13600138]
9472032	young-adult	[3432478, 6518042, 6595466, 8869643, 7971339, 13052310, 13576376, 6468718]
9475805	paranormal	[9692085]
9475894	young-adult	[13083068, 17702716, 18757458, 20758103]
9478415	young-adult	[8203319, 10518197]
9479671	young-adult	[16614760, 493456, 959322, 12244867]
9479994	vampires	[]
9480292	young-adult	[7124095]
9480548	young-adult	[9797582, 8584853, 10215401, 9733208, 10691798, 20580988]
9482584	young-adult	[10783506, 10601512, 16686027]
9483974	fantasy	[15722739, 8267056, 18463652, 7852774, 19616454, 22096570]
9494364	young-adult	[12996766, 11289151, 12226400, 8525590]
9498397	young-adult	[7978958, 11201534, 18406926]
9498655	fantasy	[13450054]
9498798	young-adult	[9529036, 8964322, 1216138]
9500494	young-adult	[]
9502428	vampires	[9944841, 10087885, 11273599]
9503954	young-adult	[]
9504199	angels	[11279038, 15818618]
9504203	young-adult	[13021836]
9504212	young-adult	[13615033]
9504214	young-adult	[11581671]
9505528	young-adult	[8608740, 10867619, 10187639, 13625474, 14739750]
9509236	vampires	[]
9509298	young-adult	[]
9512908	fantasy	[]
9515613	paranormal	[17160733]
9517639	young-adult	[]
9518237	fantasy	[]
9518419	zombies	[9314359, 9944814, 9861389]
9520195	fantasy	[12929218, 11079024]
9520360	young-adult	[11550149, 11486830, 14059969, 13643785, 16299169, 13644180, 17999618, 16719727, 22052170, 23474057]
9520776	young-adult	[6443784, 6069648]
9521307	vampires	[]
9522160	mermaids	[]
9525723	young-adult	[9646374]
9526374	young-adult	[7796816, 10326912, 9517639]
9526389	young-adult	[7941200, 13503382, 8588789]
9526658	vampires	[]
9528679	young-adult	[12037359]
9529036	young-adult	[8964322, 1216138]
9529227	vampires	[]
9529232	vampires	[]
9529706	young-adult	[11783962, 11503121, 13209712, 12957973, 9945127]
9530954	young-adult	[]
9532749	zombies	[12854808, 21888732, 11768919]
9532750	zombies	[21888733, 18824548, 8183949]
9533922	young-adult	[13146226, 15463396]
9535352	young-adult	[]
9536651	young-adult	[11298522]
9536655	young-adult	[11957197]
9537565	young-adult	[16309932]
9537785	young-adult	[]
9541850	young-adult	[11203698]
9542046	young-adult	[11211912, 20442190]
9542082	mythology	[]
9542582	young-adult	[13035989]
9543475	vampires	[10292193, 13280426, 18685259, 6377359, 8030167]
9544818	young-adult	[]
9544890	young-adult	[9708692]
9548029	dystopian	[]
9548294	angels	[9504199, 11279038, 15818618]
9548964	young-adult	[15793624, 21466354, 26205510]
9550620	magic	[]
9551036	young-adult	[]
9551275	young-adult	[10800703, 10264464, 23384157, 16051601, 22590773, 28214003]
9553503	angels	[10484178, 13531483]
9554790	young-adult	[12806139]
9557505	young-adult	[9475894, 13083068, 17702716, 18757458, 20758103]
9558074	young-adult	[]
9567353	science-fiction	[]
9568542	young-adult	[7038582, 15810691, 12182839, 6990472, 6740549, 6740548, 10924852, 8602079, 10438778, 13405246, 15992908, 20493695, 21911416, 22738932, 4374400]
9568989	young-adult	[]
9569470	young-adult	[]
9569691	paranormal	[]
9570156	historical-fiction	[]
9570516	vampires	[6441507, 10795284]
9575046	young-adult	[8514163, 15717112, 10778187]
9578590	vampires	[12928756, 12966565]
9578717	fantasy	[6623580, 7844256, 9464425]
9579636	dystopian	[12005121]
9581446	young-adult	[8475747, 10844771, 17335755, 17232717, 8416817]
9581464	young-adult	[12429850, 12729152, 11629974, 21473233, 26033988, 26026376]
9583203	horses	[]
9583227	mermaids	[]
9587707	young-adult	[1216144]
9588863	young-adult	[]
9588890	young-adult	[]
9591447	young-adult	[20422833]
9593332	m-m	[119015]
9593911	science-fiction	[12954062, 12603261, 13585888, 15833669, 16009694, 13637648, 16083507, 17451911, 25608937]
9593913	young-adult	[15985638, 16159765, 16853922, 18244205, 18635144, 18089940, 24235271]
9595892	young-adult	[]
9600796	young-adult	[12968296, 13509367, 12394197, 17202324]
9606604	fantasy	[7978177, 10335468, 10886579, 11400082, 25434032, 22822650, 24885649, 10644236, 8700058]
9607712	vampires	[13632428]
9608252	young-adult	[12992845]
9609061	young-adult	[]
9614345	young-adult	[71865, 2075603, 8601327, 10812458, 11197293, 20620056, 12403797]
9616780	fantasy	[16070592, 16104137]
9627649	fantasy	[]
9627755	young-adult	[21850308, 16153521, 25561068, 24611770]
9630569	young-adult	[13409705, 13617485]
9631277	vampires	[]
9635114	need	[]
9635325	young-adult	[11651982, 18159085, 17372641]
9637524	urban-fantasy	[13080297]
9637528	young-adult	[8716878, 4134071]
9637580	young-adult	[6277665, 6573776, 8511041, 6954142, 9587707, 1216144]
9637944	young-adult	[6389631]
9637954	young-adult	[199688, 819788]
9637979	steampunk	[]
9638227	young-adult	[6473959, 7114364]
9638691	fantasy	[6681393, 9638692]
9638692	fantasy	[]
9639243	young-adult	[]
9639859	young-adult	[9963600]
9640042	vampires	[]
9642278	angels	[13601538, 15738849]
9643425	vampires	[]
9643469	young-adult	[]
9644151	young-adult	[13025656]
9646092	fantasy	[13837]
9646093	young-adult	[22859531, 13830]
9646374	young-adult	[]
9648553	young-adult	[11372739, 9630569, 13409705, 13617485]
9649388	young-adult	[7306746, 10120539, 23589406, 15722012]
9649924	fantasy	[7171748]
9650796	young-adult	[]
9651457	young-adult	[11293651, 162085]
9653641	young-adult	[6684263]
9654101	robin-jones-gunn	[]
9655178	young-adult	[]
9655195	young-adult	[17371832, 22555925, 9568989]
9655284	young-adult	[]
9655287	fantasy	[]
9655293	vampires	[]
9656388	young-adult	[23159949, 32795823, 29100948]
9657852	fantasy	[4613709, 149169, 837674, 4613633, 3304, 23516045, 7120584, 13179413, 67660]
9659607	fantasy	[12471240, 18516256]
9662110	young-adult	[9844326, 9750577, 21570172]
9662386	fantasy	[10382285, 15715492, 14624487, 15843397]
9662589	mystery	[]
9662597	mystery	[]
9666812	angels	[11765876, 11825915, 16146295]
9666818	dystopian	[]
9666870	young-adult	[9608252, 12992845]
9668171	fantasy	[7743782, 13389135, 15737959, 17345763, 10034291]
9669642	young-adult	[]
9671126	angels	[13490795, 15900897, 15942622, 18967763]
9673193	young-adult	[]
9673890	parody	[]
9675020	fantasy	[]
9675566	vampires	[]
9676673	young-adult	[9842976]
9677397	young-adult	[18222891]
9678633	fantasy	[]
9680114	romance	[11346281, 12425146, 13418924, 14828459, 14583422, 22320091, 22557696]
9680403	young-adult	[]
9680718	young-adult	[13568511, 22908923, 30632701]
9680728	zombies	[]
9681214	young-adult	[11140407, 11644946, 13643353, 17838215]
9681408	young-adult	[]
9681561	young-adult	[452141]
9687295	young-adult	[]
9687600	fantasy	[19173015]
9689552	young-adult	[]
9690216	young-adult	[6998558]
9692085	paranormal	[]
9692517	house-of-night	[13010348, 11213522, 11454580]
9692768	vampires	[9001660, 12275207, 6617790, 11393193]
9692830	fantasy	[7876139, 8432018, 10126657, 16172431, 20914274, 24885531, 29356118, 3777732]
9692831	young-adult	[9025186, 16074780, 24885537, 26542880, 29356081]
9692846	fantasy	[7816926, 18190302, 22456224, 7848832, 7848833, 2167829]
9692955	young-adult	[333941, 7532719]
9692959	young-adult	[8652467, 333942, 8258991]
9692988	young-adult	[7235831, 8511042, 9342256, 9498798, 9529036, 8964322, 1216138]
9692989	young-adult	[6392133, 6573775, 15831243, 6953394, 9305616, 11358000, 11952316, 10088446]
9692996	young-adult	[]
9693540	steampunk	[7826215, 8360859, 6050678]
9693759	angels	[]
9695206	young-adult	[9971366, 9461872, 11995820, 11126171, 19722869]
9696853	young-adult	[]
9698893	young-adult	[10236463]
9703097	young-adult	[9681408]
9704083	young-adult	[]
9704165	young-adult	[10796252]
9706200	tenho	[23632673, 29243275]
9708131	young-adult	[]
9708692	young-adult	[]
9711714	young-adult	[]
9713071	angels	[10987979, 11250953]
9716923	fantasy	[10114828]
9716929	mermaids	[]
9717320	young-adult	[10089874, 11316396, 12168042, 13335038, 13335037, 13424701, 16116728, 18044116, 18517479, 17873797, 18085525, 21803253]
9717361	young-adult	[16112899, 13047878]
9718044	chick-lit	[13649741]
9718047	young-adult	[12070792, 12793778, 13639208, 18527511, 11090324]
9719971	vampires	[7744064]
9719981	fantasy	[10787380, 17142118, 32021967, 29563550, 32494578]
9720000	young-adult	[10323629]
9720007	young-adult	[7805716]
9720023	young-adult	[17302117]
9720056	young-adult	[8545069]
9720077	read-in-2014	[7227564, 7047941, 10699613, 18660669, 345627, 31126769, 19053383]
9720086	fantasy	[12091606, 3290542]
9720087	fantasy	[9627649]
9720088	fantasy	[12996967, 17263181]
9720766	young-adult	[]
9720767	young-adult	[]
9720768	young-adult	[10775407]
9721690	fantasy	[]
9722149	young-adult	[15725304]
9723754	vampires	[10002219]
9725666	young-adult	[2415810, 26531259, 1046362]
9727762	young-adult	[6368607, 5152561, 6432984]
9727768	fantasy	[5957312, 6586465, 8589955, 6401002]
9728761	young-adult	[12497955]
9728843	vampires	[10583269, 10791940]
9729681	young-adult	[]
9730082	fantasy	[]
9730144	middle-grade	[]
9730370	young-adult	[10059238, 11884401, 20652376, 21547975, 20957276, 18077840, 23388663, 25719310]
9733208	young-adult	[10691798, 20580988]
9734454	young-adult	[]
9735120	young-adult	[22376932]
9737828	young-adult	[9680403]
9739234	zombies	[12908799]
9739702	young-adult	[]
9739777	young-adult	[]
9741685	fantasy	[12357615, 33154755]
9742373	young-adult	[9985697, 12680390, 13187961]
9743432	young-adult	[9804593]
9744557	young-adult	[6739111]
9747943	angels	[]
9749291	young-adult	[9471697, 11669417, 13327859]
9750577	young-adult	[21570172]
9751511	fantasy	[27074937]
9752133	young-adult	[18212314]
9752754	dystopian	[17282604, 17794830, 16702662, 25692844]
9752790	dystopia	[17899664, 24752904, 28673198, 19673266]
9754815	young-adult	[19508953, 22172497]
9755769	young-adult	[23309818]
9756195	fantasy	[10712598, 11496636, 13330387]
9756277	romance	[11549899]
9757310	horror	[]
9758765	young-adult	[]
9759297	young-adult	[13507720, 16059524]
9759531	young-adult	[7159016]
9760071	vampires	[]
9761771	young-adult	[17914228, 17936377, 28523877]
9761778	young-adult	[19000376, 34598146]
9772513	young-adult	[28104]
9772642	angels	[]
9773058	vampires	[]
9774821	young-adult	[]
9775218	young-adult	[]
9776328	young-adult	[]
9776441	young-adult	[954674, 7101257, 9293309]
9776809	fantasy	[11052185, 22797416, 9462889]
9777463	young-adult	[]
9779094	young-adult	[]
9780099	zombies	[16080478]
9780117	fantasy	[]
9782708	young-adult	[9692831, 9025186, 16074780, 24885537, 26542880, 29356081]
9783478	young-adult	[1190505, 1189515]
9783811	young-adult	[]
9784709	vampires	[15788114]
9789648	fantasy	[]
9790990	dystopian	[]
9791886	young-adult	[1578869, 1830572, 839223, 839226, 45978, 1339888, 311512, 5945894]
9791902	young-adult	[24514370]
9791910	sci-fi	[21469049]
9792199	young-adult	[]
9794437	young-adult	[11480387, 12606851, 13180874, 16086327, 15812814]
9794441	young-adult	[]
9797377	angels	[11748622]
9797582	young-adult	[8584853, 10215401, 9733208, 10691798, 20580988]
9798177	realistic-fiction	[26139640, 15782966, 18802143, 12225252, 18887715]
9800210	angels	[12371854, 12245214, 11486175, 9713071, 10987979, 11250953]
9800343	young-adult	[]
9801002	young-adult	[]
9801384	young-adult	[11765916]
9802372	young-adult	[11353780, 10409347, 13595639, 23129158]
9804593	young-adult	[]
9804617	young-adult	[11641704, 9551036]
9805317	young-adult	[10804548, 17296008, 8525606]
9807262	young-adult	[]
9810413	vampires	[]
9814274	young-adult	[12877866, 13099871, 5996153, 6754536]
9815249	young-adult	[11736995, 12405977, 23124721, 16060904, 18631188, 22909825, 23252136, 30749495, 27882977]
9815327	young-adult	[9815328, 15058657, 21412526, 6479286]
9815328	young-adult	[15058657, 21412526, 6479286]
9815421	fantasy	[9284655, 12857693, 13091999, 23158342]
9815653	young-adult	[13617344, 15931642]
9815655	young-adult	[9815653, 13617344, 15931642]
9816077	young-adult	[11783995]
9816583	young-adult	[]
9821781	fantasy	[1068591]
9823002	young-adult	[3751844]
9823113	blue-jeans	[]
9828218	young-adult	[10842964, 11200068, 9975659, 15702412]
9833184	young-adult	[18866664, 18758169, 18667877]
9834117	young-adult	[916875, 12930, 916877, 16181432, 13450968, 884361]
9836659	young-adult	[]
9838800	mystery	[13595638, 23169190]
9841004	fear-street	[89798]
9841693	young-adult	[]
9842470	young-adult	[]
9842569	vampires	[12473264, 9521307]
9842606	young-adult	[13080245]
9842956	young-adult	[]
9842976	young-adult	[]
9843424	young-adult	[]
9844326	young-adult	[9750577, 21570172]
9846385	romance	[]
9849587	young-adult	[18284814, 20556780, 22912942]
9853855	tenho	[]
9855298	young-adult	[]
9856144	paranormal	[12828479]
9856191	paranormal	[9856144, 12828479]
9858504	fantasy	[11431174]
9858517	young-adult	[12987331, 17179954]
9858714	young-adult	[9884118, 18306038, 18501782]
9859436	young-adult	[]
9860213	romance	[]
9861389	zombies	[]
9861596	young-adult	[11114701, 14623961, 22040968, 29915951]
9861743	vampires	[]
9862015	young-adult	[554194]
9862121	dystopian	[16149515]
9866730	vampires	[]
9867814	young-adult	[17465698]
9867900	fantasy	[]
9869262	young-adult	[9266802]
9872409	young-adult	[6485421]
9872927	young-adult	[]
9873443	fantasy	[10002000]
9873445	young-adult	[10001793]
9873630	fantasy	[16032010, 8129970, 9518237]
9874603	young-adult	[]
9876031	young-adult	[]
9876077	young-adult	[]
9883674	young-adult	[]
9884117	young-adult	[9739702]
9884118	young-adult	[18306038, 18501782]
9886738	young-adult	[]
9887791	fantasy	[10625574]
9888775	young-adult	[]
9890841	fantasy	[6918909, 10857695]
9893331	pretty-little-liars	[10259656, 12879229, 16655507]
9893355	pretty-little-liars	[13231787, 22037759]
9893358	pretty-little-liars	[16217669]
9897164	young-adult	[23275512, 36168225]
9897748	chick-lit	[]
9898496	fantasy	[]
9901654	young-adult	[]
9901775	fantasy	[10333001, 8534899, 11416793]
9902547	horror	[12470201, 25223591, 7823800]
9904384	time-travel	[10236474, 18733424]
9905387	young-adult	[]
9909181	high-school-musical	[]
9909267	werewolves	[8923118, 11558655]
9913088	fantasy	[]
9914703	fantasy	[11127301, 10388376, 12958374, 10471939, 11100298, 13547092, 17226128, 25560279, 24885508, 18222170]
9914850	young-adult	[9001257, 9434460]
9915707	young-adult	[13062080]
9917684	young-adult	[11617619]
9917938	young-adult	[12756863, 12400425, 12790954]
9917945	young-adult	[]
9917957	vampires	[]
9917998	zombies	[11033827]
9918007	young-adult	[7597710]
9918053	young-adult	[]
9918068	young-adult	[7192384]
9918083	steampunk	[10137994, 17705912]
9918093	young-adult	[]
9918102	young-adult	[]
9918110	angels	[]
9918123	young-adult	[]
9918128	young-adult	[]
9918133	young-adult	[11514838, 13605564, 16464943, 10329368]
9918277	young-adult	[]
9921274	young-adult	[7533117, 2123654, 2198718, 332572, 2650712, 4852379, 6574814, 6260801, 3358608, 8391794, 18970951, 8520805]
9922718	angels	[]
9938111	vampires	[9773058]
9939122	young-adult	[11301636]
9940728	vampires	[6917951, 11594182, 6972193, 6972192]
9942081	young-adult	[]
9942091	spy	[10200677]
9943228	young-adult	[16066531, 17302511, 16280666]
9944814	zombies	[9861389]
9944841	vampires	[10087885, 11273599]
9944889	young-adult	[10654716, 18625418, 26074213, 13264468]
9945127	young-adult	[]
9954020	young-adult	[]
9955669	horror	[11754243, 12377928]
9956339	cherub	[]
9959159	fantasy	[15729395]
9960624	james-patterson	[]
9961796	young-adult	[10787121, 17227576, 16101168, 22247695, 23533128]
9963600	young-adult	[]
9971366	young-adult	[9461872, 11995820, 11126171, 19722869]
9972323	romance	[]
9972838	young-adult	[]
9972882	young-adult	[13232966, 13130341, 13531534]
9975400	young-adult	[11800695, 13538828]
9975659	young-adult	[15702412]
9975679	young-adult	[11230648, 11414358, 13415060]
9978127	young-adult	[]
9978196	young-adult	[10409526, 12924342, 13084766]
9982010	young-adult	[]
9984322	young-adult	[6058551]
9985697	young-adult	[12680390, 13187961]
9989273	young-adult	[]
9989287	young-adult	[29791777, 9989273]
9994968	young-adult	[9308202]
9996067	horror	[]
9999813	young-adult	[12814550]
10000600	young-adult	[]
10000794	polish	[]
10001576	angels	[]
10001793	young-adult	[]
10002000	young-adult	[]
10002219	vampires	[]
10013815	young-adult	[]
10025007	vampires	[16300215]
10025305	fantasy	[11293952, 10050463, 13647552, 13614994, 12788037, 15719891, 15999171, 15989859, 17699306, 24885507, 29356073, 18104059]
10034291	fantasy	[]
10036577	young-adult	[7383032, 6368609]
10040716	young-adult	[9558074]
10040727	young-adult	[6419093, 6422077, 8392534, 557332, 80246]
10041955	vampires	[]
10045810	young-adult	[]
10047353	young-adult	[163460, 15713698, 26116466, 562762, 7671305, 13279074]
10048562	young-adult	[8116037, 9591447, 20422833]
10048815	young-adult	[]
10048874	zombies	[10407830, 13135319, 11478165, 13355014]
10049889	fantasy	[6918912]
10050463	fantasy	[13647552, 13614994, 12788037, 15719891, 15999171, 15989859, 17699306, 24885507, 29356073, 18104059]
10051706	young-adult	[]
10052335	young-adult	[10415671, 7765642, 13562579]
10053149	fantasy	[6114777, 7953555, 8967378]
10059238	young-adult	[11884401, 20652376, 21547975, 20957276, 18077840, 23388663, 25719310]
10064872	fantasy	[1889476]
10066376	horror	[]
10066415	fantasy	[]
10066545	vampires	[13113746]
10069820	science-fiction	[10129036, 8811401, 23393368]
10072160	fantasy	[6470958, 12358299, 6892517, 2878668]
10076198	young-adult	[]
10079293	young-adult	[6519787]
10079311	young-adult	[]
10080392	young-adult	[17235055, 9569470]
10080578	young-adult	[]
10081477	young-adult	[]
10087885	vampires	[11273599]
10088391	young-adult	[]
10088446	young-adult	[]
10089874	young-adult	[11316396, 12168042, 13335038, 13335037, 13424701, 16116728, 18044116, 18517479, 17873797, 18085525, 21803253]
10093823	young-adult	[18107791, 7316440, 7316441, 9020144]
10095774	young-adult	[19065, 23636086, 23943343]
10096031	steampunk	[]
10100188	young-adult	[9526374, 7796816, 10326912, 9517639]
10101548	young-adult	[9861596, 11114701, 14623961, 22040968, 29915951]
10105930	fantasy	[9721690]
10114317	young-adult	[13234826]
10114321	vampires	[]
10114573	young-adult	[10124310]
10114828	fantasy	[]
10116191	young-adult	[22308769, 17278396]
10118172	young-adult	[11740574]
10119711	young-adult	[]
10120539	young-adult	[23589406, 15722012]
10120780	vampires	[15776358, 21795961]
10121801	fantasy	[13037617, 13163543]
10121956	young-adult	[3392285]
10123237	steampunk	[18058211, 24873664, 22521591]
10124225	reviewed	[]
10124310	young-adult	[]
10126142	young-adult	[]
10126657	fantasy	[16172431, 20914274, 24885531, 29356118, 3777732]
10126734	romance	[]
10127308	young-adult	[6235397]
10128165	young-adult	[28254411, 13415865, 11614718, 13599587, 13512432, 20617980]
10129036	science-fiction	[8811401, 23393368]
10129062	fantasy	[18089982]
10130436	young-adult	[8329929, 10303328, 13588319, 16120892]
10131347	fantasy	[]
10135426	young-adult	[]
10137716	young-adult	[]
10137994	steampunk	[17705912]
10138088	young-adult	[7810517, 8321433, 8238189, 10592948, 9776328]
10138125	young-adult	[5957314, 9727762, 6368607, 5152561, 6432984]
10141824	young-adult	[]
10145329	young-adult	[10602926, 8585830]
10145929	fantasy	[7943939, 3064985]
10148413	vampires	[]
10151346	young-adult	[11141211]
10151689	vampires	[8590082, 20320494]
10151730	young-adult	[13644286]
10152543	young-adult	[]
10155307	realistic-fiction	[]
10157240	young-adult	[7885092, 10891197]
10160762	young-adult	[9720000, 10323629]
10161352	star-trek	[19549158]
10165727	fantasy	[12154330]
10165761	fantasy	[15754483, 18404416]
10167391	young-adult	[]
10174795	young-adult	[12304821, 10834014, 12988410]
10175268	angels	[8903595]
10175383	young-adult	[7967375, 12193819, 10789108]
10175774	young-adult	[18761296, 18858408]
10178917	fantasy	[13594785]
10182070	fantasy	[]
10182347	young-adult	[]
10187639	young-adult	[13625474, 14739750]
10188580	young-adult	[17061676]
10190900	steampunk	[17468970]
10191720	young-adult	[13600138]
10191884	young-adult	[]
10192790	young-adult	[11850909]
10193062	dystopian	[15767101, 13519457, 18138213, 17286883]
10193699	young-adult	[23014101, 22041701, 23995302, 19064110, 23344468]
10194157	fantasy	[13578987, 12637460, 17254498, 16059492, 18670045, 18633797, 22819449, 33193822, 35384793]
10194494	young-adult	[15842239, 16068443]
10194514	young-adult	[18052596, 13560086, 16145531, 17796899, 20604155, 19213071]
10194953	young-adult	[]
10200677	spy	[]
10202332	young-adult	[]
10203031	fantasy	[11947829, 13604286, 13612837]
10204926	m-m	[]
10208591	young-adult	[]
10211192	young-adult	[]
10211770	vampires	[]
10211811	angels	[10558410, 12934098]
10213367	m-m	[10204926]
10215349	vampires	[13512392, 13449934, 13512389, 15803761, 17397374, 18688421, 33401863]
10215401	young-adult	[9733208, 10691798, 20580988]
10215963	young-adult	[]
10217533	young-adult	[]
10217534	young-adult	[]
10222362	young-adult	[15819259]
10222365	young-adult	[]
10222388	young-adult	[]
10225685	young-adult	[]
10227123	fantasy	[12122895]
10228967	steampunk	[6871121]
10229572	young-adult	[8930976, 8930977, 10635084, 9462073]
10232564	young-adult	[]
10233236	vampires	[]
10234910	humor	[]
10236463	young-adult	[]
10236474	time-travel	[18733424]
10245912	young-adult	[]
10252123	paranormal	[]
10259656	pretty-little-liars	[12879229, 16655507]
10261503	young-adult	[11516123, 10763780, 9972882, 13232966, 13130341, 13531534]
10261812	young-adult	[]
10264464	young-adult	[23384157, 16051601, 22590773, 28214003]
10264676	young-adult	[7821932, 7646805, 10909677, 12456538, 18517232, 9609061]
10267757	dystopian	[11516360]
10268370	young-adult	[]
10271616	young-adult	[12034558, 13256468, 7766070, 16095930, 15798696]
10284042	fantasy	[11740889]
10292193	vampires	[13280426, 18685259, 6377359, 8030167]
10295484	young-adult	[]
10295809	young-adult	[]
10297969	young-adult	[7799991, 25835450, 8165967]
10299192	fantasy	[7993975]
10302287	mental-illness	[11226555]
10303321	young-adult	[]
10303325	young-adult	[15817008, 17453163]
10303328	young-adult	[13588319, 16120892]
10303801	young-adult	[]
10304811	paranormal	[]
10305156	fantasy	[10767985, 13266803, 13601350, 13528340, 13600168, 16179873]
10308452	young-adult	[10368915]
10314229	angels	[]
10315753	young-adult	[11947235]
10318671	young-adult	[]
10318672	young-adult	[]
10323629	young-adult	[]
10324808	vampires	[]
10325884	chick-lit	[1634257, 6871030]
10326605	young-adult	[94062]
10326828	young-adult	[24988477]
10326912	young-adult	[9517639]
10327273	young-adult	[]
10327303	young-adult	[10382265, 15731732]
10328881	young-adult	[7332493, 8518606, 6956621, 10874864, 11175781, 8138131]
10329368	young-adult	[]
10329838	vampires	[12492823]
10331443	young-adult	[]
10331607	vampires	[]
10333001	fantasy	[8534899, 11416793]
10334017	young-adult	[8300878]
10335468	fantasy	[10886579, 11400082, 25434032, 22822650, 24885649, 10644236, 8700058]
10335701	young-adult	[]
10338622	young-adult	[10217533]
10339088	young-adult	[10167391]
10339851	vampires	[]
10340630	fantasy	[8518051]
10341506	young-adult	[]
10345255	young-adult	[]
10345489	fantasy	[10890761]
10345642	young-adult	[11371700, 11944882]
10345708	young-adult	[]
10345824	young-adult	[1004573, 1499517, 6084399, 11224227]
10345927	young-adult	[12237315, 12843274, 16069878, 13586791, 25787969]
10345937	young-adult	[17252473, 16176768, 15732938, 18584057, 17465475]
10346359	young-adult	[]
10346457	young-adult	[]
10346868	young-adult	[93728, 2009135, 25801356, 568609, 2997545]
10349192	young-adult	[]
10349566	young-adult	[10369850]
10349697	time-travel	[13642658, 16165058]
10352973	young-adult	[17341363, 18910250]
10356760	young-adult	[]
10358724	young-adult	[]
10361217	young-adult	[35568041]
10363329	romance	[]
10363749	young-adult	[]
10367314	young-adult	[]
10368172	young-adult	[17166132, 6909544]
10368915	young-adult	[]
10369850	young-adult	[]
10370867	young-adult	[25843088, 26245624]
10380227	young-adult	[11776697, 11922587]
10380319	fantasy	[7099399, 10145929, 7943939, 3064985]
10380505	young-adult	[15814474]
10381803	young-adult	[16164668]
10382215	young-adult	[16164882]
10382265	young-adult	[15731732]
10382285	fantasy	[15715492, 14624487, 15843397]
10385958	vampires	[9842569, 12473264, 9521307]
10388376	fantasy	[12958374, 10471939, 11100298, 13547092, 17226128, 25560279, 24885508, 18222170]
10389791	young-adult	[]
10393673	young-adult	[]
10395576	dragons	[13039728]
10396148	romance	[13258521]
10396235	young-adult	[8487351, 8890436]
10397956	tomorrow-girls	[]
10399263	angels	[]
10400575	fantasy	[19446711, 15785253]
10401039	young-adult	[13147099]
10401084	supernatural	[13616044, 12381271, 17839694]
10401868	young-adult	[12359568, 11310465, 11394845, 13640579]
10402369	realistic-fiction	[28869899]
10406518	steampunk	[10190900, 17468970]
10407121	young-adult	[2938728, 18079910, 12029011, 7541858, 6999776, 6820997, 9782708, 9692831, 9025186, 16074780, 24885537, 26542880, 29356081]
10407213	metropop	[]
10407830	zombies	[13135319, 11478165, 13355014]
10409278	paranormal	[13496499, 12981384, 11063947]
10409347	young-adult	[13595639, 23129158]
10409526	young-adult	[12924342, 13084766]
10410278	young-adult	[12772759, 14741640, 17453682, 25421308, 30239436]
10411356	young-adult	[]
10412352	young-adult	[]
10415671	young-adult	[7765642, 13562579]
10415951	i-own	[]
10417745	young-adult	[]
10417752	young-adult	[]
10417928	young-adult	[]
10418273	young-adult	[]
10420700	young-adult	[]
10421530	young-adult	[12399906, 15713862]
10421550	young-adult	[]
10425244	young-adult	[10076198]
10428229	young-adult	[]
10428902	fantasy	[11058389, 12658862, 11417254, 13573833, 13159888, 15723988, 13603056, 15848087, 16067349, 16080569, 22466620, 17244064, 17162156, 18798818, 20621490, 17930465, 26175968, 27468538, 26150650, 9460487]
10428983	fantasy	[]
10429005	young-adult	[]
10429015	young-adult	[11524066, 13110139, 13615055]
10429018	romance	[13294116, 22548197, 28008718, 18216844]
10429025	angels	[11183973, 11511432, 13623885]
10429033	mystery	[]
10429045	young-adult	[11472297, 17858051, 11510910, 13612861, 16006152, 15758139, 16156370, 13455782]
10429067	young-adult	[11135986, 11509269, 15957125, 13623826]
10429082	dystopian	[11345832]
10429092	fantasy	[11183955, 13386598, 13624038, 13614990]
10430014	young-adult	[8269059, 8548449]
10433900	young-adult	[11295192, 12912273, 19225931]
10438778	young-adult	[13405246, 15992908, 20493695, 21911416, 22738932, 4374400]
10441563	time-travel	[]
10442000	young-adult	[]
10444913	v-c-andrews	[578300]
10445208	fantasy	[12541330, 12747364, 13073578, 18479926]
10445356	young-adult	[]
10446897	young-adult	[]
10448883	fantasy	[153785]
10449088	fantasy	[]
10453826	young-adult	[]
10453827	young-adult	[13632615, 10453826]
10453828	young-adult	[11236985, 13632608, 20694229, 10349192]
10454915	young-adult	[10996312, 10401868, 12359568, 11310465, 11394845, 13640579]
10455529	young-adult	[]
10459088	young-adult	[10483801]
10459250	young-adult	[11580133]
10465776	young-adult	[]
10468400	young-adult	[8428064, 9581464, 12429850, 12729152, 11629974, 21473233, 26033988, 26026376]
10468701	young-adult	[17416020]
10470567	vampires	[13185941, 16044945, 11368694]
10471552	young-adult	[13414843, 22070080, 10766057]
10471939	fantasy	[11100298, 13547092, 17226128, 25560279, 24885508, 18222170]
10473083	horror	[]
10473144	young-adult	[13533752]
10473853	young-adult	[]
10476716	werewolves	[]
10477298	young-adult	[9132487]
10479340	young-adult	[12030018]
10482783	young-adult	[11255275]
10482975	young-adult	[9805317, 10804548, 17296008, 8525606]
10483801	young-adult	[]
10484178	angels	[13531483]
10484883	young-adult	[]
10490175	fantasy	[]
10493813	science-fiction	[11709155]
10494517	young-adult	[66975]
10495871	young-adult	[8248443, 9646093, 22859531, 13830]
10495926	fantasy	[8248445, 7344635, 9646092, 13837]
10496609	young-adult	[]
10503569	m-m	[]
10507293	young-adult	[13101912, 13564634, 16097138, 20409400, 17334525, 15818308, 17451210]
10508192	vampires	[]
10518197	young-adult	[]
10518595	young-adult	[]
10522443	fantasy	[]
10530700	young-adult	[]
10532196	v-c-andrews	[10930144]
10535171	young-adult	[10114317, 13234826]
10535458	dystopian	[]
10535625	young-adult	[]
10536802	young-adult	[7198023]
10542244	young-adult	[12081114, 12704568, 17434820, 12019355, 12928454]
10542403	young-adult	[18665367]
10547471	young-adult	[]
10549344	werewolves	[13500433]
10549501	vampires	[11662124, 11511514, 11670929]
10551037	young-adult	[29797356]
10551253	young-adult	[14759166, 19219392]
10551290	werewolves	[11570588, 12073638]
10552965	paranormal-romance	[12924442, 12234586]
10557752	vampires	[]
10558410	angels	[12934098]
10560331	young-adult	[13071063, 12397804]
10562004	fantasy	[]
10564983	young-adult	[]
10567183	angels	[17228503, 15835021, 17559479, 18967800]
10569435	young-adult	[11387534, 4927729]
10575263	witches	[]
10576365	young-adult	[15844644, 17229893, 17074229, 17874267, 17428644, 19083030, 23269790, 23731166]
10576681	young-adult	[7048936]
10578952	ghosts	[]
10579099	fantasy	[16059346]
10579347	zombies	[]
10583062	angels	[13413913, 8724084, 9797377, 11748622]
10583269	vampires	[10791940]
10583277	time-travel	[13537310]
10583288	science-fiction	[22736484]
10585958	fantasy	[7199667, 9913088]
10586317	young-adult	[]
10586539	must-read	[15826107, 13604334, 16164847, 16117888]
10592898	vampires	[]
10592948	young-adult	[9776328]
10594356	contemporary	[]
10596724	dystopian	[23364969]
10598505	wunschliste	[12485136]
10600855	young-adult	[]
10601486	young-adult	[]
10601512	young-adult	[16686027]
10602926	young-adult	[8585830]
10606104	fantasy	[]
10606242	angels	[13533757]
10606258	angels	[]
10611636	fantasy	[5211535, 7112492, 4045691]
10615136	young-adult	[11298503]
10616322	young-adult	[17383918, 17406183, 17899904, 17736795, 17383543, 18710464, 18710654, 19542808, 20910326, 21443484, 22038278, 22019444, 18713720, 18960669, 21143500, 18267158]
10616881	young-adult	[]
10618137	vampires	[10114321]
10620752	young-adult	[11461394, 29792734]
10625574	fantasy	[]
10626594	fantasy	[]
10626648	steampunk	[]
10627210	young-adult	[11813957, 13547432, 11099883]
10628415	first-reads	[]
10631724	young-adult	[]
10634286	dystopian	[13722300]
10634910	young-adult	[13135758]
10635084	young-adult	[9462073]
10635495	young-adult	[]
10635806	young-adult	[]
10636358	fantasy	[13385700]
10637174	young-adult	[]
10637510	vampires	[]
10637717	fantasy	[2748241]
10637724	dystopian	[]
10637728	young-adult	[]
10637748	dystopian	[11253892, 12958103]
10637766	young-adult	[12581738, 15769221, 16162759, 15801288]
10637834	young-adult	[]
10637838	young-adult	[13544466]
10637845	young-adult	[10677715, 13480683, 10740735, 13105929]
10640020	young-adult	[12366634]
10644236	fantasy	[8700058]
10647815	young-adult	[]
10652356	zombies	[16166049]
10654716	young-adult	[18625418, 26074213, 13264468]
10657638	paranormal	[10775474]
10661081	vampires	[12919912]
10662420	young-adult	[17323652, 18266202, 22845459]
10662433	young-adult	[20759749, 23232301, 21411912, 20743262, 25224637]
10663757	mystery	[]
10664130	vampires	[]
10676662	dragons	[]
10677277	dystopian	[13026381, 12010985, 15793096]
10677715	young-adult	[13480683, 10740735, 13105929]
10679230	young-adult	[11781706, 34841782]
10680601	young-adult	[10601486]
10690415	young-adult	[12477532, 15005725]
10691798	young-adult	[20580988]
10693147	young-adult	[]
10699108	zombies	[]
10699517	paranormal	[]
10699613	read-in-2014	[18660669, 345627, 31126769, 19053383]
10701114	fantasy	[26138975]
10710208	fantasy	[]
10710392	young-adult	[]
10710406	vampires	[13026499]
10710433	young-adult	[12082414, 12393888, 15812817]
10710505	young-adult	[]
10712598	fantasy	[11496636, 13330387]
10713851	paranormal	[]
10714386	fantasy	[7151460]
10714886	maybe	[]
10714973	vampires	[7280026]
10722553	young-adult	[]
10726280	young-adult	[20893894]
10726285	time-travel	[]
10728512	fantasy	[]
10739664	science-fiction	[22701805]
10740735	young-adult	[13105929]
10744752	young-adult	[13614147, 17333258]
10747195	horror	[]
10747753	young-adult	[6641799, 8890284]
10749543	young-adult	[]
10749544	young-adult	[]
10752092	young-adult	[12544560]
10755107	fantasy	[17329550]
10755377	fantasy	[]
10756656	young-adult	[12568718, 13068776, 12418648, 13120462, 11594257, 13577953, 13140952, 15818155]
10757771	young-adult	[]
10757785	young-adult	[]
10757806	young-adult	[]
10757833	young-adult	[12334378, 11210741, 12256500, 13263025, 13560848, 14879491, 13526144, 16173176]
10758767	young-adult	[]
10763598	fantasy	[12958067, 11511945, 11732479, 10305156, 10767985, 13266803, 13601350, 13528340, 13600168, 16179873]
10763644	young-adult	[7800188]
10763780	young-adult	[9972882, 13232966, 13130341, 13531534]
10766057	young-adult	[]
10767985	fantasy	[13266803, 13601350, 13528340, 13600168, 16179873]
10771866	young-adult	[]
10772828	demons	[]
10772961	young-adult	[10843282]
10773251	young-adult	[]
10773855	james-patterson	[9960624]
10775407	young-adult	[]
10775474	paranormal	[]
10775740	young-adult	[]
10778187	young-adult	[]
10778410	fantasy	[10778413, 10778412, 11700079, 13526143]
10778412	fantasy	[11700079, 13526143]
10778413	fantasy	[10778412, 11700079, 13526143]
10779087	fantasy	[9087239]
10779996	science-fiction	[]
10783492	young-adult	[11236802]
10783506	young-adult	[10601512, 16686027]
10783917	young-adult	[]
10784510	young-adult	[18761314]
10786722	young-adult	[]
10787121	young-adult	[17227576, 16101168, 22247695, 23533128]
10787380	fantasy	[17142118, 32021967, 29563550, 32494578]
10789108	young-adult	[]
10791940	vampires	[]
10793020	paranormal	[]
10795284	vampires	[]
10795368	young-adult	[]
10796252	young-adult	[]
10796690	young-adult	[17951458]
10797823	young-adult	[11441408]
10798416	young-adult	[]
10798418	young-adult	[]
10798814	young-adult	[15704232, 18335896, 20665621]
10799881	young-adult	[12972663, 13646087]
10800703	young-adult	[10264464, 23384157, 16051601, 22590773, 28214003]
10800904	young-adult	[]
10801027	young-adult	[]
10801710	young-adult	[7263429, 11417912, 9648553, 11372739, 9630569, 13409705, 13617485]
10802178	young-adult	[17416057]
10803983	conspiracy-365	[]
10804548	young-adult	[17296008, 8525606]
10807266	young-adult	[10795368]
10808965	angels	[]
10809019	young-adult	[11085864]
10809303	young-adult	[]
10810823	young-adult	[]
10812458	young-adult	[11197293, 20620056, 12403797]
10812803	vampires	[10664130]
10813423	young-adult	[17702723, 20758105, 18814304]
10813440	young-adult	[10749544]
10814419	young-adult	[9077895, 11630823, 9455461, 9815249, 11736995, 12405977, 23124721, 16060904, 18631188, 22909825, 23252136, 30749495, 27882977]
10814901	young-adult	[10428229]
10814946	vampires	[15818593, 17126291, 17347049]
10815209	netgalley	[]
10815267	zombies	[13436368, 13640980, 14830670]
10815662	fantasy	[21611451]
10816908	fantasy	[15985643, 17349063]
10822395	young-adult	[18300456]
10831726	mythology	[]
10834014	young-adult	[12988410]
10835364	young-adult	[12643888]
10836471	fantasy	[]
10836748	vampires	[]
10837174	science-fiction	[10493813, 11709155]
10838787	dystopian	[17679542, 32179824]
10839740	fantasy	[]
10840512	young-adult	[]
10841167	young-adult	[11942095, 10637838, 13544466]
10842964	young-adult	[11200068, 9975659, 15702412]
10843282	young-adult	[]
10844278	fantasy	[]
10844549	fantasy	[]
10844771	young-adult	[17335755, 17232717, 8416817]
10845991	fantasy	[11194946]
10846138	young-adult	[12649055, 11442679]
10855952	young-adult	[14802306]
10857048	young-adult	[12187803, 12885649, 13616052, 13562614, 13562963, 18626858]
10857695	fantasy	[]
10858520	young-adult	[12057812]
10859323	young-adult	[23721140]
10859509	young-adult	[17899364, 25774072]
10860399	young-adult	[]
10861195	young-adult	[16038238, 17184540, 12614754]
10863078	zombies	[]
10863283	young-adult	[]
10863354	young-adult	[]
10863979	dystopian	[12084876]
10864804	mermaids	[11063226]
10865096	young-adult	[11074233]
10866233	young-adult	[]
10866624	young-adult	[13574672, 17838197, 17733123, 17162405]
10867619	young-adult	[10187639, 13625474, 14739750]
10870793	fantasy	[10870794]
10870794	fantasy	[]
10870908	young-adult	[]
10874864	young-adult	[11175781, 8138131]
10875215	young-adult	[11415071]
10877111	fantasy	[10778410, 10778413, 10778412, 11700079, 13526143]
10877373	young-adult	[9529706, 11783962, 11503121, 13209712, 12957973, 9945127]
10886579	fantasy	[11400082, 25434032, 22822650, 24885649, 10644236, 8700058]
10887697	tim-o-rourke	[]
10890463	vampires	[]
10890702	darren-shan	[]
10890761	fantasy	[]
10890808	werewolves	[12997851, 11876767, 11049606, 10549344, 13500433]
10890849	young-adult	[]
10891197	young-adult	[]
10893510	young-adult	[11070899]
10894503	science-fiction	[18889145, 13064584]
10894849	zombies	[11011944]
10901026	young-adult	[]
10909677	young-adult	[12456538, 18517232, 9609061]
10910054	young-adult	[]
10910792	zombies	[9780099, 16080478]
10911181	young-adult	[18323404, 10193699, 23014101, 22041701, 23995302, 19064110, 23344468]
10913887	young-adult	[12296595, 14744448, 16081148, 15787790, 18038759]
10915176	young-adult	[15997095, 18164241, 17182132, 17901509]
10915691	young-adult	[10945648, 11000624]
10917442	young-adult	[]
10917458	vampires	[]
10917483	vampires	[]
10924852	young-adult	[8602079, 10438778, 13405246, 15992908, 20493695, 21911416, 22738932, 4374400]
10928022	young-adult	[11404237]
10929432	fantasy	[16095936, 17899647, 19229767, 19023737]
10930076	mermaids	[10999517]
10930144	v-c-andrews	[]
10940620	young-adult	[]
10944842	dystopian	[32949989]
10945140	young-adult	[13449489]
10945648	young-adult	[11000624]
10946420	dystopian	[]
10946883	young-adult	[]
10947600	young-adult	[]
10949975	paranormal	[20890243]
10954782	young-adult	[10530700]
10956607	young-adult	[7809017]
10959277	young-adult	[]
10959535	vampires	[11359828, 11301492]
10965391	young-adult	[12143142]
10972502	dark	[]
10981604	young-adult	[2696181, 6869090]
10982463	young-adult	[]
10987979	angels	[11250953]
10990945	mermaids	[21612284, 11425250]
10996312	young-adult	[10401868, 12359568, 11310465, 11394845, 13640579]
10999167	young-adult	[47927]
10999517	mermaids	[]
11000624	young-adult	[]
11003584	m-m	[]
11007236	steampunk	[11850807]
11011545	young-adult	[]
11011944	zombies	[]
11014842	teen	[9172332]
11019529	zombies	[8051458]
11022222	young-adult	[13492497, 16179763]
11024202	young-adult	[]
11024669	young-adult	[10680601, 10601486]
11029147	young-adult	[]
11030066	young-adult	[]
11033718	young-adult	[]
11033827	zombies	[]
11034895	romance	[]
11035224	young-adult	[11341104, 11258536]
11036912	dystopian	[9285029, 13167084, 15984147, 17222419, 18692306]
11037934	young-adult	[]
11043618	young-adult	[13579040, 13488893, 17268879, 18398461]
11043885	young-adult	[11308387, 13371234]
11044210	romance	[]
11044367	young-adult	[15712670]
11048116	vampires	[]
11048430	monster-high	[9415962, 13036094]
11049606	werewolves	[10549344, 13500433]
11052164	fantasy	[11054162]
11052185	fantasy	[22797416, 9462889]
11052827	dystopia	[13414893]
11054162	fantasy	[]
11057491	mystery	[12184475]
11058389	fantasy	[12658862, 11417254, 13573833, 13159888, 15723988, 13603056, 15848087, 16067349, 16080569, 22466620, 17244064, 17162156, 18798818, 20621490, 17930465, 26175968, 27468538, 26150650, 9460487]
11061092	young-adult	[13458816, 25871069]
11061366	young-adult	[17181832, 11283552, 10128165, 28254411, 13415865, 11614718, 13599587, 13512432, 20617980]
11061545	dystopian	[6686101, 14319461, 11699317]
11061974	young-adult	[]
11062065	steampunk	[]
11063226	mermaids	[]
11063345	young-adult	[12073363, 13407799]
11063947	paranormal	[]
11069761	young-adult	[]
11070899	young-adult	[]
11071466	contemporary	[]
11071584	fantasy	[12553963]
11072839	fantasy	[]
11074233	young-adult	[]
11074322	young-adult	[]
11077280	christian-fiction	[9470985]
11077289	young-adult	[9238506]
11077825	demons	[]
11079024	fantasy	[]
11085864	young-adult	[]
11090324	young-adult	[]
11094292	young-adult	[]
11094434	young-adult	[11212855, 15830927]
11094658	werewolves	[]
11095654	werewolves	[]
11096647	romance	[15994590, 23354342]
11097023	young-adult	[]
11097849	young-adult	[]
11099439	young-adult	[17186390]
11099883	young-adult	[]
11100298	fantasy	[13547092, 17226128, 25560279, 24885508, 18222170]
11100703	young-adult	[9917684, 11617619]
11103043	young-adult	[]
11106020	horror	[3374819]
11106719	young-adult	[9718047, 12070792, 12793778, 13639208, 18527511, 11090324]
11111890	werewolves	[11095654]
11112619	dystopian	[11714615, 15769608]
11114701	young-adult	[14623961, 22040968, 29915951]
11115434	young-adult	[16240756, 18270118]
11115457	young-adult	[17369755, 17307145, 17428646, 18588216, 21519425]
11118067	mystery	[]
11120205	young-adult	[]
11126171	young-adult	[19722869]
11127301	fantasy	[10388376, 12958374, 10471939, 11100298, 13547092, 17226128, 25560279, 24885508, 18222170]
11128881	m-m	[11388792]
11130686	steampunk	[11164588]
11133791	young-adult	[]
11135986	young-adult	[11509269, 15957125, 13623826]
11136929	vampires	[]
11137919	fantasy	[]
11138737	chick-lit	[]
11140407	young-adult	[11644946, 13643353, 17838215]
11141211	young-adult	[]
11143096	fantasy	[]
11143215	young-adult	[12564023, 12141352]
11147397	young-adult	[]
11147422	young-adult	[]
11153214	vampires	[]
11154882	young-adult	[402013, 8286130]
11156140	young-adult	[16177503, 6453293]
11160376	vampires	[]
11162293	young-adult	[15677818, 13117292, 13265138, 16051967, 22311017, 18684870]
11164588	steampunk	[]
11164626	vampires	[12574020]
11167095	fantasy	[25928543]
11175781	young-adult	[8138131]
11176311	reviewed	[10124225]
11177509	young-adult	[9397685]
11178367	young-adult	[11966850]
11182074	young-adult	[15818250]
11183622	young-adult	[9535352]
11183952	young-adult	[9600796, 12968296, 13509367, 12394197, 17202324]
11183955	fantasy	[13386598, 13624038, 13614990]
11183973	angels	[11511432, 13623885]
11185432	young-adult	[]
11194946	fantasy	[]
11196757	young-adult	[]
11196993	fantasy	[9025022, 13563645]
11197293	young-adult	[20620056, 12403797]
11200056	young-adult	[14899481, 19031494]
11200068	young-adult	[9975659, 15702412]
11201519	young-adult	[11918173]
11201534	young-adult	[18406926]
11201920	young-adult	[10945140, 13449489]
11203698	young-adult	[]
11204117	young-adult	[]
11207142	young-adult	[]
11210741	young-adult	[12256500, 13263025, 13560848, 14879491, 13526144, 16173176]
11210934	werewolves	[]
11211912	young-adult	[20442190]
11212855	young-adult	[15830927]
11213522	house-of-night	[11454580]
11214980	vampires	[]
11215073	vampires	[]
11222139	maya-banks	[13126204, 13072598, 17206172, 35436593]
11222874	young-adult	[]
11223346	young-adult	[]
11224227	young-adult	[]
11225530	young-adult	[17259079, 9791886, 1578869, 1830572, 839223, 839226, 45978, 1339888, 311512, 5945894]
11225822	mystery	[16557751, 9838800, 13595638, 23169190]
11226555	mental-illness	[]
11230648	young-adult	[11414358, 13415060]
11235712	young-adult	[12973964, 12066190, 12139510, 14854809, 36381037, 18086403, 33249079, 13722513]
11236802	young-adult	[]
11236985	young-adult	[13632608, 20694229, 10349192]
11237412	lorien-legacies	[11473506, 12109876]
11237525	young-adult	[10901026]
11238431	horror	[164721]
11240974	young-adult	[]
11243178	young-adult	[]
11244459	young-adult	[]
11245507	hunger-games	[11653237, 11743974]
11247508	young-adult	[]
11248913	fear-street	[]
11250599	angels	[18219079]
11250671	young-adult	[]
11250674	fantasy	[]
11250953	angels	[]
11253012	paranormal	[]
11253892	dystopian	[12958103]
11254066	dystopian	[16149500, 1685449]
11255169	supernatural	[12248174]
11255275	young-adult	[]
11256309	vampires	[10324808]
11256624	monster-high	[12256899, 13528361]
11256839	young-adult	[]
11258536	young-adult	[]
11262424	romance	[29488694]
11263397	fantasy	[]
11265105	dystopian	[9862121, 16149515]
11272442	fantasy	[]
11273599	vampires	[]
11274035	young-adult	[11476291, 18116, 45486, 12904105, 45484, 289113]
11274771	young-adult	[11204117]
11277242	young-adult	[]
11277448	young-adult	[]
11279038	angels	[15818618]
11282402	dark	[10972502]
11283552	young-adult	[10128165, 28254411, 13415865, 11614718, 13599587, 13512432, 20617980]
11283823	young-adult	[17332517]
11284750	paranormal	[13257974]
11284898	young-adult	[]
11289151	young-adult	[12226400, 8525590]
11289356	fantasy	[]
11290005	young-adult	[10860399]
11291920	science-fiction	[27724356]
11292649	vampires	[11488396]
11292997	vampires	[]
11293651	young-adult	[162085]
11293803	vampire-diaries	[]
11293952	fantasy	[10050463, 13647552, 13614994, 12788037, 15719891, 15999171, 15989859, 17699306, 24885507, 29356073, 18104059]
11294143	romance	[11382346, 16168721]
11295192	young-adult	[12912273, 19225931]
11295206	fantasy	[15724960, 13444688, 12388756]
11298503	young-adult	[]
11298510	sub	[]
11298522	young-adult	[]
11299720	young-adult	[]
11300302	young-adult	[23667919, 16028116, 15744840, 17225592, 17348327, 18588085, 23378466, 18817772, 19220248]
11301266	fantasy	[17155449, 10815662, 21611451]
11301492	vampires	[]
11301636	young-adult	[]
11301989	young-adult	[11395753, 18919902, 23597099, 18870676]
11302472	young-adult	[]
11306615	fantasy	[27805717, 18046859, 12358349]
11306797	young-adult	[47908]
11307238	young-adult	[]
11307305	young-adult	[18008813, 15990688, 18183136, 20636715, 9841693]
11308387	young-adult	[13371234]
11309018	young-adult	[13452386, 17719357, 20096054]
11310465	young-adult	[11394845, 13640579]
11311068	fantasy	[13262015]
11313672	fantasy	[]
11315110	vampires	[]
11316396	young-adult	[12168042, 13335038, 13335037, 13424701, 16116728, 18044116, 18517479, 17873797, 18085525, 21803253]
11318315	fantasy	[]
11318585	young-adult	[11514273]
11319430	young-adult	[12037645, 12976592, 12059426]
11320138	young-adult	[13627983, 15776060]
11325338	young-adult	[]
11325353	young-adult	[18002184, 18686210, 21802639]
11326127	vampire-diaries	[]
11328077	fantasy	[]
11329540	young-adult	[8084114]
11332415	fantasy	[9483974, 15722739, 8267056, 18463652, 7852774, 19616454, 22096570]
11332523	darren-shan	[]
11332595	young-adult	[11290005, 10860399]
11337089	young-adult	[]
11337912	young-adult	[12244233, 13573510]
11338268	young-adult	[1554366]
11338698	fantasy	[11295206, 15724960, 13444688, 12388756]
11339141	young-adult	[]
11340274	cathy-cassidy	[11548620]
11340420	young-adult	[177344, 864766]
11340586	young-adult	[23018723, 16247986]
11341104	young-adult	[11258536]
11341277	dystopian	[12823217]
11341310	young-adult	[]
11345025	young-adult	[13493448, 13552530, 8358615, 15763236, 18079784]
11345832	dystopian	[]
11346281	romance	[12425146, 13418924, 14828459, 14583422, 22320091, 22557696]
11347538	fantasy	[11691084]
11350186	mermaids	[7656222]
11352221	fantasy	[]
11353780	young-adult	[10409347, 13595639, 23129158]
11354468	young-adult	[]
11354719	young-adult	[10940620]
11356936	young-adult	[12981519, 13642043, 13492527, 23907641]
11358000	young-adult	[11952316, 10088446]
11358676	fantasy	[]
11359300	young-adult	[]
11359828	vampires	[11301492]
11359904	fantasy	[6448471, 13380039, 13174719]
11362649	young-adult	[12951504]
11364806	fantasy	[]
11365017	young-adult	[9814274, 12877866, 13099871, 5996153, 6754536]
11365045	young-adult	[7742067, 10430014, 8269059, 8548449]
11366397	young-adult	[16002428, 16165041, 18051342, 25464140]
11368558	young-adult	[11392407]
11368694	vampires	[]
11371700	young-adult	[11944882]
11372739	young-adult	[9630569, 13409705, 13617485]
11374911	young-adult	[8700565]
11376969	young-adult	[]
11377043	young-adult	[]
11378402	young-adult	[12425373, 12937491, 13640504]
11379284	vampires	[]
11382304	young-adult	[]
11382317	young-adult	[]
11382346	romance	[16168721]
11382778	erotica	[]
11383879	young-adult	[]
11384302	young-adult	[]
11384332	young-adult	[]
11385190	young-adult	[]
11385485	young-adult	[11700469]
11386929	young-adult	[]
11387392	young-adult	[]
11387433	young-adult	[]
11387447	steampunk	[]
11387458	fantasy	[]
11387515	young-adult	[13510287, 12340317, 12466602, 25113325, 13004168, 15995136, 15815945, 23302416, 17210363, 17382805, 17119852, 25298678, 27790915]
11387534	young-adult	[4927729]
11388177	fantasy	[]
11388429	fantasy	[]
11388629	fantasy	[22056791, 24503187]
11388792	m-m	[]
11391977	young-adult	[]
11391978	young-adult	[]
11392407	young-adult	[]
11393193	vampires	[]
11394681	matthew-reilly	[144794]
11394845	young-adult	[13640579]
11395753	young-adult	[18919902, 23597099, 18870676]
11396770	young-adult	[]
11398136	fantasy	[9616780, 16070592, 16104137]
11399605	fantasy	[]
11400082	fantasy	[25434032, 22822650, 24885649, 10644236, 8700058]
11401915	vampires	[]
11404237	young-adult	[]
11405283	young-adult	[260792, 214438, 112706, 855842, 452306]
11406015	young-adult	[]
11407379	paranormal	[18461736]
11408650	young-adult	[8591107, 11841579, 14860083, 13547135, 16181513, 17676197]
11409671	fantasy	[11739586]
11410104	summer	[28808143, 22572728, 22317828, 25973207]
11410430	fantasy	[13519411, 13489203]
11413298	young-adult	[]
11414358	young-adult	[13415060]
11415071	young-adult	[]
11416793	fantasy	[]
11417254	fantasy	[13573833, 13159888, 15723988, 13603056, 15848087, 16067349, 16080569, 22466620, 17244064, 17162156, 18798818, 20621490, 17930465, 26175968, 27468538, 26150650, 9460487]
11417873	vampires	[]
11417912	young-adult	[9648553, 11372739, 9630569, 13409705, 13617485]
11418182	mystery	[]
11418574	young-adult	[16003660]
11418576	young-adult	[11374911, 8700565]
11419189	vampires	[]
11419693	young-adult	[17803083]
11419732	first-reads	[]
11420684	young-adult	[12368167, 15789722, 17280346, 17382168]
11421250	fantasy	[]
11421556	mermaids	[19056588]
11422644	vampires	[]
11423479	ghosts	[8789405]
11425250	mermaids	[]
11425525	young-adult	[]
11425558	kindle-books	[]
11428636	fantasy	[12083877]
11429790	fantasy	[9520195, 12929218, 11079024]
11431174	fantasy	[]
11431573	young-adult	[21605837, 12148444]
11431896	fantasy	[17665096, 17331400, 17331463]
11432092	young-adult	[]
11437763	romance	[]
11438966	young-adult	[12908877, 13076594, 15818122]
11440584	vampires	[]
11441408	young-adult	[]
11442679	young-adult	[]
11444393	young-adult	[22572719]
11447283	young-adult	[]
11451287	vampires	[]
11454580	house-of-night	[]
11454587	young-adult	[13506603, 13258839, 17205048, 19571554]
11454598	fantasy	[18463661, 22456292, 7941797]
11455096	young-adult	[12047465, 13641002, 23472301]
11455106	werewolves	[]
11455148	young-adult	[12384944]
11456139	vampires	[7441947, 12534463]
11457525	fantasy	[12180581, 12133821, 13403651, 13448322, 13612808, 26222810]
11459329	fantasy	[13447613, 13490501, 13543725, 13665016, 17904246, 18206770, 14759651, 17343391, 17620267, 18271130, 20518884]
11461394	young-adult	[29792734]
11468074	young-adult	[17332259]
11469207	young-adult	[]
11470240	vampires	[]
11472240	young-adult	[12387529]
11472297	young-adult	[17858051, 11510910, 13612861, 16006152, 15758139, 16156370, 13455782]
11472325	young-adult	[701937, 5302050, 5871132]
11473506	lorien-legacies	[12109876]
11474123	vampires	[12491851]
11474158	vampires	[]
11474470	young-adult	[]
11475950	young-adult	[13722515, 9774821]
11476022	young-adult	[]
11476291	young-adult	[18116, 45486, 12904105, 45484, 289113]
11476488	young-adult	[]
11476799	young-adult	[]
11477267	young-adult	[]
11478165	zombies	[13355014]
11478795	young-adult	[]
11479285	romance	[12699777, 17559253, 17559251, 18906497, 11437763]
11479938	young-adult	[12393850]
11480387	young-adult	[12606851, 13180874, 16086327, 15812814]
11483186	romance	[]
11483315	young-adult	[]
11484335	paranormal	[10409278, 13496499, 12981384, 11063947]
11486175	angels	[9713071, 10987979, 11250953]
11486357	time-travel	[]
11486830	young-adult	[14059969, 13643785, 16299169, 13644180, 17999618, 16719727, 22052170, 23474057]
11488396	vampires	[]
11489012	fantasy	[]
11492014	vampires	[11555242]
11495827	young-adult	[12279967, 10482783, 11255275]
11496481	fantasy	[]
11496636	fantasy	[13330387]
11500217	fantasy	[18242614, 18868398, 31279166]
11503121	young-adult	[13209712, 12957973, 9945127]
11503582	young-adult	[15942745, 16054462, 13642246]
11508183	fantasy	[]
11508674	dragons	[]
11509269	young-adult	[15957125, 13623826]
11510910	young-adult	[13612861, 16006152, 15758139, 16156370, 13455782]
11511432	angels	[13623885]
11511514	vampires	[11670929]
11511945	fantasy	[11732479, 10305156, 10767985, 13266803, 13601350, 13528340, 13600168, 16179873]
11512595	young-adult	[2802316]
11513553	werewolves	[]
11514090	fantasy	[18007081, 19198253]
11514121	angels	[]
11514273	young-adult	[]
11514838	young-adult	[13605564, 16464943, 10329368]
11515468	young-adult	[11687350]
11515721	m-m	[]
11516123	young-adult	[10763780, 9972882, 13232966, 13130341, 13531534]
11516221	young-adult	[24885634, 28589322]
11516360	dystopian	[]
11517203	young-adult	[9378297, 13596431, 13077542, 23484511, 13057003]
11522687	young-adult	[11751719]
11523192	mermaids	[]
11523354	young-adult	[21853420]
11523871	fantasy	[11744711]
11523960	young-adult	[11541034]
11524066	young-adult	[13110139, 13615055]
11524267	mystery	[]
11525077	samantha-young	[]
11531008	fantasy	[11272442]
11531817	fantasy	[11306615, 27805717, 18046859, 12358349]
11532205	fantasy	[16247562, 26092032]
11533728	sci-fi	[]
11534906	young-adult	[]
11538031	sci-fi	[]
11541034	young-adult	[]
11541833	fantasy	[]
11542006	paranormal	[11945882]
11544466	dystopian	[13541378, 17235076]
11544476	young-adult	[]
11544503	young-adult	[17287499, 16090044, 14760143, 15797745]
11545848	young-adult	[]
11548288	young-adult	[]
11548620	cathy-cassidy	[]
11549899	romance	[]
11550149	young-adult	[11486830, 14059969, 13643785, 16299169, 13644180, 17999618, 16719727, 22052170, 23474057]
11550178	young-adult	[]
11551045	house-of-night	[]
11551803	young-adult	[]
11555242	vampires	[]
11556960	young-adult	[14930256, 17834296, 17286888]
11558256	dystopian	[18246687]
11558268	fantasy	[]
11558491	young-adult	[9704083]
11558655	werewolves	[]
11559968	dystopian	[]
11561469	romance	[15718777, 16130889, 18040398, 17299817, 18489081, 23264900, 22358760]
11563110	young-adult	[12333435, 12261912, 15751027, 16048848]
11568316	young-adult	[11580153, 12548270]
11569419	young-adult	[12636506]
11570243	young-adult	[]
11570304	to-buy	[]
11570588	werewolves	[12073638]
11572010	young-adult	[]
11580133	young-adult	[]
11580153	young-adult	[12548270]
11581671	young-adult	[]
11593221	young-adult	[12709959]
11593326	romance	[]
11594182	vampires	[6972193, 6972192]
11594257	young-adult	[13577953, 13140952, 15818155]
11595072	fantasy	[]
11595276	young-adult	[]
11595427	young-adult	[13560404]
11595484	young-adult	[]
11595501	vampires	[]
11595593	fantasy	[12631122, 12430406, 15721733]
11598566	young-adult	[]
11603726	fantasy	[6438404, 12063158, 7821931, 8767117, 6387565, 7054178]
11603886	angels	[]
11611073	young-adult	[17852198]
11614718	young-adult	[13599587, 13512432, 20617980]
11617619	young-adult	[]
11621050	young-adult	[]
11629974	young-adult	[21473233, 26033988, 26026376]
11630823	young-adult	[9455461, 9815249, 11736995, 12405977, 23124721, 16060904, 18631188, 22909825, 23252136, 30749495, 27882977]
11635274	young-adult	[24899175]
11640615	romanian	[]
11640957	young-adult	[18296014]
11641695	young-adult	[]
11641704	young-adult	[9551036]
11643275	werewolves	[33288600]
11644946	young-adult	[13643353, 17838215]
11647944	steampunk	[]
11651982	young-adult	[18159085, 17372641]
11653081	fantasy	[11496481]
11653237	hunger-games	[11743974]
11658136	young-adult	[12432229]
11661796	young-adult	[11551803]
11662124	vampires	[11511514, 11670929]
11663097	young-adult	[12912532]
11663424	young-adult	[11517203, 9378297, 13596431, 13077542, 23484511, 13057003]
11669417	young-adult	[13327859]
11670929	vampires	[]
11679602	fantasy	[]
11685084	vampires	[8960470, 14449767]
11685192	young-adult	[20135397]
11686584	zombies	[13087463, 12892628, 16250898, 21888731]
11687350	young-adult	[]
11691084	fantasy	[]
11694570	angels	[]
11695242	young-adult	[9366996, 13584415]
11696543	young-adult	[11454587, 13506603, 13258839, 17205048, 19571554]
11698451	young-adult	[]
11698723	fantasy	[11758920]
11698943	young-adult	[]
11699055	young-adult	[]
11699317	dystopian	[]
11700071	sci-fi	[12988102, 16074731]
11700079	fantasy	[13526143]
11700222	young-adult	[]
11700469	young-adult	[]
11700785	mermaids	[]
11706625	dystopian	[12979466]
11706831	young-adult	[]
11708737	horror	[9757310]
11709155	science-fiction	[]
11710189	fantasy	[11679602]
11712471	young-adult	[]
11712776	young-adult	[11611073, 17852198]
11713438	fantasy	[]
11714615	dystopian	[15769608]
11717565	young-adult	[]
11717567	young-adult	[11717565]
11719946	young-adult	[]
11721314	young-adult	[]
11724850	young-adult	[]
11724895	fantasy	[]
11725043	young-adult	[]
11727483	vampires	[]
11732479	fantasy	[10305156, 10767985, 13266803, 13601350, 13528340, 13600168, 16179873]
11732792	angels	[]
11733134	young-adult	[9494364, 12996766, 11289151, 12226400, 8525590]
11733187	steampunk	[16002395, 17265273, 24262190]
11733898	vampires	[17974387]
11734177	young-adult	[]
11734416	young-adult	[]
11735983	young-adult	[13068756, 12643928, 13480671, 13565922, 13598952, 13425323, 13631961, 15820139, 15742581, 15743062, 15845588, 22443451, 18713356, 21458175, 24995028, 22492901, 18810188]
11736535	dystopian	[]
11736973	young-adult	[]
11736995	young-adult	[12405977, 23124721, 16060904, 18631188, 22909825, 23252136, 30749495, 27882977]
11736997	fantasy	[11789783]
11737264	young-adult	[]
11737311	fantasy	[]
11739586	fantasy	[]
11740574	young-adult	[]
11740889	fantasy	[]
11741510	young-adult	[12057899]
11742691	hunger-games	[]
11743974	hunger-games	[]
11744711	fantasy	[]
11748622	angels	[]
11749127	pretty	[17458661, 26395088]
11751116	young-adult	[]
11751719	young-adult	[]
11753482	fantasy	[]
11754243	horror	[12377928]
11754516	young-adult	[]
11755422	young-adult	[]
11757444	vampires	[]
11758870	fantasy	[28227484]
11758920	fantasy	[]
11761452	fantasy	[]
11761455	witches	[]
11763146	young-adult	[]
11763475	québécois	[]
11765876	angels	[11825915, 16146295]
11765916	young-adult	[]
11765920	young-adult	[12970641, 12503090]
11767287	vampires	[]
11768919	zombies	[]
11771994	young-adult	[]
11772902	fantasy	[27670913]
11776598	mystery	[21602508, 12190187]
11776697	young-adult	[11922587]
11777039	young-adult	[15818270]
11778281	mythology	[]
11778978	dragons	[10676662]
11779786	paranormal	[]
11780432	paranormal	[]
11781706	young-adult	[34841782]
11782163	sci-fi	[]
11783931	paranormal	[]
11783962	young-adult	[11503121, 13209712, 12957973, 9945127]
11783995	young-adult	[]
11784152	young-adult	[11784153]
11784153	young-adult	[]
11784607	witches	[]
11788386	fantasy	[]
11788440	fantasy	[]
11789782	fantasy	[6743523, 13614353, 11736997, 11789783]
11789783	fantasy	[]
11790739	fantasy	[11907254]
11791885	young-adult	[18457324, 1637454]
11791886	fantasy	[]
11791890	young-adult	[]
11791903	fantasy	[]
11794477	young-adult	[]
11795449	fantasy	[]
11796317	contemporary	[]
11797478	young-adult	[15831267, 17449652, 17725846]
11800095	dystopian	[8507450]
11800662	young-adult	[]
11800695	young-adult	[13538828]
11801954	young-adult	[15742302]
11802865	young-adult	[]
11805383	young-adult	[]
11807583	dystopian	[12926489, 10429082, 11345832]
11808950	young-adult	[13097220, 16033018]
11809389	young-adult	[]
11809992	darren-shan	[10890702]
11813957	young-adult	[13547432, 11099883]
11820702	vampires	[]
11825915	angels	[16146295]
11830312	young-adult	[]
11831256	young-adult	[12075543]
11831872	young-adult	[11306797, 47908]
11832935	young-adult	[]
11833295	angels	[]
11833860	fantasy	[8835379, 11531817, 11306615, 27805717, 18046859, 12358349]
11834509	young-adult	[14759307]
11836538	young-adult	[12176883, 17736384]
11836711	mystery	[]
11837058	paranormal	[12970980]
11838803	young-adult	[13161211, 15818224]
11841323	young-adult	[]
11841579	young-adult	[14860083, 13547135, 16181513, 17676197]
11841771	young-adult	[13824794, 30010311, 36218361]
11849067	young-adult	[13069060]
11850807	steampunk	[]
11850814	young-adult	[12912404]
11850909	young-adult	[]
11851848	young-adult	[]
11854376	young-adult	[]
11859244	fantasy	[11595593, 12631122, 12430406, 15721733]
11861013	young-adult	[13247802]
11861062	young-adult	[11544503, 17287499, 16090044, 14760143, 15797745]
11861715	young-adult	[17875839, 17904967, 18161241, 15826663, 18295825]
11861743	young-adult	[18600580]
11861815	young-adult	[13260644, 20808615]
11864728	young-adult	[15712003, 15712903]
11866271	young-adult	[]
11870085	young-adult	[]
11872164	young-adult	[]
11872688	young-adult	[]
11873026	horses	[]
11873029	fantasy	[]
11873368	hunger-games	[21894540]
11876767	werewolves	[11049606, 10549344, 13500433]
11876788	young-adult	[9003770]
11878181	young-adult	[12851322, 17552529, 20565061, 13188077]
11881513	science-fiction	[]
11882171	paranormal	[15713847]
11884401	young-adult	[20652376, 21547975, 20957276, 18077840, 23388663, 25719310]
11885423	fantasy	[12416944]
11903141	young-adult	[]
11907254	fantasy	[]
11909756	fantasy	[]
11913681	young-adult	[26094254]
11915308	paranormal	[12901365]
11915676	contemporary	[24853199]
11918173	young-adult	[]
11920108	young-adult	[]
11922217	young-adult	[]
11922587	young-adult	[]
11924866	fantasy	[5495243]
11929445	young-adult	[]
11929453	paranormal	[12059554]
11931988	vampires	[7103421, 29359053, 293970]
11932004	young-adult	[141372]
11932536	horses	[14058724, 18520635]
11942095	young-adult	[10637838, 13544466]
11944882	young-adult	[]
11945589	young-adult	[]
11945882	paranormal	[]
11946245	young-adult	[12800637, 13529309, 17899346]
11946264	young-adult	[]
11947235	young-adult	[]
11947829	fantasy	[13604286, 13612837]
11948797	young-adult	[11946264]
11949572	young-adult	[]
11951485	romance	[]
11952268	paranormal	[16211060, 12115049]
11952316	young-adult	[10088446]
11953583	young-adult	[18376365]
11953675	paranormal	[]
11955586	young-adult	[]
11957197	young-adult	[]
11958033	young-adult	[]
11963684	vampires	[]
11964923	angels	[13478104]
11965510	young-adult	[9842470]
11966088	horror	[679312]
11966850	young-adult	[]
11968582	young-adult	[13034327]
11972349	conspiracy-365	[7066730]
11972354	conspiracy-365	[]
11973377	young-adult	[]
11976729	young-adult	[]
11982788	read-in-2014	[9720077, 7227564, 7047941, 10699613, 18660669, 345627, 31126769, 19053383]
11983940	young-adult	[12888231, 15793632]
11984884	young-adult	[17155192, 11929445]
11985913	fantasy	[17928815]
11986000	dystopia	[22641937, 11997278]
11987206	young-adult	[]
11988046	young-adult	[15720403, 18090000, 25320996]
11989527	mermaids	[]
11992012	fantasy	[27779802, 28209428]
11992460	young-adult	[15704615, 12997765, 16127955, 9779094]
11995820	young-adult	[11126171, 19722869]
11995849	paranormal	[]
11995978	young-adult	[10013815]
11996007	young-adult	[10401039, 13147099]
11997278	dystopia	[]
11998407	christian-fiction	[]
12000020	realistic-fiction	[17185965, 13495221, 18131945, 21529297, 17571752, 15801353, 22596018, 30304769, 35126335, 19924185]
12001925	fantasy	[32968540]
12002496	young-adult	[]
12002589	young-adult	[19337381]
12002661	young-adult	[12170390]
12003673	fantasy	[13635640, 18775431, 18456527]
12005076	sci-fi	[]
12005121	dystopian	[]
12006402	short-stories	[]
12006425	short-stories	[]
12006455	short-stories	[]
12006507	short-stories	[]
12006525	short-stories	[]
12006611	short-stories	[]
12007060	fantasy	[17452911]
12007062	horror	[13665059, 13646547]
12010981	sci-fi	[]
12010985	dystopian	[15793096]
12014119	young-adult	[]
12015094	young-adult	[]
12016554	young-adult	[]
12017089	young-adult	[2330877, 7000625]
12019355	young-adult	[12928454]
12020677	mythology	[]
12022929	young-adult	[11478795]
12025637	mythology	[]
12026878	mystery	[]
12027415	young-adult	[]
12029011	young-adult	[7541858, 6999776, 6820997, 9782708, 9692831, 9025186, 16074780, 24885537, 26542880, 29356081]
12029592	young-adult	[]
12030018	young-adult	[]
12030036	faeries	[]
12030849	young-adult	[21532015]
12034409	young-adult	[]
12034558	young-adult	[13256468, 7766070, 16095930, 15798696]
12037056	young-adult	[12445397, 7833099, 12014119]
12037109	young-adult	[]
12037359	young-adult	[]
12037645	young-adult	[12976592, 12059426]
12038931	young-adult	[12249184]
12039069	romance	[11044210]
12039404	young-adult	[]
12040782	steampunk	[]
12042324	young-adult	[8376549, 15784168, 8574414, 17233160, 7776692, 8423493, 9312497, 13577338, 12510082, 16280929]
12043254	dystopian	[]
12043291	young-adult	[10911181, 18323404, 10193699, 23014101, 22041701, 23995302, 19064110, 23344468]
12043771	young-adult	[13482662]
12044735	fantasy	[12080697, 12171378, 15854206, 17347530]
12044946	young-adult	[]
12047201	mermaids	[13114124, 18683541, 18921817]
12047465	young-adult	[13641002, 23472301]
12048035	sci-fi	[13342564, 13623057]
12049148	young-adult	[26036246]
12049227	young-adult	[]
12050290	young-adult	[12856939]
12053300	young-adult	[34534532, 17665478, 10182347]
12057812	young-adult	[]
12057899	young-adult	[]
12059426	young-adult	[]
12059554	paranormal	[]
12059592	vampires	[13348930]
12060500	young-adult	[9886738]
12060614	fantasy	[12278214]
12063131	young-adult	[1374409]
12063158	fantasy	[7821931, 8767117, 6387565, 7054178]
12063240	young-adult	[7919125, 9815655, 9815653, 13617344, 15931642]
12063314	young-adult	[10271616, 12034558, 13256468, 7766070, 16095930, 15798696]
12066190	young-adult	[12139510, 14854809, 36381037, 18086403, 33249079, 13722513]
12067972	romance	[14820247]
12070213	fantasy	[17428773]
12070792	young-adult	[12793778, 13639208, 18527511, 11090324]
12073363	young-adult	[13407799]
12073638	werewolves	[]
12074377	young-adult	[10800904]
12075543	young-adult	[]
12075564	romance	[10363329]
12075886	young-adult	[]
12080400	young-adult	[13533756]
12080697	fantasy	[12171378, 15854206, 17347530]
12080917	mythology	[]
12081114	young-adult	[12704568, 17434820, 12019355, 12928454]
12081148	young-adult	[]
12081764	fantasy	[]
12081791	fantasy	[12135136]
12081827	fantasy	[]
12082414	young-adult	[12393888, 15812817]
12082998	young-adult	[]
12083877	fantasy	[]
12084278	fantasy	[15733100, 17132896]
12084722	science-fiction	[13414564]
12084876	dystopian	[]
12087156	young-adult	[29794122, 11955586]
12087573	zombies	[9739234, 12908799]
12087653	young-adult	[10890849]
12091570	young-adult	[6490389, 13417580, 6902967, 15717791, 9156663, 13319603, 7285601, 10857048, 12187803, 12885649, 13616052, 13562614, 13562963, 18626858]
12091606	fantasy	[3290542]
12092005	young-adult	[12328501, 12486664]
12093572	young-adult	[]
12098430	sweet-valley	[]
12107847	fantasy	[13565222, 7261699]
12109772	young-adult	[]
12109876	lorien-legacies	[]
12111260	fantasy	[13126377]
12112863	fantasy	[12184913]
12114464	romance	[12039069, 11044210]
12115049	paranormal	[]
12122895	fantasy	[]
12127750	fantasy	[13613374, 16091658, 18513621, 19227173]
12127810	fantasy	[17701166, 17842986, 19452719, 18490838, 22675924, 20246699, 23436597, 19660697]
12129021	young-adult	[12081148]
12133694	romance	[13244578]
12133821	fantasy	[13403651, 13448322, 13612808, 26222810]
12134235	christian	[]
12135131	fantasy	[13004050, 12081764]
12135136	fantasy	[]
12136023	young-adult	[]
12136182	fantasy	[]
12138331	young-adult	[11838803, 13161211, 15818224]
12138494	young-adult	[16095889, 18758154]
12139510	young-adult	[14854809, 36381037, 18086403, 33249079, 13722513]
12140724	dystopian	[16067081, 17166140]
12141352	young-adult	[]
12143142	young-adult	[]
12144652	young-adult	[]
12145659	young-adult	[]
12145740	young-adult	[12374158, 12251780]
12146537	young-adult	[]
12146656	cherub	[]
12148444	young-adult	[]
12152785	pretty-little-liars	[13142761, 16694788]
12153203	angels	[]
12154327	young-adult	[]
12154330	fantasy	[]
12154333	young-adult	[]
12157365	young-adult	[13425392, 12924288, 13555729]
12157403	young-adult	[12924381]
12157407	young-adult	[18001489, 18635031]
12159310	chick-lit	[]
12160290	paranormal	[12296687]
12165008	young-adult	[11563110, 12333435, 12261912, 15751027, 16048848]
12168042	young-adult	[13335038, 13335037, 13424701, 16116728, 18044116, 18517479, 17873797, 18085525, 21803253]
12170390	young-adult	[]
12170873	young-adult	[12177772]
12171378	fantasy	[15854206, 17347530]
12176665	young-adult	[12451711]
12176820	young-adult	[]
12176883	young-adult	[17736384]
12176927	young-adult	[13344963]
12176957	young-adult	[]
12177772	young-adult	[]
12180204	romance	[13636398, 15814564]
12180248	fantasy	[]
12180581	fantasy	[12133821, 13403651, 13448322, 13612808, 26222810]
12182839	young-adult	[6990472, 6740549, 6740548, 10924852, 8602079, 10438778, 13405246, 15992908, 20493695, 21911416, 22738932, 4374400]
12184475	mystery	[]
12184913	fantasy	[]
12187799	young-adult	[12943330, 12512617, 15717947, 13408579, 13578034, 13569253, 18738787]
12187803	young-adult	[12885649, 13616052, 13562614, 13562963, 18626858]
12190187	mystery	[]
12190806	vampires	[9306028]
12192315	witches	[]
12193717	young-adult	[13562312]
12193819	young-adult	[10789108]
12196001	horror	[]
12197515	fantasy	[]
12205360	romance	[12872523]
12207227	young-adult	[8662836, 13511321, 13495860, 13519778, 22548199]
12208569	young-adult	[]
12209930	young-adult	[12034409]
12211735	young-adult	[]
12214559	witches	[]
12217220	fantasy	[12479665, 10400575, 19446711, 15785253]
12218580	mystery	[]
12225252	realistic-fiction	[18887715]
12226400	young-adult	[8525590]
12228843	young-adult	[12030849, 21532015]
12231601	mermaids	[11700785]
12234586	paranormal-romance	[]
12236872	fantasy	[18457332]
12237315	young-adult	[12843274, 16069878, 13586791, 25787969]
12243374	young-adult	[]
12244233	young-adult	[13573510]
12244583	young-adult	[24687626, 12049148, 26036246]
12244867	young-adult	[]
12245214	angels	[11486175, 9713071, 10987979, 11250953]
12246199	young-adult	[10295809]
12246388	mermaids	[]
12246929	fantasy	[13590145]
12248174	supernatural	[]
12249184	young-adult	[]
12251780	young-adult	[]
12256500	young-adult	[13263025, 13560848, 14879491, 13526144, 16173176]
12256899	monster-high	[13528361]
12260608	young-adult	[]
12261912	young-adult	[15751027, 16048848]
12262665	young-adult	[16154192]
12267739	young-adult	[13102023]
12270111	paranormal	[12516692, 12160290, 12296687]
12270931	young-adult	[12847646, 17336887]
12271655	fantasy	[]
12275207	vampires	[6617790, 11393193]
12275873	young-adult	[]
12278214	fantasy	[]
12279967	young-adult	[10482783, 11255275]
12283261	young-adult	[14896927, 13545494, 13613563, 13131693, 16074961, 17887123, 25903354]
12286461	young-adult	[]
12286734	romance	[]
12288524	angels	[13490798, 18828660]
12291793	m-m	[]
12293617	spirit-guide	[]
12293964	vampires	[]
12294652	young-adult	[]
12295462	contemporary	[]
12296595	young-adult	[14744448, 16081148, 15787790, 18038759]
12296687	paranormal	[]
12304817	young-adult	[]
12304821	young-adult	[10834014, 12988410]
12305365	young-adult	[]
12307014	young-adult	[11800662]
12308204	science-fiction	[]
12309160	fantasy	[12973281, 12475616]
12310826	horror	[12334244]
12316746	horror	[11708737, 9757310]
12328501	young-adult	[12486664]
12328625	dystopian	[]
12333435	young-adult	[12261912, 15751027, 16048848]
12334244	horror	[]
12334378	young-adult	[11210741, 12256500, 13263025, 13560848, 14879491, 13526144, 16173176]
12337271	time-travel	[15792357, 17883410]
12339830	paranormal	[]
12340317	young-adult	[12466602, 25113325, 13004168, 15995136, 15815945, 23302416, 17210363, 17382805, 17119852, 25298678, 27790915]
12340859	fantasy	[6600732]
12343682	young-adult	[18344141]
12349736	fantasy	[12609295]
12349907	young-adult	[15925004, 16066536]
12354691	young-adult	[]
12354839	mystery	[]
12355133	dystopia	[13477280, 13091307, 14740078]
12356570	young-adult	[]
12357245	fantasy	[]
12357615	fantasy	[33154755]
12358299	fantasy	[6892517, 2878668]
12358349	fantasy	[]
12358742	young-adult	[12359121, 13595645, 16309941]
12359121	young-adult	[13595645, 16309941]
12359568	young-adult	[11310465, 11394845, 13640579]
12363624	romance	[]
12363795	young-adult	[13637539, 20802650]
12364060	young-adult	[]
12364775	young-adult	[12630053]
12365189	vampires	[]
12366330	young-adult	[]
12366634	young-adult	[]
12367267	dystopian	[]
12368167	young-adult	[15789722, 17280346, 17382168]
12368215	urban-fantasy	[12368303, 13520180, 13453604, 13827428, 16133571]
12368303	urban-fantasy	[13520180, 13453604, 13827428, 16133571]
12369175	young-adult	[]
12369345	young-adult	[9520360, 11550149, 11486830, 14059969, 13643785, 16299169, 13644180, 17999618, 16719727, 22052170, 23474057]
12369550	young-adult	[]
12369649	young-adult	[]
12369942	angels	[17845806, 18816985]
12371854	angels	[12245214, 11486175, 9713071, 10987979, 11250953]
12371862	young-adult	[18486435, 17660471, 18067050]
12371865	young-adult	[20706266, 22937185, 21283134]
12372058	sci-fi	[]
12373428	dragons	[]
12374095	horror	[6303859]
12374158	young-adult	[12251780]
12376382	vampires	[8960483]
12376605	fantasy	[]
12377928	horror	[]
12379698	young-adult	[]
12381271	supernatural	[17839694]
12383869	dystopian	[17230818, 13260776, 17860154, 17408673, 18172260]
12384364	young-adult	[12286461]
12384944	young-adult	[]
12384973	fantasy	[]
12387529	young-adult	[]
12387628	mermaids	[17403381]
12387704	paranormal	[12988101]
12388756	fantasy	[]
12389614	young-adult	[20321742]
12389880	vampires	[]
12390039	young-adult	[]
12390551	young-adult	[642931]
12390682	young-adult	[]
12392141	young-adult	[]
12392952	fantasy	[]
12393223	dystopian	[16156307]
12393850	young-adult	[]
12393888	young-adult	[15812817]
12393892	fantasy	[20492095]
12393909	young-adult	[13101481]
12394032	young-adult	[16126688]
12394100	fantasy	[13069113, 12440508, 16130799, 13160619, 15864946, 16074352, 17927861, 19549841, 16054806, 23832047, 19579777]
12394197	young-adult	[17202324]
12395883	romance	[]
12396699	young-adult	[]
12396795	young-adult	[12384364, 12286461]
12396846	young-adult	[12563045]
12397804	young-adult	[]
12399857	dystopian	[]
12399906	young-adult	[15713862]
12400152	young-adult	[12440566]
12400425	young-adult	[12790954]
12401507	young-adult	[12884919]
12403797	young-adult	[]
12405977	young-adult	[23124721, 16060904, 18631188, 22909825, 23252136, 30749495, 27882977]
12406113	fantasy	[16248004]
12406114	fantasy	[8576171, 12406113, 16248004]
12407853	fantasy	[18754114]
12408471	dystopian	[]
12410324	paranormal	[]
12411635	young-adult	[17910090]
12411687	young-adult	[18231798]
12414235	hunger-games	[]
12414417	young-adult	[]
12416944	fantasy	[]
12418648	young-adult	[13120462, 11594257, 13577953, 13140952, 15818155]
12421607	fantasy	[12357245]
12421729	fantasy	[]
12422629	fantasy	[]
12425146	romance	[13418924, 14828459, 14583422, 22320091, 22557696]
12425373	young-adult	[12937491, 13640504]
12425532	fantasy	[15726727, 16059484, 25031269]
12427087	young-adult	[12154333]
12429850	young-adult	[12729152, 11629974, 21473233, 26033988, 26026376]
12430147	fantasy	[879227]
12430406	fantasy	[15721733]
12431689	young-adult	[]
12431923	cherub	[]
12432220	fantasy	[13561824, 17795668, 15815401]
12432229	young-adult	[]
12434581	young-adult	[18884868]
12437907	fantasy	[13631205, 15824173, 19187799]
12439057	fantasy	[15794104, 14288208]
12439061	fantasy	[16044980, 17877238, 18651928]
12439063	soul-seekers	[20244992]
12440508	fantasy	[16130799, 13160619, 15864946, 16074352, 17927861, 19549841, 16054806, 23832047, 19579777]
12440566	young-adult	[]
12440865	young-adult	[]
12445281	young-adult	[]
12445397	young-adult	[7833099, 12014119]
12449220	young-adult	[]
12449369	fantasy	[11071584, 12553963]
12450811	mermaids	[]
12451711	young-adult	[]
12456538	young-adult	[18517232, 9609061]
12458038	steampunk	[]
12461300	young-adult	[]
12463444	young-adult	[13453822]
12464361	soul-guardians	[19351480]
12466114	paranormal	[13069690]
12466577	young-adult	[]
12466602	young-adult	[25113325, 13004168, 15995136, 15815945, 23302416, 17210363, 17382805, 17119852, 25298678, 27790915]
12470201	horror	[25223591, 7823800]
12471240	fantasy	[18516256]
12473264	vampires	[9521307]
12473983	angels	[]
12474623	fantasy	[]
12475616	fantasy	[]
12475742	young-adult	[13008333]
12475931	science-fiction	[13555806]
12476341	young-adult	[13551833]
12476820	young-adult	[13016732, 15818219]
12477532	young-adult	[15005725]
12478507	fantasy	[17853389]
12478533	young-adult	[]
12479665	fantasy	[10400575, 19446711, 15785253]
12482573	romance	[14061430, 13250816, 15857564, 22715134]
12483970	young-adult	[23197511]
12485136	wunschliste	[]
12486526	dystopia	[]
12486664	young-adult	[]
12487343	young-adult	[]
12488998	vampires	[12850146]
12491851	vampires	[]
12492823	vampires	[]
12497203	young-adult	[21402007, 12958707, 28599556]
12497955	young-adult	[]
12501019	fantasy	[29858639, 12715259, 12737680]
12502043	fantasy	[]
12503090	young-adult	[]
12505383	young-adult	[11850814, 12912404]
12505535	dystopian	[13650339]
12507214	young-adult	[16108171, 25708877, 18490570]
12509973	young-adult	[15709802, 15735710, 18172372]
12510082	young-adult	[16280929]
12512617	young-adult	[15717947, 13408579, 13578034, 13569253, 18738787]
12513514	young-adult	[]
12516692	paranormal	[12160290, 12296687]
12517748	fantasy	[17206162, 18946055, 23609791, 7003332, 28685408]
12518734	young-adult	[]
12521345	adventure	[]
12522507	fantasy	[15819506, 17566724, 17730519]
12522689	young-adult	[]
12529847	young-adult	[]
12532233	fantasy	[]
12534463	vampires	[]
12536297	fantasy	[12992198]
12537426	dystopia	[26234193]
12540915	young-adult	[18106897]
12541330	fantasy	[12747364, 13073578, 18479926]
12542167	romance	[]
12542392	romance	[]
12543750	young-adult	[]
12543814	young-adult	[]
12544560	young-adult	[]
12548270	young-adult	[]
12548990	dystopian	[]
12550603	fantasy	[11772902, 27670913]
12551077	young-adult	[16061837]
12551082	young-adult	[17235596]
12553963	fantasy	[]
12554876	blog-tour	[]
12558285	fantasy	[15713147, 17232090, 17661625, 17290244]
12561585	young-adult	[]
12561863	young-adult	[13564324, 15814556, 18611955]
12562112	fantasy	[]
12563045	young-adult	[]
12564023	young-adult	[12141352]
12566316	paranormal	[]
12568505	young-adult	[]
12568641	young-adult	[18667776]
12568718	young-adult	[13068776, 12418648, 13120462, 11594257, 13577953, 13140952, 15818155]
12569546	young-adult	[]
12570443	fantasy	[]
12574020	vampires	[]
12577549	young-adult	[12569546]
12578077	young-adult	[14743935, 15852177, 17735111, 19081600, 22084431, 22911350]
12578294	young-adult	[17803081]
12578305	fantasy	[]
12578313	young-adult	[]
12578370	young-adult	[]
12579884	vampires	[]
12581738	young-adult	[15769221, 16162759, 15801288]
12588363	young-adult	[12629670, 13014370]
12593099	fantasy	[15718272]
12593243	erotica	[]
12595669	young-adult	[]
12597209	dystopia	[]
12603261	science-fiction	[13585888, 15833669, 16009694, 13637648, 16083507, 17451911, 25608937]
12603698	paranormal	[]
12603783	dystopia	[18427147, 12976601]
12603860	young-adult	[13057464]
12606631	dystopian	[]
12606851	young-adult	[13180874, 16086327, 15812814]
12607835	young-adult	[]
12607983	fantasy	[]
12608046	young-adult	[]
12609295	fantasy	[]
12614410	fantasy	[16114914, 16090769]
12614754	young-adult	[]
12617286	young-adult	[]
12618510	fantasy	[17334580]
12619367	young-adult	[]
12620719	angels	[]
12620969	young-adult	[14743827, 13532321, 17665784, 16030631]
12622780	young-adult	[]
12626302	young-adult	[]
12626444	paranormal	[11953675]
12628635	mermaids	[12768398]
12628686	fantasy	[]
12629670	young-adult	[13014370]
12630053	young-adult	[]
12631122	fantasy	[12430406, 15721733]
12631512	dystopian	[]
12631527	fantasy	[13260649]
12636506	young-adult	[]
12637460	fantasy	[17254498, 16059492, 18670045, 18633797, 22819449, 33193822, 35384793]
12637490	mythology	[13561698]
12641062	young-adult	[]
12643556	young-adult	[20691029]
12643888	young-adult	[]
12643928	young-adult	[13480671, 13565922, 13598952, 13425323, 13631961, 15820139, 15742581, 15743062, 15845588, 22443451, 18713356, 21458175, 24995028, 22492901, 18810188]
12646013	paranormal	[]
12648964	young-adult	[]
12649055	young-adult	[11442679]
12658723	fantasy	[12996516, 6798947]
12658862	fantasy	[11417254, 13573833, 13159888, 15723988, 13603056, 15848087, 16067349, 16080569, 22466620, 17244064, 17162156, 18798818, 20621490, 17930465, 26175968, 27468538, 26150650, 9460487]
12663646	dystopian	[12837580]
12664864	dystopian	[10637748, 11253892, 12958103]
12664948	young-adult	[9776441, 954674, 7101257, 9293309]
12665819	young-adult	[]
12668517	paranormal	[12668532]
12668532	paranormal	[]
12669980	young-adult	[13553070]
12672711	tenho	[]
12674135	young-adult	[]
12676614	young-adult	[]
12677691	paranormal	[13454548]
12677913	fantasy	[15841110, 19270472]
12679510	conspiracy-365	[]
12679804	young-adult	[17855805]
12680138	fantasy	[]
12680390	young-adult	[13187961]
12680907	fantasy	[13188729, 13632182, 13120551, 15756799, 16033991, 13385877, 22568718, 17623976]
12680986	young-adult	[17186385]
12680993	young-adult	[12669980, 13553070]
12680998	fantasy	[13415490, 16280116]
12681080	fantasy	[]
12681104	young-adult	[12848043, 16085918, 15230312, 17831275, 22372184]
12681111	young-adult	[]
12681233	young-adult	[]
12685000	young-adult	[10418273]
12686372	young-adult	[18882076]
12695443	young-adult	[]
12697815	m-m	[]
12698253	young-adult	[12307014, 11800662]
12698497	young-adult	[]
12698959	young-adult	[]
12699777	romance	[17559253, 17559251, 18906497, 11437763]
12700337	young-adult	[22918597]
12700353	young-adult	[]
12700790	young-adult	[]
12701339	fantasy	[13419125]
12701618	time-travel	[]
12703090	fantasy	[]
12704568	young-adult	[17434820, 12019355, 12928454]
12707703	fantasy	[12742903]
12707929	young-adult	[]
12708927	fantasy	[19763246, 19255137]
12709959	young-adult	[]
12710955	young-adult	[]
12711662	fantasy	[]
12715039	vampires	[]
12715259	fantasy	[12737680]
12716010	young-adult	[12681104, 12848043, 16085918, 15230312, 17831275, 22372184]
12717535	young-adult	[]
12721855	fantasy	[]
12725214	young-adult	[]
12726078	fantasy	[]
12726115	young-adult	[]
12727768	young-adult	[12972961, 34168885]
12729152	young-adult	[11629974, 21473233, 26033988, 26026376]
12730051	fantasy	[19342568, 12926216]
12732267	vampires	[]
12737680	fantasy	[]
12737871	young-adult	[9680718, 13568511, 22908923, 30632701]
12738972	young-adult	[13326372]
12739984	young-adult	[11455096, 12047465, 13641002, 23472301]
12741696	fantasy	[12928703, 12703090]
12742903	fantasy	[]
12743472	young-adult	[16125246, 15812184, 17608032, 17661744, 17623998]
12745818	young-adult	[]
12747364	fantasy	[13073578, 18479926]
12751185	young-adult	[14589221, 15710229, 13643375, 15894007, 18599580]
12751267	young-adult	[10635806]
12751687	young-adult	[18393888, 18189805, 18596600]
12752963	young-adult	[13483330]
12753231	young-adult	[13561848, 16059487]
12753554	dystopian	[12753616]
12753616	dystopian	[]
12754000	steampunk	[]
12754271	young-adult	[]
12754689	young-adult	[12487343]
12754915	fantasy	[]
12756863	young-adult	[12400425, 12790954]
12762502	vampires	[]
12768398	mermaids	[]
12769525	horror	[]
12770277	fantasy	[11072839]
12770460	young-adult	[7549252, 22858056]
12772759	young-adult	[14741640, 17453682, 25421308, 30239436]
12776992	young-adult	[12777016, 14760780, 12777228]
12777016	young-adult	[14760780, 12777228]
12777228	young-adult	[]
12780764	young-adult	[]
12788037	fantasy	[15719891, 15999171, 15989859, 17699306, 24885507, 29356073, 18104059]
12788061	young-adult	[15755965]
12790954	young-adult	[]
12792658	dystopia	[25264061, 19432805]
12792988	dystopian	[15714588]
12793197	young-adult	[10368172, 17166132, 6909544]
12793778	young-adult	[13639208, 18527511, 11090324]
12797906	young-adult	[13547815]
12798818	m-m	[34112074]
12798827	young-adult	[13514804]
12799972	fantasy	[12680138]
12800637	young-adult	[13529309, 17899346]
12801856	young-adult	[]
12806139	young-adult	[]
12810834	young-adult	[]
12812539	fantasy	[15834255]
12812550	fantasy	[13503544, 13526458, 13526355, 13389182, 17305611, 17728652, 18048665, 17899356]
12813630	young-adult	[]
12813860	young-adult	[]
12814519	young-adult	[13528316]
12814536	young-adult	[18780675]
12814540	dystopian	[]
12814550	young-adult	[]
12814556	monster-high	[13505737]
12814594	dystopia	[13286546, 15790809, 18626833]
12816988	paranormal	[]
12818713	the-vampire-diaries	[]
12819134	fantasy	[12628686]
12819342	young-adult	[]
12821542	young-adult	[]
12823217	dystopian	[]
12825482	young-adult	[93779]
12825990	young-adult	[]
12828201	young-adult	[]
12828479	paranormal	[]
12829446	arc	[13496376, 15794103, 20049500]
12830940	dystopian	[12753554, 12753616]
12832932	young-adult	[11309018, 13452386, 17719357, 20096054]
12834722	young-adult	[]
12835165	polish	[]
12836320	young-adult	[12475742, 13008333]
12837183	fantasy	[12846348]
12837580	dystopian	[]
12837682	romance	[]
12842115	young-adult	[16150043, 17623975, 26247744, 29474233]
12842134	young-adult	[17465482, 22752817, 17612618, 20657806, 29862937]
12843274	young-adult	[16069878, 13586791, 25787969]
12844575	young-adult	[]
12844897	paranormal	[11882171, 15713847]
12846348	fantasy	[]
12846479	fantasy	[15824526]
12847364	young-adult	[16217550, 17208158]
12847646	young-adult	[17336887]
12847982	fantasy	[]
12848043	young-adult	[16085918, 15230312, 17831275, 22372184]
12849226	young-adult	[]
12850146	vampires	[]
12851322	young-adult	[17552529, 20565061, 13188077]
12852064	time-travel	[17910062, 18942607, 22320214]
12854661	young-adult	[11570243]
12854808	zombies	[21888732, 11768919]
12856838	mermaids	[]
12856939	young-adult	[]
12857693	fantasy	[13091999, 23158342]
12858480	young-adult	[]
12861008	fantasy	[]
12861869	fantasy	[12861008]
12862611	young-adult	[17852641, 17605730]
12862612	young-adult	[]
12863390	chick-lit	[12159310]
12863801	young-adult	[11534906]
12866441	young-adult	[]
12868972	dystopian	[11807583, 12926489, 10429082, 11345832]
12871657	young-adult	[13630955, 16070454]
12872080	vampires	[]
12872294	young-adult	[]
12872523	romance	[]
12872699	time-travel	[13165960]
12873027	fantasy	[]
12875329	angels	[]
12876006	young-adult	[]
12876438	young-adult	[]
12877866	young-adult	[13099871, 5996153, 6754536]
12878132	young-adult	[]
12878783	romance	[12837682]
12879229	pretty-little-liars	[16655507]
12882267	young-adult	[]
12882328	young-adult	[13643715]
12882543	young-adult	[]
12884907	young-adult	[683406]
12884919	young-adult	[]
12885649	young-adult	[13616052, 13562614, 13562963, 18626858]
12887687	fantasy	[12915697]
12888207	young-adult	[]
12888231	young-adult	[15793632]
12888990	ebooks	[]
12892553	young-adult	[17165654]
12892628	zombies	[16250898, 21888731]
12893536	young-adult	[12390682]
12893543	young-adult	[25473101, 29806508, 30164003]
12893600	young-adult	[]
12893742	fantasy	[13449648, 13612676, 16049484, 17349733, 17193778]
12895017	young-adult	[]
12895386	fantasy	[]
12895713	young-adult	[12698497]
12897984	vampires	[10025007, 16300215]
12900174	romance	[15852490, 16172220, 18276400, 15851732]
12901365	paranormal	[]
12904105	young-adult	[45484, 289113]
12905437	mermaids	[15731882]
12905451	horror	[]
12907968	young-adult	[12393909, 13101481]
12908035	horror	[]
12908799	zombies	[]
12908877	young-adult	[13076594, 15818122]
12910262	young-adult	[]
12912273	young-adult	[19225931]
12912404	young-adult	[]
12912519	mermaids	[17287443]
12912532	young-adult	[]
12914207	young-adult	[]
12914992	demons	[]
12915002	paranormal	[]
12915697	fantasy	[]
12917338	young-adult	[17378500, 18490634]
12917878	m-m	[12798818, 34112074]
12919804	vampires	[]
12919912	vampires	[]
12922289	young-adult	[]
12922364	mystery	[]
12923534	young-adult	[]
12924153	vampires	[]
12924253	dystopian	[16120727, 13622741, 15818326, 17670025]
12924275	young-adult	[13067872]
12924279	young-adult	[]
12924288	young-adult	[13555729]
12924307	young-adult	[]
12924333	young-adult	[]
12924342	young-adult	[13084766]
12924379	darren-shan	[]
12924381	young-adult	[]
12924419	young-adult	[]
12924426	young-adult	[16240749]
12924442	paranormal-romance	[12234586]
12925333	mermaids	[]
12925928	vampires	[]
12926109	fantasy	[12407853, 18754114]
12926216	fantasy	[]
12926489	dystopian	[10429082, 11345832]
12926636	young-adult	[]
12928454	young-adult	[]
12928703	fantasy	[12703090]
12928756	vampires	[12966565]
12929218	fantasy	[11079024]
12930909	young-adult	[18522831, 21795658, 18693883]
12931061	young-adult	[13245608, 13335126]
12933542	young-adult	[16153177, 16156595]
12934098	angels	[]
12937050	science-fiction	[]
12937309	young-adult	[]
12937427	young-adult	[17455804, 17624010]
12937491	young-adult	[13640504]
12937815	fantasy	[]
12938278	young-adult	[9542582, 13035989]
12939797	vampire-diaries	[]
12939891	romance	[]
12942010	science-fiction	[15866134]
12943330	young-adult	[12512617, 15717947, 13408579, 13578034, 13569253, 18738787]
12946311	young-adult	[]
12946419	zombies	[]
12949244	young-adult	[]
12949352	young-adult	[12676614]
12949450	own-to-read	[]
12950372	young-adult	[16108212, 17334499, 22393038, 26211045]
12951504	young-adult	[]
12952652	young-adult	[8709640, 10710433, 12082414, 12393888, 15812817]
12953656	fantasy	[]
12954062	science-fiction	[12603261, 13585888, 15833669, 16009694, 13637648, 16083507, 17451911, 25608937]
12954620	fantasy	[13613142, 16279698, 17280701, 17465467]
12954632	young-adult	[]
12954633	paranormal	[]
12954821	mermaids	[9522160]
12954982	urban-fantasy	[12368215, 12368303, 13520180, 13453604, 13827428, 16133571]
12954989	young-adult	[13224709]
12955662	paranormal	[]
12956871	vampires	[30123368, 9402163]
12957165	young-adult	[13390577, 22757316, 30632995, 9888775]
12957427	vampires	[18072608, 15747074]
12957973	young-adult	[9945127]
12958067	fantasy	[11511945, 11732479, 10305156, 10767985, 13266803, 13601350, 13528340, 13600168, 16179873]
12958103	dystopian	[]
12958374	fantasy	[10471939, 11100298, 13547092, 17226128, 25560279, 24885508, 18222170]
12958620	fantasy	[]
12958707	young-adult	[28599556]
12959528	dystopian	[]
12959791	young-adult	[11801954, 15742302]
12959823	young-adult	[]
12960716	young-adult	[259997]
12962066	young-adult	[13631004, 19477359]
12962345	young-adult	[13614332, 16246712]
12963277	vampires	[16060809]
12963406	young-adult	[]
12963751	vampires	[12579884]
12964268	young-adult	[12964275, 16149867]
12964275	young-adult	[16149867]
12964286	young-adult	[]
12964324	fantasy	[13438568, 13264701, 15729137, 15719929, 15722810, 15846037, 17613449, 17449657, 18333029, 18775848, 22063856, 24885521, 21061789]
12964326	young-adult	[12648964]
12964495	young-adult	[11325353, 18002184, 18686210, 21802639]
12966565	vampires	[]
12967660	fantasy	[15772632]
12968296	young-adult	[13509367, 12394197, 17202324]
12968297	young-adult	[493455]
12969325	young-adult	[11097849]
12970552	young-adult	[]
12970641	young-adult	[12503090]
12970980	paranormal	[]
12971005	paranormal	[13032046]
12971486	young-adult	[16141459, 34178671]
12971616	young-adult	[13519469, 17858948, 16248025, 18400482]
12971630	witches	[]
12971641	young-adult	[]
12971656	steampunk	[]
12971662	fantasy	[]
12971664	young-adult	[15812757]
12972292	young-adult	[]
12972637	sports	[]
12972663	young-adult	[13646087]
12972961	young-adult	[34168885]
12973051	young-adult	[13597739, 1970520]
12973281	fantasy	[12475616]
12973891	blue-jeans	[15852027]
12973964	young-adult	[12066190, 12139510, 14854809, 36381037, 18086403, 33249079, 13722513]
12974459	young-adult	[11200056, 14899481, 19031494]
12974699	angels	[]
12974708	angels	[]
12976592	young-adult	[12059426]
12976601	dystopia	[]
12977172	young-adult	[13616048, 13495069]
12979466	dystopian	[]
12980968	young-adult	[21423614]
12981384	paranormal	[11063947]
12981519	young-adult	[13642043, 13492527, 23907641]
12981956	young-adult	[]
12982393	young-adult	[]
12983102	vampires	[]
12983626	fantasy	[]
12985120	young-adult	[11061366, 17181832, 11283552, 10128165, 28254411, 13415865, 11614718, 13599587, 13512432, 20617980]
12985143	young-adult	[13097229, 13024972, 17383920]
12986169	mythology	[]
12986470	fantasy	[12536297, 12992198]
12986492	young-adult	[13721535]
12987179	mystery	[13627751]
12987192	dystopian	[13345169, 13345165]
12987331	young-adult	[17179954]
12987553	romance	[]
12987847	first-reads	[19712929]
12987853	angels	[]
12988074	steampunk	[16074878]
12988089	young-adult	[13546262]
12988101	paranormal	[]
12988102	sci-fi	[16074731]
12988410	young-adult	[]
12989112	young-adult	[]
12991060	young-adult	[11432092]
12991545	fantasy	[]
12992198	fantasy	[]
12992396	young-adult	[]
12992845	young-adult	[]
12993207	horror	[16075923, 17255526]
12993500	paranormal	[]
12993856	young-adult	[]
12994082	robin-jones-gunn	[]
12995284	fantasy	[13207258, 13174804, 15286633, 13598683, 13041606, 16248048, 23159778]
12996516	fantasy	[6798947]
12996766	young-adult	[11289151, 12226400, 8525590]
12996967	fantasy	[17263181]
12997765	young-adult	[16127955, 9779094]
12997851	werewolves	[11876767, 11049606, 10549344, 13500433]
12998673	romance	[]
12998722	young-adult	[]
12998764	fantasy	[]
12999306	mythology	[13509862, 18739288]
13003205	young-adult	[17564568, 8976759]
13004050	fantasy	[12081764]
13004168	young-adult	[15995136, 15815945, 23302416, 17210363, 17382805, 17119852, 25298678, 27790915]
13008333	young-adult	[]
13008385	zombies	[26674459]
13009950	young-adult	[11878181, 12851322, 17552529, 20565061, 13188077]
13010211	young-adult	[13565580, 16165065, 18159827, 17286891]
13010348	house-of-night	[11213522, 11454580]
13011771	time-travel	[20938901, 13011828, 18633867, 12701618]
13011828	time-travel	[18633867, 12701618]
13013051	young-adult	[13167741]
13013066	young-adult	[]
13013740	young-adult	[12801856]
13014354	mythology	[13029676]
13014370	young-adult	[]
13015019	young-adult	[13649335]
13016732	young-adult	[15818219]
13016779	young-adult	[]
13017569	magic	[17251822]
13018503	young-adult	[18296028]
13018514	young-adult	[16009873]
13019704	mermaids	[]
13019903	young-adult	[]
13021366	fantasy	[27230933]
13021836	young-adult	[]
13023389	romance	[]
13024137	paranormal	[14415615]
13024589	vampires	[]
13024892	fantasy	[12007060, 17452911]
13024972	young-adult	[17383920]
13025656	young-adult	[]
13026381	dystopian	[12010985, 15793096]
13026464	young-adult	[13418577]
13026499	vampires	[]
13026935	young-adult	[]
13027304	hunger-games	[]
13027495	fantasy	[]
13027627	angels	[]
13029676	mythology	[]
13030422	young-adult	[]
13031056	young-adult	[]
13031257	fantasy	[20819649, 20703287]
13031804	young-adult	[]
13032025	dystopia	[13264894]
13032046	paranormal	[]
13032249	science-fiction	[]
13034113	young-adult	[15721679]
13034211	paranormal	[21582034]
13034217	romance	[]
13034327	young-adult	[]
13034785	paranormal	[12603698]
13035465	need	[13081880]
13035989	young-adult	[]
13036094	monster-high	[]
13036777	harry-potter	[]
13037406	zombies	[10579347]
13037617	fantasy	[13163543]
13037689	angels	[]
13038356	young-adult	[]
13039186	fantasy	[3090465, 2888213]
13039728	dragons	[]
13041606	fantasy	[16248048, 23159778]
13042154	young-adult	[13573303, 13260546, 29964324]
13042766	young-adult	[]
13043180	fantasy	[17794624]
13043239	young-adult	[]
13043912	young-adult	[]
13044990	vampires	[]
13047090	young-adult	[15833278, 15780576, 17885247, 23564763, 22820998]
13047567	young-adult	[16092269, 13070028, 21951312, 25521501]
13047591	mermaids	[12954821, 9522160]
13047878	young-adult	[]
13049260	young-adult	[]
13049897	vampires	[17348328]
13049981	young-adult	[15697999, 16050829]
13051460	vampires	[12732267]
13051896	young-adult	[12872294]
13052310	young-adult	[13576376, 6468718]
13055677	paranormal	[]
13056511	angels	[15990216]
13056868	fantasy	[]
13057003	young-adult	[]
13057314	fantasy	[]
13057435	fantasy	[]
13057436	fantasy	[13323510, 13057435]
13057464	young-adult	[]
13058980	young-adult	[]
13059026	steampunk	[]
13060099	paranormal	[13481017]
13060190	mermaids	[20321706]
13060608	steampunk	[14288005, 15858261]
13060609	angels	[]
13060819	maya-banks	[]
13061500	young-adult	[18221588, 21013383]
13062080	young-adult	[]
13062488	young-adult	[]
13062911	young-adult	[]
13063098	young-adult	[]
13063786	zombies	[]
13063813	young-adult	[19036500]
13064277	romance	[]
13064523	young-adult	[]
13064584	science-fiction	[]
13065327	young-adult	[19352550, 19084391, 17286787]
13065338	young-adult	[]
13067872	young-adult	[]
13068756	young-adult	[12643928, 13480671, 13565922, 13598952, 13425323, 13631961, 15820139, 15742581, 15743062, 15845588, 22443451, 18713356, 21458175, 24995028, 22492901, 18810188]
13068776	young-adult	[12418648, 13120462, 11594257, 13577953, 13140952, 15818155]
13069060	young-adult	[]
13069113	fantasy	[12440508, 16130799, 13160619, 15864946, 16074352, 17927861, 19549841, 16054806, 23832047, 19579777]
13069514	fantasy	[]
13069681	young-adult	[]
13069690	paranormal	[]
13069755	young-adult	[]
13069935	young-adult	[]
13070028	young-adult	[21951312, 25521501]
13070346	werewolves	[17730715]
13070740	young-adult	[15827680]
13070931	angels	[9666812, 11765876, 11825915, 16146295]
13071063	young-adult	[12397804]
13071174	fantasy	[5983175, 3303, 16529, 16533, 6294280]
13072229	mythology	[11778281]
13072385	fantasy	[13553258, 15820846, 12236872, 18457332]
13072598	maya-banks	[17206172, 35436593]
13073578	fantasy	[18479926]
13073922	young-adult	[]
13074628	dystopian	[]
13075856	fantasy	[]
13076222	young-adult	[13177079]
13076594	young-adult	[15818122]
13076603	chick-lit	[]
13077542	young-adult	[23484511, 13057003]
13078582	steampunk	[]
13080245	young-adult	[]
13080297	urban-fantasy	[]
13081072	werewolves	[13070346, 17730715]
13081309	paranormal	[]
13081880	need	[]
13083068	young-adult	[17702716, 18757458, 20758103]
13083087	young-adult	[10813423, 17702723, 20758105, 18814304]
13083650	m-m	[]
13084324	giveaways	[]
13084733	sports	[13517978]
13084766	young-adult	[]
13085374	fantasy	[18110899, 19466533, 22583003]
13086115	young-adult	[]
13086226	young-adult	[13113419]
13086546	paranormal	[11779786]
13087463	zombies	[12892628, 16250898, 21888731]
13087628	paranormal	[]
13088498	young-adult	[]
13088669	young-adult	[12710955]
13089299	fantasy	[11250674]
13089710	young-adult	[13091429, 13531270, 17126549, 17729104, 22559985, 23597691, 17797357]
13091189	ghosts	[10578952]
13091307	dystopia	[14740078]
13091429	young-adult	[13531270, 17126549, 17729104, 22559985, 23597691, 17797357]
13091999	fantasy	[23158342]
13092528	young-adult	[15942682]
13092677	young-adult	[]
13093570	zombies	[16291055]
13094453	angels	[13149137]
13096012	9-sort	[]
13097138	romance	[]
13097191	chick-lit	[]
13097220	young-adult	[16033018]
13097229	young-adult	[13024972, 17383920]
13097681	paranormal	[24681154]
13099652	fantasy	[13575349]
13099703	fantasy	[]
13099871	young-adult	[5996153, 6754536]
13101481	young-adult	[]
13101487	young-adult	[16040191, 13586321, 18691312, 33298607, 32946000]
13101912	young-adult	[13564634, 16097138, 20409400, 17334525, 15818308, 17451210]
13102023	young-adult	[]
13104080	dystopian	[15782640, 17285948, 16136132, 17187055, 17704154, 17848162, 18089977, 22713044]
13104484	young-adult	[12866441]
13105929	young-adult	[]
13110139	young-adult	[13615055]
13111788	sci-fi	[11538031]
13112869	young-adult	[17824622, 22923359, 19321427]
13113419	young-adult	[]
13113746	vampires	[]
13114124	mermaids	[18683541, 18921817]
13115412	young-adult	[]
13115995	young-adult	[18089961]
13117292	young-adult	[13265138, 16051967, 22311017, 18684870]
13118952	young-adult	[13063098]
13119263	young-adult	[15706274]
13120462	young-adult	[11594257, 13577953, 13140952, 15818155]
13120551	fantasy	[15756799, 16033991, 13385877, 22568718, 17623976]
13122965	romance	[]
13125636	young-adult	[8933193]
13125947	science-fiction	[13508897, 16088363, 17186305, 17623991, 25292800]
13125960	vampires	[]
13126204	maya-banks	[13072598, 17206172, 35436593]
13126377	fantasy	[]
13128011	giveaways	[]
13130275	young-adult	[16009528, 17080926, 17571446]
13130280	young-adult	[15870690, 20576895, 6738968]
13130339	dystopia	[23524077]
13130341	young-adult	[13531534]
13130693	young-adult	[16059434, 17928942]
13130788	young-adult	[25836501]
13131693	young-adult	[16074961, 17887123, 25903354]
13132661	young-adult	[17410544, 17560115, 19401848]
13132816	young-adult	[]
13135293	fantasy	[]
13135319	zombies	[11478165, 13355014]
13135441	paranormal	[]
13135758	young-adult	[]
13138635	young-adult	[18296615, 20873160, 25491768, 27995119, 30619137]
13138734	sci-fi	[21536592, 32820386]
13138736	sci-fi	[25550357]
13139452	fantasy	[]
13140680	time-travel	[]
13140790	young-adult	[18668478]
13140952	young-adult	[15818155]
13141233	young-adult	[]
13141299	young-adult	[]
13141794	young-adult	[]
13142099	fantasy	[]
13142761	pretty-little-liars	[16694788]
13143299	young-adult	[13486564, 12578077, 14743935, 15852177, 17735111, 19081600, 22084431, 22911350]
13146214	romance	[13636392, 16117358, 16102245, 25544435]
13146226	young-adult	[15463396]
13146246	science-fiction	[9593911, 12954062, 12603261, 13585888, 15833669, 16009694, 13637648, 16083507, 17451911, 25608937]
13146312	young-adult	[16102226]
13146824	young-adult	[]
13147099	young-adult	[]
13147460	zombies	[18361070, 17334178]
13149137	angels	[]
13149420	young-adult	[]
13153167	young-adult	[]
13156364	fairies	[]
13156406	young-adult	[3229394]
13157446	fantasy	[15701998]
13157568	fantasy	[13157569]
13157569	fantasy	[]
13158451	young-adult	[11382317]
13159540	young-adult	[17695759, 17665481]
13159888	fantasy	[15723988, 13603056, 15848087, 16067349, 16080569, 22466620, 17244064, 17162156, 18798818, 20621490, 17930465, 26175968, 27468538, 26150650, 9460487]
13160619	fantasy	[15864946, 16074352, 17927861, 19549841, 16054806, 23832047, 19579777]
13160745	young-adult	[321941]
13161211	young-adult	[15818224]
13161503	young-adult	[]
13163011	young-adult	[21062449]
13163543	fantasy	[]
13165215	vampires	[]
13165960	time-travel	[]
13167084	dystopian	[15984147, 17222419, 18692306]
13167741	young-adult	[]
13169849	young-adult	[]
13170035	vampires	[16172280, 13170036, 14741256]
13170036	vampires	[14741256]
13170596	dystopian	[15729616, 15820119]
13174719	fantasy	[]
13174804	fantasy	[15286633, 13598683, 13041606, 16248048, 23159778]
13175713	fantasy	[30363360, 40158]
13176540	young-adult	[21890781]
13176582	sub	[]
13177079	young-adult	[]
13179413	fantasy	[67660]
13180260	fantasy	[11358676]
13180484	young-adult	[16074751, 25363756]
13180874	young-adult	[16086327, 15812814]
13180930	vampires	[]
13181735	vampires	[]
13181967	young-adult	[]
13182273	mermaids	[13182274]
13182274	mermaids	[]
13182638	young-adult	[]
13183402	mythology	[]
13183415	sub	[]
13183921	fantasy	[15761642, 13622204, 13490791, 18162014]
13183957	young-adult	[17381737, 13493987, 30319100, 19186150]
13184223	fantasy	[]
13184820	fantasy	[15992136]
13185168	young-adult	[]
13185941	vampires	[16044945, 11368694]
13186385	young-adult	[13480581]
13187961	young-adult	[]
13188077	young-adult	[]
13188615	dystopian	[17189447]
13188676	dystopian	[18053135, 18735912, 18052853, 22393948, 20612051, 20829565, 22722814, 21920669, 23802202]
13188729	fantasy	[13632182, 13120551, 15756799, 16033991, 13385877, 22568718, 17623976]
13196082	young-adult	[28479624, 12738972, 13326372]
13198744	young-adult	[]
13206760	fantasy	[16071020, 15745886, 13602234, 18484162, 18483526, 33226036, 17853379, 18139931, 24732043, 26798985]
13206828	young-adult	[18705089, 18716399, 20628320, 21469054, 30343353, 30833399, 33249532, 18896874]
13206900	young-adult	[24917919, 25774272, 24602631, 29743549, 31306759, 35239333, 33252527, 25573818]
13207224	christian-fiction	[]
13207258	fantasy	[13174804, 15286633, 13598683, 13041606, 16248048, 23159778]
13209542	fantasy	[30968572]
13209712	young-adult	[12957973, 9945127]
13219668	fantasy	[2402971, 8140429, 7019087, 6240811, 6441303]
13220226	fantasy	[]
13221013	steampunk	[]
13221136	young-adult	[13529646]
13223243	young-adult	[]
13224709	young-adult	[]
13224793	young-adult	[]
13226194	fantasy	[15863832, 13623817, 11500217, 18242614, 18868398, 31279166]
13228537	young-adult	[]
13231662	mythology	[]
13231787	pretty-little-liars	[22037759]
13232966	young-adult	[13130341, 13531534]
13233397	young-adult	[]
13233726	paranormal	[]
13234826	young-adult	[]
13235632	fantasy	[18179058]
13240202	angels	[]
13240321	young-adult	[]
13241952	young-adult	[]
13243728	young-adult	[]
13244578	romance	[]
13245608	young-adult	[13335126]
13246148	contemporary	[15715778]
13246149	contemporary	[13246148, 15715778]
13246617	young-adult	[]
13246736	fantasy	[]
13247675	romance	[18061635]
13247802	young-adult	[]
13248357	romance	[13247675, 18061635]
13249141	fantasy	[]
13249204	fantasy	[]
13249458	young-adult	[]
13249699	sci-fi	[]
13249960	angels	[]
13250816	romance	[15857564, 22715134]
13253276	dystopian	[15857227, 17259468, 17336640, 15787917, 24531398, 18089966]
13253842	m-m	[]
13254289	young-adult	[]
13256468	young-adult	[7766070, 16095930, 15798696]
13256564	young-adult	[]
13256746	young-adult	[13450594]
13257974	paranormal	[]
13258292	v-c-andrews	[]
13258521	romance	[]
13258752	young-adult	[6925666]
13258839	young-adult	[17205048, 19571554]
13260515	young-adult	[]
13260521	fantasy	[]
13260546	young-adult	[29964324]
13260644	young-adult	[20808615]
13260649	fantasy	[]
13260666	young-adult	[18143711, 22546087, 25825932, 30290110, 36353058]
13260739	fantasy	[]
13260751	horror	[20759631]
13260776	dystopian	[17860154, 17408673, 18172260]
13261716	pretty-in-black	[]
13262015	fantasy	[]
13262783	young-adult	[15771468, 15771473, 16077173, 17451795, 15926760, 22310743, 21928848, 24682771, 25818363, 19053172]
13263025	young-adult	[13560848, 14879491, 13526144, 16173176]
13263220	romance	[]
13264468	young-adult	[]
13264701	fantasy	[15729137, 15719929, 15722810, 15846037, 17613449, 17449657, 18333029, 18775848, 22063856, 24885521, 21061789]
13264894	dystopia	[]
13265138	young-adult	[16051967, 22311017, 18684870]
13265293	angels	[]
13265450	young-adult	[]
13265927	m-m	[13266047]
13266047	m-m	[]
13266803	fantasy	[13601350, 13528340, 13600168, 16179873]
13267515	young-adult	[12144652]
13268443	steampunk	[13321213]
13268759	dystopian	[13273046, 12663646, 12837580]
13269475	werewolves	[]
13270871	frost	[]
13272489	young-adult	[531197, 514990]
13272758	young-adult	[17680293]
13273046	dystopian	[12663646, 12837580]
13273161	young-adult	[]
13278482	fantasy	[17334584]
13279038	young-adult	[]
13279074	young-adult	[]
13279768	angels	[]
13280426	vampires	[18685259, 6377359, 8030167]
13284052	mythology	[17451890, 25729635, 26231359]
13285026	french	[]
13286546	dystopia	[15790809, 18626833]
13287308	young-adult	[]
13293565	fantasy	[21942464]
13294116	romance	[22548197, 28008718, 18216844]
13294266	science-fiction	[]
13295344	will-never-read	[]
13297514	young-adult	[13565672]
13304482	darren-shan	[12924379]
13311324	young-adult	[13141794]
13316241	young-adult	[15784067]
13316289	horror	[]
13316292	young-adult	[]
13318633	young-adult	[29794461]
13318941	fantasy	[13184223]
13319603	young-adult	[7285601, 10857048, 12187803, 12885649, 13616052, 13562614, 13562963, 18626858]
13320686	fantasy	[]
13321213	steampunk	[]
13322609	young-adult	[]
13322765	fantasy	[9659607, 12471240, 18516256]
13323510	fantasy	[13057435]
13324686	aliens	[]
13324841	young-adult	[15777576, 18812104]
13326372	young-adult	[]
13326795	young-adult	[13425797]
13326831	dystopian	[17742851, 20256696, 18807846]
13327018	young-adult	[]
13327517	young-adult	[]
13327859	young-adult	[]
13330387	fantasy	[]
13331838	romance	[]
13333835	young-adult	[8573632, 13416225, 16053765, 18485333, 19193276]
13334434	romance	[13367674]
13335037	young-adult	[13424701, 16116728, 18044116, 18517479, 17873797, 18085525, 21803253]
13335038	young-adult	[13335037, 13424701, 16116728, 18044116, 18517479, 17873797, 18085525, 21803253]
13335126	young-adult	[]
13336979	young-adult	[13613085, 23703248, 24519887]
13338730	paranormal	[]
13339209	fantasy	[24632071, 12983626]
13339436	fantasy	[]
13341379	young-adult	[19032932]
13342564	sci-fi	[13623057]
13344678	young-adult	[]
13344963	young-adult	[]
13345165	dystopian	[]
13345169	dystopian	[13345165]
13348930	vampires	[]
13348966	fantasy	[13355781]
13350871	young-adult	[]
13351787	young-adult	[]
13353503	young-adult	[]
13353954	young-adult	[27020821, 13362821]
13354283	paranormal	[]
13354420	young-adult	[13414545, 13614123]
13354919	vampires	[]
13355014	zombies	[]
13355017	zombies	[17119851]
13355781	fantasy	[]
13356651	dystopian	[]
13360458	young-adult	[13639565]
13360957	young-adult	[]
13361027	short-stories	[]
13361040	short-stories	[]
13361059	short-stories	[]
13361070	short-stories	[]
13361585	sub	[]
13361780	authors-behaving-badly	[]
13362536	young-adult	[16246759, 19087596, 22052095, 22596856]
13362821	young-adult	[]
13364300	young-adult	[17796289]
13365532	fantasy	[17623994]
13367528	young-adult	[]
13367674	romance	[]
13368166	young-adult	[]
13368650	young-adult	[18514742]
13369678	romance	[14896945, 15852515, 17907453, 15851734]
13371234	young-adult	[]
13371258	house-of-night	[13539201, 16053929, 17621273]
13372106	mystery	[34814895, 18934822]
13373170	young-adult	[]
13374661	young-adult	[21766289, 18920371]
13375237	young-adult	[]
13377788	young-adult	[16157264, 16685544, 15843377]
13378019	young-adult	[]
13378361	fantasy	[]
13378513	young-adult	[16037789]
13378519	fantasy	[]
13379936	young-adult	[]
13380039	fantasy	[13174719]
13380138	young-adult	[13563241]
13380664	james-patterson	[]
13380915	zombies	[16598599, 17232606, 13528422, 20590708, 18886678]
13383074	paranormal	[]
13383122	paranormal	[13595643]
13383354	romance	[12542167]
13385700	fantasy	[]
13385877	fantasy	[22568718, 17623976]
13386598	fantasy	[13624038, 13614990]
13388461	fantasy	[7864312]
13389135	fantasy	[15737959, 17345763, 10034291]
13389182	fantasy	[17305611, 17728652, 18048665, 17899356]
13390577	young-adult	[22757316, 30632995, 9888775]
13393247	paranormal	[13432620]
13394049	fantasy	[]
13394182	young-adult	[22848548, 24283536]
13394717	young-adult	[14416098]
13397649	vampires	[13486788]
13399726	young-adult	[17405751]
13400912	young-adult	[]
13401993	dystopian	[15985870, 15797076]
13402447	fantasy	[]
13403651	fantasy	[13448322, 13612808, 26222810]
13405246	young-adult	[15992908, 20493695, 21911416, 22738932, 4374400]
13405472	young-adult	[13411799]
13405625	young-adult	[38695, 685689, 781819, 268774]
13405762	paranormal	[]
13406423	young-adult	[15992465, 16266311, 27964196, 18583885]
13406425	young-adult	[16058854, 17334509, 18216287, 18525248, 33226020]
13407490	romance	[]
13407712	new-adult	[]
13407799	young-adult	[]
13408579	young-adult	[13578034, 13569253, 18738787]
13408919	young-adult	[3168250]
13409499	young-adult	[]
13409502	young-adult	[12356570]
13409664	young-adult	[]
13409705	young-adult	[13617485]
13409955	young-adult	[]
13410071	paranormal	[]
13410943	young-adult	[17613053, 17704914, 19452645]
13411245	young-adult	[16035274, 17911033]
13411546	mystery	[]
13411799	young-adult	[]
13412372	dystopia	[13501255, 15737636]
13412377	dystopian	[19182233]
13412386	dystopia	[17342444, 17260928]
13412387	dystopia	[]
13412798	young-adult	[11156140, 16177503, 6453293]
13412960	mermaids	[]
13413517	young-adult	[]
13413913	angels	[8724084, 9797377, 11748622]
13414008	vampire	[]
13414055	vampires	[13515128]
13414132	young-adult	[20380287]
13414322	romance	[17905433]
13414430	young-adult	[]
13414446	dystopian	[15767353, 16003119, 17235096, 17263522, 18240475, 17932692, 18621570, 18682064, 18492470, 23461868]
13414453	fantasy	[]
13414545	young-adult	[13614123]
13414553	young-adult	[13360458, 13639565]
13414564	science-fiction	[]
13414835	angels	[15851511, 17162437, 18270846, 20300224, 24469267]
13414843	young-adult	[22070080, 10766057]
13414871	humor	[]
13414875	fantasy	[13249141]
13414893	dystopia	[]
13414927	young-adult	[20299660]
13414964	young-adult	[]
13415060	young-adult	[]
13415490	fantasy	[16280116]
13415554	fantasy	[]
13415865	young-adult	[11614718, 13599587, 13512432, 20617980]
13415915	young-adult	[17732931]
13416086	young-adult	[17415855]
13416091	angels	[13265293]
13416099	young-adult	[]
13416225	young-adult	[16053765, 18485333, 19193276]
13416236	young-adult	[15742355, 17884937, 23569076]
13416853	werewolves	[]
13417580	young-adult	[6902967, 15717791, 9156663, 13319603, 7285601, 10857048, 12187803, 12885649, 13616052, 13562614, 13562963, 18626858]
13418577	young-adult	[]
13418864	young-adult	[]
13418924	romance	[14828459, 14583422, 22320091, 22557696]
13418925	young-adult	[]
13418951	young-adult	[]
13418955	young-adult	[17286697]
13419076	m-m	[]
13419125	fantasy	[]
13419794	new-adult	[]
13419891	fantasy	[13565658, 15713907, 16885388, 17614871, 29078595]
13420494	young-adult	[]
13420495	young-adult	[]
13420675	zombies	[]
13420679	zombies	[]
13422165	time-travel	[]
13422630	fantasy	[18810874]
13422956	young-adult	[]
13423229	young-adult	[]
13423265	young-adult	[17609688]
13423346	young-adult	[]
13424356	zombies	[17334179, 18108363]
13424701	young-adult	[16116728, 18044116, 18517479, 17873797, 18085525, 21803253]
13425122	young-adult	[]
13425130	young-adult	[]
13425149	young-adult	[]
13425258	romance	[]
13425323	young-adult	[13631961, 15820139, 15742581, 15743062, 15845588, 22443451, 18713356, 21458175, 24995028, 22492901, 18810188]
13425352	young-adult	[13508072]
13425392	young-adult	[12924288, 13555729]
13425784	romance	[20328820]
13425786	romance	[]
13425797	young-adult	[]
13425802	dystopian	[]
13425941	young-adult	[]
13432327	young-adult	[]
13432620	paranormal	[]
13432648	young-adult	[]
13432653	young-adult	[13432648]
13435619	fantasy	[15755025, 34851964, 15743650, 16154641, 20524851, 13449693, 18376563]
13436177	vampires	[]
13436345	young-adult	[]
13436368	zombies	[13640980, 14830670]
13436713	young-adult	[17878404, 20257291]
13438525	science-fiction	[]
13438568	fantasy	[13264701, 15729137, 15719929, 15722810, 15846037, 17613449, 17449657, 18333029, 18775848, 22063856, 24885521, 21061789]
13444688	fantasy	[12388756]
13445306	young-adult	[15801169, 17406293]
13446529	young-adult	[]
13446541	young-adult	[]
13446551	vampires	[]
13447149	dystopian	[17451559]
13447180	romance	[20321138]
13447613	fantasy	[13490501, 13543725, 13665016, 17904246, 18206770, 14759651, 17343391, 17620267, 18271130, 20518884]
13448322	fantasy	[13612808, 26222810]
13448800	vampires	[]
13449489	young-adult	[]
13449631	fantasy	[18007632, 22318570]
13449648	fantasy	[13612676, 16049484, 17349733, 17193778]
13449677	young-adult	[17699776]
13449693	fantasy	[18376563]
13449858	young-adult	[18388701, 17899633]
13449934	vampires	[13512389, 15803761, 17397374, 18688421, 33401863]
13450054	fantasy	[]
13450088	young-adult	[]
13450339	young-adult	[13614244, 17164644, 19011073, 20759393]
13450348	time-travel	[]
13450367	fantasy	[3942410]
13450387	young-adult	[13646855, 17706088]
13450407	young-adult	[15829843, 18600716]
13450454	steampunk	[]
13450594	young-adult	[]
13450968	young-adult	[884361]
13451208	fantasy	[]
13451249	vampires	[]
13451410	young-adult	[22543570]
13451544	zombies	[17853362, 17196481, 18046583]
13452386	young-adult	[17719357, 20096054]
13452815	young-adult	[14428030, 17788261, 23344752]
13453104	young-adult	[]
13453196	mg-keepers	[]
13453481	young-adult	[]
13453571	giveaways	[]
13453604	urban-fantasy	[13827428, 16133571]
13453704	young-adult	[13432653, 13432648]
13453822	young-adult	[]
13453831	fantasy	[13566050]
13454149	romance	[18053685, 17299819, 22358846, 26615686, 27153891]
13454548	paranormal	[]
13454639	young-adult	[21890759]
13454648	young-adult	[]
13455099	fantasy	[22749698]
13455112	young-adult	[17465468, 18394418]
13455284	fantasy	[13503548]
13455465	young-adult	[13974849]
13455513	young-adult	[]
13455518	short-stories	[16107510, 17428639]
13455542	young-adult	[17268877, 18171874]
13455568	young-adult	[]
13455782	young-adult	[]
13455881	young-adult	[20380942, 22907574]
13455887	shifters	[]
13456500	fantasy	[]
13456517	fantasy	[164722]
13456728	fantasy	[58894]
13457974	young-adult	[]
13458816	young-adult	[25871069]
13458818	paranormal	[]
13459147	paranormal	[13458818]
13459460	young-adult	[]
13459645	young-adult	[]
13466008	young-adult	[35385740]
13466202	young-adult	[13466008, 35385740]
13477280	dystopia	[13091307, 14740078]
13477676	young-adult	[]
13478104	angels	[]
13478558	romance	[]
13479179	angels	[15819620]
13479267	mythology	[17296689, 18668562]
13479780	dystopian	[17350916, 22521560]
13480581	young-adult	[]
13480671	young-adult	[13565922, 13598952, 13425323, 13631961, 15820139, 15742581, 15743062, 15845588, 22443451, 18713356, 21458175, 24995028, 22492901, 18810188]
13480683	young-adult	[10740735, 13105929]
13480739	thirst	[5941233]
13481017	paranormal	[]
13481858	fantasy	[]
13482662	young-adult	[]
13482750	fantasy	[16155240, 16155241, 25091997]
13483201	paranormal	[]
13483233	paranormal	[]
13483330	young-adult	[]
13484167	young-adult	[17664951]
13484277	young-adult	[13631848]
13484803	soul-guardians	[19351845]
13485064	young-adult	[]
13485266	young-adult	[]
13485427	young-adult	[]
13485625	young-adult	[]
13485642	young-adult	[18719564, 18906771]
13485965	first-reads	[]
13486348	young-adult	[]
13486371	steampunk	[]
13486564	young-adult	[12578077, 14743935, 15852177, 17735111, 19081600, 22084431, 22911350]
13486788	vampires	[]
13486992	fantasy	[]
13487029	young-adult	[14759330, 15793926]
13487061	fantasy	[]
13487198	vampires	[11456139, 7441947, 12534463]
13488893	young-adult	[17268879, 18398461]
13489203	fantasy	[]
13489584	young-adult	[13153167]
13490501	fantasy	[13543725, 13665016, 17904246, 18206770, 14759651, 17343391, 17620267, 18271130, 20518884]
13490543	dystopian	[17269399, 18458608, 18772812, 25627752]
13490777	paranormal	[]
13490791	fantasy	[18162014]
13490795	angels	[15900897, 15942622, 18967763]
13490798	angels	[18828660]
13490812	romance	[17266833]
13490833	young-adult	[]
13490849	angels	[10399263]
13490987	young-adult	[13577075]
13490992	young-adult	[]
13491366	young-adult	[23003785, 13279038]
13492019	young-adult	[18662635]
13492497	young-adult	[16179763]
13492527	young-adult	[23907641]
13492559	fantasy	[]
13492914	young-adult	[]
13493304	young-adult	[]
13493448	young-adult	[13552530, 8358615, 15763236, 18079784]
13493463	young-adult	[13613417, 13539221, 15870737, 17286884]
13493987	young-adult	[30319100, 19186150]
13494086	young-adult	[]
13494237	young-adult	[14592695, 17839881, 17453983, 18741152, 23525495, 24745488, 26804443, 9754815, 19508953, 22172497]
13494365	young-adult	[17984481, 13495067]
13494685	young-adult	[13183957, 17381737, 13493987, 30319100, 19186150]
13494718	young-adult	[13538883, 17286942]
13495006	paranormal	[]
13495067	young-adult	[]
13495069	young-adult	[]
13495198	vampires	[]
13495219	vampires	[13495198]
13495221	realistic-fiction	[18131945, 21529297, 17571752, 15801353, 22596018, 30304769, 35126335, 19924185]
13495244	mermaids	[]
13495579	young-adult	[]
13495811	angels	[]
13495860	young-adult	[13519778, 22548199]
13495947	young-adult	[18902014]
13496084	romance	[14743909, 15817377, 15851652, 15803860, 16031379, 17970485, 19390926]
13496376	arc	[15794103, 20049500]
13496452	fantasy	[]
13496499	paranormal	[12981384, 11063947]
13496831	fantasy	[13608070]
13497677	demon-kissed	[]
13498421	fantasy	[16077567]
13498847	young-adult	[144350, 3815319]
13498996	young-adult	[13549258]
13499423	young-adult	[15711161]
13500217	young-adult	[25846943]
13500402	paranormal	[18891914]
13500433	werewolves	[]
13500547	vampires	[18072618]
13501083	zombies	[]
13501255	dystopia	[15737636]
13501974	dystopian	[]
13503087	young-adult	[]
13503090	fantasy	[]
13503382	young-adult	[8588789]
13503544	fantasy	[13526458, 13526355, 13389182, 17305611, 17728652, 18048665, 17899356]
13503548	fantasy	[]
13503581	young-adult	[14740753]
13503656	romance	[16079785, 480846, 19298820]
13504524	romance	[]
13504898	fairies	[]
13505141	young-adult	[]
13505602	young-adult	[]
13505621	young-adult	[]
13505737	monster-high	[]
13505953	soul-guardians	[19351953]
13506510	paranormal	[]
13506603	young-adult	[13258839, 17205048, 19571554]
13506667	dystopian	[13501974]
13507070	dystopian	[15519474]
13507622	pretty-little-liars	[]
13507720	young-adult	[16059524]
13507921	young-adult	[]
13508069	young-adult	[17278588]
13508072	young-adult	[]
13508217	young-adult	[17384215]
13508415	young-adult	[19561925, 26799781]
13508421	young-adult	[25664288, 25518424]
13508897	science-fiction	[16088363, 17186305, 17623991, 25292800]
13509018	young-adult	[16179869, 22849060, 23617835]
13509367	young-adult	[12394197, 17202324]
13509478	young-adult	[]
13509846	young-adult	[]
13509862	mythology	[18739288]
13510287	young-adult	[12340317, 12466602, 25113325, 13004168, 15995136, 15815945, 23302416, 17210363, 17382805, 17119852, 25298678, 27790915]
13511077	vampires	[30123399, 10211770]
13511275	young-adult	[]
13511321	young-adult	[13495860, 13519778, 22548199]
13511496	vampires	[]
13511687	young-adult	[]
13511977	romance	[]
13512136	young-adult	[12577549, 12569546]
13512389	vampires	[15803761, 17397374, 18688421, 33401863]
13512392	vampires	[13449934, 13512389, 15803761, 17397374, 18688421, 33401863]
13512432	young-adult	[20617980]
13513071	young-adult	[]
13513299	fantasy	[18926244]
13513454	young-adult	[]
13514246	horses	[17311254]
13514253	young-adult	[]
13514559	dystopian	[]
13514563	dystopian	[]
13514612	young-adult	[]
13514804	young-adult	[]
13515025	young-adult	[18533063]
13515095	mythology	[15744865]
13515128	vampires	[]
13515176	fantasy	[15728900]
13515183	young-adult	[13373170]
13515320	young-adult	[17297134, 17297132, 17894440, 21434730, 25878229]
13515848	young-adult	[15798971]
13516097	young-adult	[]
13516565	young-adult	[]
13517255	fantasy	[]
13517444	young-adult	[17731824, 17855160, 19008362, 20347173]
13517455	young-adult	[16102658, 17792514, 18090051, 30653472]
13517537	vampires	[]
13517617	dystopian	[18361702, 24817353]
13517978	sports	[]
13518102	young-adult	[]
13518112	young-adult	[18074647]
13518644	sci-fi	[]
13518653	paranormal	[13593834]
13518760	paranormal	[]
13518984	mystery	[]
13519043	young-adult	[]
13519397	young-adult	[15713880, 13519398, 7896527, 13574861, 16080337, 17312836, 16034235, 18693277, 18069207, 19234711, 25568631, 25619751, 32672150]
13519398	young-adult	[7896527, 13574861, 16080337, 17312836, 16034235, 18693277, 18069207, 19234711, 25568631, 25619751, 32672150]
13519411	fantasy	[13489203]
13519444	fantasy	[]
13519457	dystopian	[18138213, 17286883]
13519469	young-adult	[17858948, 16248025, 18400482]
13519484	fantasy	[]
13519778	young-adult	[22548199]
13520180	urban-fantasy	[13453604, 13827428, 16133571]
13520377	fantasy	[21620329, 5981496]
13521399	mystery	[13528399, 13528440, 16072189, 17182352]
13522285	young-adult	[]
13526141	middle-grade	[]
13526143	fantasy	[]
13526144	young-adult	[16173176]
13526355	fantasy	[13389182, 17305611, 17728652, 18048665, 17899356]
13526458	fantasy	[13526355, 13389182, 17305611, 17728652, 18048665, 17899356]
13528316	young-adult	[]
13528324	james-patterson	[13380664]
13528340	fantasy	[13600168, 16179873]
13528361	monster-high	[]
13528399	mystery	[13528440, 16072189, 17182352]
13528422	zombies	[20590708, 18886678]
13528440	mystery	[16072189, 17182352]
13529309	young-adult	[17899346]
13529646	young-adult	[]
13529970	young-adult	[]
13530566	young-adult	[]
13530623	young-adult	[]
13530984	mystery	[]
13531270	young-adult	[17126549, 17729104, 22559985, 23597691, 17797357]
13531483	angels	[]
13531534	young-adult	[]
13532321	young-adult	[17665784, 16030631]
13533644	young-adult	[]
13533669	young-adult	[13584142, 13420495]
13533670	young-adult	[15799058]
13533688	young-adult	[13533760]
13533735	music	[]
13533752	young-adult	[]
13533756	young-adult	[]
13533757	angels	[]
13533758	anthologies	[]
13533760	young-adult	[]
13536360	young-adult	[830638]
13536361	young-adult	[18599938]
13537140	new-adult	[18804915]
13537213	fantasy	[19468116]
13537310	time-travel	[]
13537571	young-adult	[]
13538705	young-adult	[]
13538828	young-adult	[]
13538853	young-adult	[]
13538883	young-adult	[17286942]
13538904	horses	[]
13539201	house-of-night	[16053929, 17621273]
13539221	young-adult	[15870737, 17286884]
13539703	chick-lit	[13097191]
13539705	young-adult	[]
13539769	romance	[]
13539941	zombies	[16250910, 18453187]
13540700	young-adult	[]
13540881	young-adult	[15814431, 19008970]
13541056	cassandra-clare	[]
13541333	young-adult	[]
13541378	dystopian	[17235076]
13541721	mythology	[17653101]
13541871	dystopian	[]
13541909	fantasy	[15811516, 17681643]
13541987	young-adult	[13505602]
13542868	young-adult	[]
13543570	young-adult	[9761771, 17914228, 17936377, 28523877]
13543725	fantasy	[13665016, 17904246, 18206770, 14759651, 17343391, 17620267, 18271130, 20518884]
13544083	young-adult	[16170037, 23386429]
13544114	young-adult	[]
13544184	fantasy	[]
13544466	young-adult	[]
13544534	young-adult	[]
13545075	young-adult	[13406423, 15992465, 16266311, 27964196, 18583885]
13545269	young-adult	[17334560, 9917945]
13545494	young-adult	[13613563, 13131693, 16074961, 17887123, 25903354]
13545549	romance	[15780006]
13546173	fantasy	[17860840]
13546262	young-adult	[]
13547092	fantasy	[17226128, 25560279, 24885508, 18222170]
13547135	young-adult	[16181513, 17676197]
13547250	young-adult	[]
13547274	science-fiction	[]
13547432	young-adult	[11099883]
13547438	fantasy	[]
13547454	young-adult	[17334528]
13547815	young-adult	[]
13547956	fantasy	[25186591]
13548152	vampires	[18215290]
13549258	young-adult	[]
13549677	vampires	[]
13550264	vampires	[13024589]
13550544	young-adult	[14699859]
13550647	dystopian	[3217299, 11254066, 16149500, 1685449]
13551358	fantasy	[]
13551833	young-adult	[]
13552530	young-adult	[8358615, 15763236, 18079784]
13552764	young-adult	[18209419]
13552772	fantasy	[]
13552803	angels	[23252406]
13553070	young-adult	[]
13553258	fantasy	[15820846, 12236872, 18457332]
13553276	young-adult	[15819509]
13553450	young-adult	[395464, 884252, 6661308]
13553730	maybe	[10714886]
13554390	romance	[]
13554436	young-adult	[]
13554480	young-adult	[11556960, 14930256, 17834296, 17286888]
13554695	fantasy	[153794, 58889, 12532233]
13554846	young-adult	[13624051, 17470662]
13554911	young-adult	[18754583]
13555538	fantasy	[]
13555671	young-adult	[13185168]
13555729	young-adult	[]
13555806	science-fiction	[]
13556068	fantasy	[]
13556285	angels	[13552803, 23252406]
13556426	paranormal	[25819835]
13557102	mythology	[]
13557105	mythology	[]
13557124	young-adult	[15841684, 20836409]
13557166	fantasy	[18002250]
13557662	romance	[]
13557959	alex-rider	[]
13558634	paranormal	[]
13559453	magic	[]
13559525	vampires	[]
13560086	young-adult	[16145531, 17796899, 20604155, 19213071]
13560404	young-adult	[]
13560478	young-adult	[16159801]
13560848	young-adult	[14879491, 13526144, 16173176]
13561164	romance	[17372887, 17371124, 17679546]
13561341	young-adult	[]
13561584	young-adult	[13042154, 13573303, 13260546, 29964324]
13561698	mythology	[]
13561824	fantasy	[17795668, 15815401]
13561848	young-adult	[16059487]
13561963	young-adult	[14598171]
13562180	werewolves	[]
13562232	romance	[]
13562246	fantasy	[]
13562312	young-adult	[]
13562480	angels	[]
13562579	young-adult	[]
13562614	young-adult	[13562963, 18626858]
13562963	young-adult	[18626858]
13563088	fantasy	[]
13563138	vampires	[]
13563221	zombies	[]
13563241	young-adult	[]
13563645	fantasy	[]
13564219	sub	[]
13564263	childhood	[]
13564324	young-adult	[15814556, 18611955]
13564634	young-adult	[16097138, 20409400, 17334525, 15818308, 17451210]
13564744	young-adult	[]
13565222	fantasy	[7261699]
13565499	young-adult	[15772644, 22054102]
13565580	young-adult	[16165065, 18159827, 17286891]
13565658	fantasy	[15713907, 16885388, 17614871, 29078595]
13565672	young-adult	[]
13565676	fantasy	[15757508, 16886962, 18159995, 23251878]
13565822	young-adult	[16036519, 21797165, 33838479]
13565842	paranormal	[]
13565922	young-adult	[13598952, 13425323, 13631961, 15820139, 15742581, 15743062, 15845588, 22443451, 18713356, 21458175, 24995028, 22492901, 18810188]
13566050	fantasy	[]
13568345	young-adult	[]
13568511	young-adult	[22908923, 30632701]
13568569	young-adult	[]
13568619	fantasy	[]
13568903	fantasy	[]
13569253	young-adult	[18738787]
13569308	young-adult	[]
13569415	first-reads	[]
13569788	young-adult	[10192790, 11850909]
13569815	young-adult	[21766294]
13570258	young-adult	[]
13570670	young-adult	[]
13570724	young-adult	[]
13570768	fantasy	[]
13570856	young-adult	[]
13571953	young-adult	[22890485]
13571998	werewolves	[25565900]
13572037	young-adult	[]
13572145	aliens	[13324686]
13572197	angels	[16140600]
13572358	young-adult	[]
13572568	young-adult	[]
13573093	fantasy	[13555538]
13573303	young-adult	[13260546, 29964324]
13573510	young-adult	[]
13573576	fantasy	[]
13573658	young-adult	[]
13573678	dystopian	[]
13573833	fantasy	[13159888, 15723988, 13603056, 15848087, 16067349, 16080569, 22466620, 17244064, 17162156, 18798818, 20621490, 17930465, 26175968, 27468538, 26150650, 9460487]
13574417	young-adult	[18973958, 21560400, 23596851, 22215758, 25326651]
13574672	young-adult	[17838197, 17733123, 17162405]
13574702	young-adult	[16112103, 16085467]
13574710	short-stories	[]
13574751	young-adult	[]
13574861	young-adult	[16080337, 17312836, 16034235, 18693277, 18069207, 19234711, 25568631, 25619751, 32672150]
13575066	young-adult	[]
13575349	fantasy	[]
13575718	young-adult	[]
13575731	vampires	[]
13576132	young-adult	[]
13576202	young-adult	[29794514]
13576376	young-adult	[6468718]
13576489	young-adult	[]
13576494	romance	[15843218]
13577075	young-adult	[]
13577338	young-adult	[12510082, 16280929]
13577953	young-adult	[13140952, 15818155]
13578034	young-adult	[13569253, 18738787]
13578071	fantasy	[15631350]
13578987	fantasy	[12637460, 17254498, 16059492, 18670045, 18633797, 22819449, 33193822, 35384793]
13579040	young-adult	[13488893, 17268879, 18398461]
13579352	fantasy	[15798460, 15998244, 18440220]
13580067	young-adult	[13624643]
13580303	vampires	[17155901]
13580846	young-adult	[19107949, 31370419]
13580928	young-adult	[17383871, 17379327]
13580951	young-adult	[]
13581049	young-adult	[13086115]
13581370	young-adult	[]
13581420	paranormal	[13483233]
13581423	young-adult	[]
13581486	box-07	[]
13581496	zombies	[]
13581569	romance	[]
13581941	witches	[]
13582718	paranormal	[]
13583324	fantasy	[19380317]
13583463	young-adult	[17016787]
13583766	young-adult	[]
13583880	paranormal	[16177180]
13584142	young-adult	[13420495]
13584415	young-adult	[]
13584422	young-adult	[]
13584653	young-adult	[]
13584773	young-adult	[16173956, 25060480]
13585884	young-adult	[]
13585888	science-fiction	[15833669, 16009694, 13637648, 16083507, 17451911, 25608937]
13586321	young-adult	[18691312, 33298607, 32946000]
13586655	fantasy	[]
13586791	young-adult	[25787969]
13587109	lgbt	[]
13588319	young-adult	[16120892]
13589152	fantasy	[17910215, 18622306]
13589580	young-adult	[15851656]
13589848	bangla	[]
13590145	fantasy	[]
13590977	young-adult	[]
13591666	dystopian	[18686219]
13591672	young-adult	[32315370]
13591677	steampunk	[11062065]
13591678	young-adult	[]
13593563	mystery	[16054923]
13593834	paranormal	[]
13594690	sci-fi	[]
13594785	fantasy	[]
13594861	young-adult	[13485625]
13595638	mystery	[23169190]
13595639	young-adult	[23129158]
13595643	paranormal	[]
13595645	young-adult	[16309941]
13596431	young-adult	[13077542, 23484511, 13057003]
13596828	young-adult	[]
13597696	young-adult	[18296019, 19422822]
13597723	mystery	[18517840, 27823357, 18591093, 20873154, 19400102]
13597728	fantasy	[16065614, 17413179, 19346469, 21532949]
13597733	young-adult	[]
13597739	young-adult	[1970520]
13597740	steampunk	[18048961]
13597755	young-adult	[18077849, 18490835, 20872989]
13597760	young-adult	[18230674]
13597891	young-adult	[15746382, 16619759]
13597930	romance	[18597016, 13478558]
13598104	mythology	[]
13598244	romance	[]
13598683	fantasy	[13041606, 16248048, 23159778]
13598751	young-adult	[]
13598952	young-adult	[13425323, 13631961, 15820139, 15742581, 15743062, 15845588, 22443451, 18713356, 21458175, 24995028, 22492901, 18810188]
13599291	young-adult	[]
13599587	young-adult	[13512432, 20617980]
13600138	young-adult	[]
13600168	fantasy	[16179873]
13600213	dystopian	[]
13601350	fantasy	[13528340, 13600168, 16179873]
13601538	angels	[15738849]
13601655	short-stories	[22642667]
13601681	young-adult	[18635064]
13602234	fantasy	[18484162, 18483526, 33226036, 17853379, 18139931, 24732043, 26798985]
13602913	young-adult	[]
13602969	young-adult	[]
13603056	fantasy	[15848087, 16067349, 16080569, 22466620, 17244064, 17162156, 18798818, 20621490, 17930465, 26175968, 27468538, 26150650, 9460487]
13603286	vampires	[30123413, 8575295, 9007838]
13603493	young-adult	[28400357, 23715978, 32790458]
13603597	fantasy	[6926861]
13603896	romance	[]
13603989	paranormal	[23159964]
13604286	fantasy	[13612837]
13604334	must-read	[16164847, 16117888]
13604342	fantasy	[15831071]
13604456	young-adult	[]
13604480	young-adult	[]
13604849	vampires	[]
13605091	angels	[]
13605310	young-adult	[21473777, 17241734, 15717651, 17317597, 18684377, 17333239, 18392499]
13605564	young-adult	[16464943, 10329368]
13605727	young-adult	[17132284]
13606228	aliens	[]
13608070	fantasy	[]
13609248	young-adult	[]
13610179	fantasy	[15757971, 18079521]
13610402	young-adult	[15705660]
13610542	fantasy	[16091606]
13610675	young-adult	[]
13610688	paranormal	[]
13610805	fantasy	[]
13611114	paranormal	[]
13611117	fantasy	[]
13611136	fantasy	[18633466]
13612005	young-adult	[]
13612676	fantasy	[16049484, 17349733, 17193778]
13612808	fantasy	[26222810]
13612837	fantasy	[]
13612861	young-adult	[16006152, 15758139, 16156370, 13455782]
13613085	young-adult	[23703248, 24519887]
13613142	fantasy	[16279698, 17280701, 17465467]
13613374	fantasy	[16091658, 18513621, 19227173]
13613417	young-adult	[13539221, 15870737, 17286884]
13613563	young-adult	[13131693, 16074961, 17887123, 25903354]
13613975	young-adult	[8117274, 8071526, 9651457, 11293651, 162085]
13614067	young-adult	[9943228, 16066531, 17302511, 16280666]
13614123	young-adult	[]
13614147	young-adult	[17333258]
13614155	young-adult	[]
13614244	young-adult	[17164644, 19011073, 20759393]
13614332	young-adult	[16246712]
13614353	fantasy	[11736997, 11789783]
13614639	fantasy	[11761452]
13614864	m-m	[17254317]
13614942	young-adult	[]
13614990	fantasy	[]
13614994	fantasy	[12788037, 15719891, 15999171, 15989859, 17699306, 24885507, 29356073, 18104059]
13615006	young-adult	[11320138, 13627983, 15776060]
13615033	young-adult	[]
13615055	young-adult	[]
13615258	young-adult	[15743053]
13615286	young-adult	[16137007]
13615400	young-adult	[]
13615701	fantasy	[17310453, 18296552, 17910083]
13616044	supernatural	[12381271, 17839694]
13616048	young-adult	[13495069]
13616052	young-adult	[13562614, 13562963, 18626858]
13617344	young-adult	[15931642]
13617485	young-adult	[]
13618440	fantasy	[18480329, 21939269, 18001518, 18244506, 22729350, 23731820]
13618467	young-adult	[15738851]
13618622	romance	[]
13618700	young-adult	[17311294, 25341857]
13621089	young-adult	[17232242, 22249710, 22249711, 25010975]
13622204	fantasy	[13490791, 18162014]
13622704	young-adult	[]
13622741	dystopian	[15818326, 17670025]
13622863	young-adult	[16055345]
13623057	sci-fi	[]
13623150	young-adult	[13630413, 16176919]
13623817	fantasy	[11500217, 18242614, 18868398, 31279166]
13623826	young-adult	[]
13623855	horror	[]
13623885	angels	[]
13624038	fantasy	[13614990]
13624051	young-adult	[17470662]
13624316	brandon-mull	[18775250]
13624360	science-fiction	[18830404, 21268459]
13624375	young-adult	[2105403, 11861013, 13247802]
13624378	young-adult	[4639549]
13624476	young-adult	[]
13624636	young-adult	[12369175]
13624643	young-adult	[]
13625388	young-adult	[]
13625474	young-adult	[14739750]
13625926	vampires	[]
13626692	young-adult	[18053128, 17925085]
13627382	angels	[13556285, 13552803, 23252406]
13627751	mystery	[]
13627983	young-adult	[15776060]
13628178	young-adult	[]
13628184	young-adult	[17797363]
13628191	young-adult	[]
13628209	romance	[]
13628374	young-adult	[17565761]
13628605	young-adult	[20727380]
13628670	paranormal	[]
13628855	young-adult	[]
13629923	steampunk	[18051088]
13630071	fantasy	[]
13630382	fantasy	[13630071]
13630413	young-adult	[16176919]
13630788	young-adult	[]
13630955	young-adult	[16070454]
13631004	young-adult	[19477359]
13631205	fantasy	[15824173, 19187799]
13631837	young-adult	[15785178]
13631848	young-adult	[]
13631961	young-adult	[15820139, 15742581, 15743062, 15845588, 22443451, 18713356, 21458175, 24995028, 22492901, 18810188]
13632182	fantasy	[13120551, 15756799, 16033991, 13385877, 22568718, 17623976]
13632428	vampires	[]
13632601	young-adult	[19114121]
13632608	young-adult	[20694229, 10349192]
13632615	young-adult	[10453826]
13632924	zombie	[16127887, 18749236]
13633280	wattpad	[]
13633301	werewolves	[18085414]
13633610	dystopian	[22112248]
13633699	young-adult	[]
13635640	fantasy	[18775431, 18456527]
13636317	young-adult	[23248692]
13636392	romance	[16117358, 16102245, 25544435]
13636398	romance	[15814564]
13636617	young-adult	[15701001]
13636646	young-adult	[]
13637393	young-adult	[]
13637539	young-adult	[20802650]
13637574	young-adult	[]
13637578	young-adult	[17661216]
13637648	science-fiction	[16083507, 17451911, 25608937]
13638020	young-adult	[23901077, 24431666]
13638131	fantasy	[18484430]
13638268	young-adult	[]
13638570	romance	[28946461, 18914780]
13639182	young-adult	[20733000]
13639208	young-adult	[18527511, 11090324]
13639565	young-adult	[]
13639954	witches	[]
13640504	young-adult	[]
13640579	young-adult	[]
13640737	young-adult	[]
13640980	zombies	[14830670]
13641002	young-adult	[23472301]
13641732	fantasy	[]
13642041	fantasy	[]
13642043	young-adult	[13492527, 23907641]
13642169	young-adult	[]
13642246	young-adult	[]
13642384	mystery	[]
13642387	young-adult	[17262765]
13642647	young-adult	[]
13642658	time-travel	[16165058]
13642750	young-adult	[13642387, 17262765]
13643064	fantasy	[18300210, 22351171]
13643128	fantasy	[]
13643163	fantasy	[15097115]
13643353	young-adult	[17838215]
13643375	young-adult	[15894007, 18599580]
13643427	romance	[20616977]
13643567	young-adult	[12950372, 16108212, 17334499, 22393038, 26211045]
13643715	young-adult	[]
13643785	young-adult	[16299169, 13644180, 17999618, 16719727, 22052170, 23474057]
13643876	fantasy	[]
13644180	young-adult	[17999618, 16719727, 22052170, 23474057]
13644286	young-adult	[]
13644336	tenho	[]
13645069	young-adult	[17266802]
13645264	young-adult	[]
13645358	fantasy	[18051183]
13645483	young-adult	[]
13645645	young-adult	[18190807, 18052974, 22206698, 29097766]
13645844	young-adult	[11468074, 17332259]
13645848	dystopian	[20986041, 18241651, 13412377, 19182233]
13646087	young-adult	[]
13646547	horror	[]
13646855	young-adult	[17706088]
13647095	zombies	[15766961]
13647552	fantasy	[13614994, 12788037, 15719891, 15999171, 15989859, 17699306, 24885507, 29356073, 18104059]
13647624	young-adult	[]
13647847	steampunk	[]
13648347	young-adult	[]
13648368	romance	[]
13648461	young-adult	[14623488]
13649079	dystopian	[19161529]
13649335	young-adult	[]
13649741	chick-lit	[]
13650339	dystopian	[]
13650353	dystopian	[]
13650355	dystopian	[13650353]
13665016	fantasy	[17904246, 18206770, 14759651, 17343391, 17620267, 18271130, 20518884]
13665059	horror	[13646547]
13665428	fantasy	[]
13667361	young-adult	[15765688]
13695982	young-adult	[]
13699834	young-adult	[]
13700666	mystery	[]
13701720	young-adult	[]
13706932	angels-fallen-angels	[]
13721335	historical-fiction	[]
13721535	young-adult	[]
13722282	young-adult	[]
13722300	dystopian	[]
13722513	young-adult	[]
13722515	young-adult	[9774821]
13723116	fantasy	[]
13742264	fantasy	[15928293, 17558530, 17558529, 12570443]
13745675	young-adult	[]
13793395	young-adult	[20758104, 3167229]
13824794	young-adult	[30010311, 36218361]
13827428	urban-fantasy	[16133571]
13859014	young-adult	[]
13931214	dystopian	[]
13974849	young-adult	[]
14058724	horses	[18520635]
14058781	dystopian	[16104169]
14058792	teacher-student	[20454525]
14058822	dystopia	[16043894]
14059265	young-adult	[]
14059271	fantasy	[23797015]
14059393	young-adult	[]
14059969	young-adult	[13643785, 16299169, 13644180, 17999618, 16719727, 22052170, 23474057]
14060048	paranormal	[19546931]
14060081	paranormal	[]
14060868	immortal-essence	[]
14061320	young-adult	[]
14061430	romance	[13250816, 15857564, 22715134]
14061955	fantasy	[25023342, 17415685, 18460633, 16170580, 21954462, 22610732, 18525661, 23123246, 22141040]
14061957	fantasy	[19182039, 21901453, 18926673, 22535408, 19006304, 24379760, 24925552, 22718800, 21341548]
14062069	young-adult	[]
14062346	time-travel	[19033934]
14112002	young-adult	[]
14121047	young-adult	[]
14143035	young-adult	[]
14225289	m-m	[]
14287835	zombies	[20322429]
14288005	steampunk	[15858261]
14288208	fantasy	[]
14288319	new-adult	[]
14288403	wattpad	[]
14288612	fantasy	[]
14288682	young-adult	[]
14288684	dystopian	[]
14288998	dystopian	[18108571, 18052846, 18071739, 16108412, 25035979, 26254124]
14289220	science-fiction	[19181255, 17973921, 17973914]
14289261	mystery	[]
14289306	young-adult	[19336133, 23592260]
14290023	vampires	[]
14290102	young-adult	[]
14290148	classics	[15796908, 21470612]
14290364	dystopian	[17931425, 23128456, 23149561, 21413814, 24973415, 18808853]
14290449	zombies	[]
14290634	fantasy	[16146662, 7849034, 16065584, 17335524, 18046764, 22582344, 18936816]
14319461	dystopian	[11699317]
14319493	young-adult	[8811134, 13009950, 11878181, 12851322, 17552529, 20565061, 13188077]
14323516	mystery	[]
14325848	mermaids	[]
14332236	young-adult	[]
14415615	paranormal	[]
14416098	young-adult	[]
14428030	young-adult	[17788261, 23344752]
14431470	adventure	[34089410]
14448616	angels	[22033318]
14449767	vampires	[]
14498145	young-adult	[17331376]
14583422	romance	[22320091, 22557696]
14588779	zombies	[31351167]
14589221	young-adult	[15710229, 13643375, 15894007, 18599580]
14592695	young-adult	[17839881, 17453983, 18741152, 23525495, 24745488, 26804443, 9754815, 19508953, 22172497]
14598171	young-adult	[]
14623488	young-adult	[]
14623961	young-adult	[22040968, 29915951]
14624039	fantasy	[6764218, 10495926, 8248445, 7344635, 9646092, 13837]
14624335	sci-fi	[]
14624487	fantasy	[15843397]
14624543	new-adult	[17571934]
14624929	young-adult	[22062977]
14624941	young-adult	[14624929, 22062977]
14624979	fantasy	[]
14625524	mythology	[]
14680735	young-adult	[]
14686464	mermaids	[]
14699859	young-adult	[]
14739098	fantasy	[]
14739750	young-adult	[]
14739760	mafia	[]
14739789	young-adult	[30206749, 18368227]
14739821	fantasy	[]
14740078	dystopia	[]
14740456	vampires	[16851514]
14740543	zombies	[18334540]
14740639	zombies	[8540357, 9532750, 21888733, 18824548, 8183949]
14740738	dystopia	[]
14740753	young-adult	[]
14741092	romance	[22055732]
14741256	vampires	[]
14741366	angels	[]
14741535	horror	[14896617]
14741640	young-adult	[17453682, 25421308, 30239436]
14743784	young-adult	[]
14743827	young-adult	[13532321, 17665784, 16030631]
14743909	romance	[15817377, 15851652, 15803860, 16031379, 17970485, 19390926]
14743935	young-adult	[15852177, 17735111, 19081600, 22084431, 22911350]
14744448	young-adult	[16081148, 15787790, 18038759]
14744489	young-adult	[24566624]
14745338	fantasy	[34231727]
14748094	young-adult	[16065712, 17608289, 26063651, 18769970, 24853856, 30386987, 20644764]
14759013	fantasy	[18336973]
14759166	young-adult	[19219392]
14759294	young-adult	[13423229]
14759307	young-adult	[]
14759330	young-adult	[15793926]
14759331	dystopian	[]
14759334	fantasy	[16414497, 17831260]
14759416	young-adult	[17803084]
14759651	fantasy	[17343391, 17620267, 18271130, 20518884]
14759955	fantasy	[]
14760143	young-adult	[15797745]
14760450	young-adult	[16180066, 18274105, 18400659]
14760527	young-adult	[]
14760780	young-adult	[12777228]
14762166	young-adult	[]
14762213	young-adult	[7292468]
14779549	young-adult	[16048583]
14780701	james-patterson	[17660459, 18867675]
14781235	zombies	[16047533, 17347758]
14799281	vampires	[16172256, 19164626]
14802306	young-adult	[]
14802438	young-adult	[]
14805480	mystery	[]
14806563	young-adult	[]
14811468	young-adult	[15819289]
14811943	dystopian	[]
14812133	young-adult	[]
14812991	vampires	[]
14813667	pretty-little-liars	[]
14815112	dystopian	[]
14820247	romance	[]
14828459	romance	[14583422, 22320091, 22557696]
14830670	zombies	[]
14836136	young-adult	[12396699]
14854809	young-adult	[36381037, 18086403, 33249079, 13722513]
14860083	young-adult	[13547135, 16181513, 17676197]
14870418	young-adult	[8008609, 8845893, 7953186, 11420684, 12368167, 15789722, 17280346, 17382168]
14879491	young-adult	[13526144, 16173176]
14892034	young-adult	[10859323, 23721140]
14896617	horror	[]
14896927	young-adult	[13545494, 13613563, 13131693, 16074961, 17887123, 25903354]
14896945	romance	[15852515, 17907453, 15851734]
14897141	young-adult	[34178614]
14899481	young-adult	[19031494]
14910461	young-adult	[13584422]
14930256	young-adult	[17834296, 17286888]
14955004	fantasy	[]
14999965	young-adult	[]
15005725	young-adult	[]
15058392	young-adult	[7826162]
15058657	young-adult	[21412526, 6479286]
15067833	zombies	[]
15068719	romance	[16109369]
15096773	young-adult	[]
15096775	young-adult	[15096773]
15097115	fantasy	[]
15115644	young-adult	[]
15153659	young-adult	[]
15230312	young-adult	[17831275, 22372184]
15266211	teenlit	[]
15283043	young-adult	[]
15286633	fantasy	[13598683, 13041606, 16248048, 23159778]
15305194	vampires	[]
15326588	young-adult	[10194514, 18052596, 13560086, 16145531, 17796899, 20604155, 19213071]
15362992	dystopian	[15795031]
15446388	angels	[]
15463396	young-adult	[]
15465639	fantasy	[]
15475180	young-adult	[13565822, 16036519, 21797165, 33838479]
15489047	dystopian	[]
15513156	young-adult	[18525706, 26798597]
15519474	dystopian	[]
15520672	vampires	[18001652]
15562682	netgalley	[23485160]
15612711	young-adult	[19378243]
15631350	fantasy	[]
15677818	young-adult	[13117292, 13265138, 16051967, 22311017, 18684870]
15697915	young-adult	[19302585, 20654888]
15697999	young-adult	[16050829]
15698191	horror	[]
15698462	young-adult	[]
15698746	romance	[16076322]
15699491	romance	[]
15700312	fantasy	[]
15700407	vampires	[13549677]
15700479	fantasy	[]
15700481	young-adult	[]
15701001	young-adult	[]
15701845	young-adult	[]
15701850	wattpad	[]
15701976	dystopian	[]
15701998	fantasy	[]
15702412	young-adult	[]
15702526	fantasy	[]
15703297	young-adult	[20768111, 18912102]
15703332	fantasy	[]
15703770	fantasy	[17454892, 22374406]
15704232	young-adult	[18335896, 20665621]
15704615	young-adult	[12997765, 16127955, 9779094]
15705217	young-adult	[18719566]
15705660	young-adult	[]
15706274	young-adult	[]
15706512	young-adult	[]
15707192	fantasy	[]
15707278	young-adult	[15761715]
15708991	young-adult	[13487029, 14759330, 15793926]
15709129	young-adult	[8452340, 13574702, 16112103, 16085467]
15709133	fantasy	[15793032]
15709312	paranormal	[]
15709481	fantasy	[13378361]
15709736	new-adult	[17232542]
15709802	young-adult	[15735710, 18172372]
15710229	young-adult	[13643375, 15894007, 18599580]
15710557	young-adult	[]
15711161	young-adult	[]
15711420	young-adult	[23263757]
15712003	young-adult	[15712903]
15712186	vampires	[]
15712195	vampires	[]
15712199	vampires	[]
15712205	vampires	[]
15712224	vampires	[]
15712225	vampires	[]
15712670	young-adult	[]
15712678	young-adult	[]
15712903	young-adult	[]
15713147	fantasy	[17232090, 17661625, 17290244]
15713698	young-adult	[26116466, 562762, 7671305, 13279074]
15713847	paranormal	[]
15713862	young-adult	[]
15713880	young-adult	[13519398, 7896527, 13574861, 16080337, 17312836, 16034235, 18693277, 18069207, 19234711, 25568631, 25619751, 32672150]
15713907	fantasy	[16885388, 17614871, 29078595]
15714133	mythology	[18080983, 18750326]
15714476	fantasy	[]
15714588	dystopian	[]
15714677	young-adult	[17613026]
15714721	young-adult	[]
15714722	time-travel	[18248364, 22582361]
15715106	fantasy	[17190658]
15715110	ebooks	[19047401]
15715280	young-adult	[5355769, 7663202]
15715492	fantasy	[14624487, 15843397]
15715778	contemporary	[]
15715877	fantasy	[]
15715923	young-adult	[]
15716154	young-adult	[]
15716157	young-adult	[]
15716180	young-adult	[13533644]
15716680	fantasy	[]
15717112	young-adult	[10778187]
15717280	romance	[]
15717301	time-travel	[]
15717651	young-adult	[17317597, 18684377, 17333239, 18392499]
15717765	young-adult	[]
15717791	young-adult	[9156663, 13319603, 7285601, 10857048, 12187803, 12885649, 13616052, 13562614, 13562963, 18626858]
15717943	romance	[17334411, 17977068, 18721038, 18779059, 22443964, 23010889, 24316923]
15717947	young-adult	[13408579, 13578034, 13569253, 18738787]
15718272	fantasy	[]
15718367	dystopian	[]
15718459	young-adult	[]
15718777	romance	[16130889, 18040398, 17299817, 18489081, 23264900, 22358760]
15719891	fantasy	[15999171, 15989859, 17699306, 24885507, 29356073, 18104059]
15719896	fantasy	[15746527, 17665849, 15801173, 17245747, 17670710, 18274270, 18335634, 18456483, 17949499, 18777374, 18661775, 18300072, 25662401, 18486478, 21972742, 24201318, 24885506, 31946400]
15719929	fantasy	[15722810, 15846037, 17613449, 17449657, 18333029, 18775848, 22063856, 24885521, 21061789]
15719983	young-adult	[]
15720247	vampires	[]
15720403	young-adult	[18090000, 25320996]
15720411	young-adult	[12893600]
15720687	angels	[]
15721303	netgalley	[]
15721629	young-adult	[17304840, 17623990]
15721638	young-adult	[12937427, 17455804, 17624010]
15721679	young-adult	[]
15721733	fantasy	[]
15722012	young-adult	[]
15722179	mystery	[17234770, 18361447]
15722490	young-adult	[15734070]
15722739	fantasy	[8267056, 18463652, 7852774, 19616454, 22096570]
15722810	fantasy	[15846037, 17613449, 17449657, 18333029, 18775848, 22063856, 24885521, 21061789]
15723152	young-adult	[18295830, 18917374]
15723286	steampunk	[23289273, 20439048]
15723550	fantasy	[24957551]
15723559	fantasy	[25104766]
15723988	fantasy	[13603056, 15848087, 16067349, 16080569, 22466620, 17244064, 17162156, 18798818, 20621490, 17930465, 26175968, 27468538, 26150650, 9460487]
15724014	fantasy	[17926935]
15724122	young-adult	[]
15724396	fantasy	[24172101, 25090719, 24476994, 27841669, 31423372, 24621110]
15724676	young-adult	[13038356]
15724701	young-adult	[6603785, 8619829]
15724908	mythology	[]
15724960	fantasy	[13444688, 12388756]
15725160	young-adult	[18754127]
15725304	young-adult	[]
15725579	young-adult	[]
15725700	angels	[]
15725708	young-adult	[]
15725794	young-adult	[]
15725907	the-secret-circle	[17447473, 15819414]
15726305	young-adult	[]
15726521	young-adult	[15707278, 15761715]
15726670	aaron-patterson	[]
15726727	fantasy	[16059484, 25031269]
15726915	young-adult	[18114909, 18052997]
15726997	young-adult	[18051181, 18051185]
15727440	sci-fi	[]
15728198	paranormal	[]
15728577	young-adult	[]
15728700	zombies	[25504661]
15728835	fantasy	[15869083]
15728900	fantasy	[]
15729137	fantasy	[15719929, 15722810, 15846037, 17613449, 17449657, 18333029, 18775848, 22063856, 24885521, 21061789]
15729395	fantasy	[]
15729616	dystopian	[15820119]
15729751	young-adult	[]
15730577	dystopian	[18478512]
15730675	young-adult	[]
15731656	fantasy	[]
15731732	young-adult	[]
15731796	paranormal	[]
15731882	mermaids	[]
15731951	paranormal	[15731796]
15732569	romance	[19290947, 10126734]
15732938	young-adult	[18584057, 17465475]
15733100	fantasy	[17132896]
15733144	mythology	[25729652]
15733467	romance	[16109372]
15734070	young-adult	[]
15734129	fantasy	[]
15734349	romance	[20661244]
15734360	young-adult	[20417986]
15734570	young-adult	[]
15734731	paranormal	[]
15734953	young-adult	[15745329, 24823825, 25162834]
15735085	fantasy	[18921418]
15735710	young-adult	[18172372]
15736197	contemporary	[]
15736314	romance	[]
15736998	fantasy	[12394100, 13069113, 12440508, 16130799, 13160619, 15864946, 16074352, 17927861, 19549841, 16054806, 23832047, 19579777]
15737636	dystopia	[]
15737640	werewolves	[16083964]
15737959	fantasy	[17345763, 10034291]
15738849	angels	[]
15738851	young-adult	[]
15739019	young-adult	[12476341, 13551833]
15739726	zombies	[]
15739807	fantasy	[25208834]
15739817	vampires	[16043737]
15740431	romance	[]
15740572	paranormal	[]
15740790	angels	[]
15741255	young-adult	[6598207]
15741256	young-adult	[]
15741928	young-adult	[]
15742302	young-adult	[]
15742355	young-adult	[17884937, 23569076]
15742484	young-adult	[17166033, 20256699]
15742581	young-adult	[15743062, 15845588, 22443451, 18713356, 21458175, 24995028, 22492901, 18810188]
15742858	young-adult	[17997039]
15742925	fantasy	[]
15743053	young-adult	[]
15743062	young-adult	[15845588, 22443451, 18713356, 21458175, 24995028, 22492901, 18810188]
15743078	young-adult	[15854620, 17731031]
15743650	fantasy	[16154641, 20524851, 13449693, 18376563]
15744840	young-adult	[17225592, 17348327, 18588085, 23378466, 18817772, 19220248]
15744865	mythology	[]
15745329	young-adult	[24823825, 25162834]
15745371	paranormal	[19017108]
15745630	young-adult	[13118952, 13063098]
15745753	young-adult	[]
15745886	fantasy	[13602234, 18484162, 18483526, 33226036, 17853379, 18139931, 24732043, 26798985]
15746031	young-adult	[]
15746115	new-adult	[22928829]
15746322	young-adult	[]
15746382	young-adult	[16619759]
15746426	young-adult	[17878533]
15746527	fantasy	[17665849, 15801173, 17245747, 17670710, 18274270, 18335634, 18456483, 17949499, 18777374, 18661775, 18300072, 25662401, 18486478, 21972742, 24201318, 24885506, 31946400]
15746843	young-adult	[]
15746882	vampires	[16115626, 18847732]
15747074	vampires	[]
15747353	young-adult	[15833128, 17454136]
15747359	mafia	[20350983]
15747459	young-adult	[]
15747708	dystopian	[19055320]
15748960	vampires	[]
15749186	realistic-fiction	[25131427, 21887396, 29542555, 31823927, 32945382]
15749326	mythology	[15826474, 27348722, 27349069]
15750137	young-adult	[]
15750279	young-adult	[12578294, 17803081]
15750384	young-adult	[]
15750785	young-adult	[25672272]
15750787	new-adult	[]
15750874	young-adult	[]
15751027	young-adult	[16048848]
15751616	young-adult	[27064282]
15752244	mythology	[]
15752308	science-fiction	[15813550]
15752340	young-adult	[16280084, 17456811, 18814153, 22465352]
15753771	young-adult	[10429045, 11472297, 17858051, 11510910, 13612861, 16006152, 15758139, 16156370, 13455782]
15754052	young-adult	[15992557]
15754469	romance	[15757434, 15864129, 16096545]
15754477	young-adult	[]
15754483	fantasy	[18404416]
15754484	young-adult	[]
15754577	romance	[]
15755025	fantasy	[34851964, 15743650, 16154641, 20524851, 13449693, 18376563]
15755296	young-adult	[18215998, 18744678, 20982535, 18812511, 22029728]
15755441	new-adult	[17250935]
15755965	young-adult	[]
15756407	fantasy	[]
15756622	young-adult	[]
15756767	young-adult	[18482836]
15756799	fantasy	[16033991, 13385877, 22568718, 17623976]
15756968	fantasy	[18921929]
15757224	sci-fi	[16201636]
15757366	young-adult	[16222282, 17700416, 18878278, 22292788]
15757434	romance	[15864129, 16096545]
15757508	fantasy	[16886962, 18159995, 23251878]
15757971	fantasy	[18079521]
15758139	young-adult	[16156370, 13455782]
15759350	romance	[17825938, 16111877]
15759858	young-adult	[]
15760355	young-adult	[]
15761451	fantasy	[17688068]
15761642	fantasy	[13622204, 13490791, 18162014]
15761715	young-adult	[]
15762770	young-adult	[]
15763236	young-adult	[18079784]
15763668	dystopian	[]
15763985	young-adult	[]
15764908	fantasy	[]
15765505	demons	[]
15765559	short-stories	[]
15765688	young-adult	[]
15765699	angels	[20300221]
15766187	fantasy	[17736277]
15766817	young-adult	[20694358]
15766944	netgalley	[16004580]
15766961	zombies	[]
15767101	dystopian	[13519457, 18138213, 17286883]
15767353	dystopian	[16003119, 17235096, 17263522, 18240475, 17932692, 18621570, 18682064, 18492470, 23461868]
15767909	mythology	[]
15768409	young-adult	[29484298, 21186045]
15768498	netgalley	[]
15768919	m-m	[]
15769221	young-adult	[16162759, 15801288]
15769608	dystopian	[]
15769788	dystopian	[18667026, 18847703, 23019265, 30096722]
15769793	science-fiction	[19449208]
15770821	young-adult	[]
15771468	young-adult	[15771473, 16077173, 17451795, 15926760, 22310743, 21928848, 24682771, 25818363, 19053172]
15771473	young-adult	[16077173, 17451795, 15926760, 22310743, 21928848, 24682771, 25818363, 19053172]
15772632	fantasy	[]
15772644	young-adult	[22054102]
15772673	zombies	[]
15772712	young-adult	[13565499, 15772644, 22054102]
15772730	young-adult	[]
15773126	fantasy	[]
15773251	young-adult	[]
15774298	fantasy	[20694805]
15774299	fantasy	[]
15774969	young-adult	[]
15775101	young-adult	[16064985]
15775532	young-adult	[]
15776060	young-adult	[]
15776358	vampires	[21795961]
15777576	young-adult	[18812104]
15777586	young-adult	[23435737]
15777621	young-adult	[]
15777797	young-adult	[]
15778249	netgalley	[16177751]
15778434	fantasy	[]
15778445	fantasy	[15778434]
15778598	dystopian	[18146250]
15778611	mermaids	[13495244]
15779157	estanteria	[18073816]
15779333	romance	[16109373]
15779361	julie-garwood	[]
15779886	dystopian	[15779893, 33107825]
15779893	dystopian	[33107825]
15780006	romance	[]
15780556	post-apocalyptic	[18897882]
15780576	young-adult	[17885247, 23564763, 22820998]
15780926	young-adult	[]
15780961	fantasy	[16073606]
15780972	zombies	[18882948]
15781428	fantasy	[17207178]
15781865	m-m	[16096806]
15781952	dystopian	[]
15782061	young-adult	[8069602]
15782640	dystopian	[17285948, 16136132, 17187055, 17704154, 17848162, 18089977, 22713044]
15782966	realistic-fiction	[18802143, 12225252, 18887715]
15783450	romance	[]
15783553	mythology	[]
15784067	young-adult	[]
15784168	young-adult	[8574414, 17233160, 7776692, 8423493, 9312497, 13577338, 12510082, 16280929]
15784722	dystopian	[18248345, 18198991, 18775523]
15784909	romance	[17558077, 17935740, 17697452, 18799238, 23581139]
15785178	young-adult	[]
15785253	fantasy	[]
15787077	young-adult	[16186637]
15787790	young-adult	[18038759]
15787917	dystopian	[24531398, 18089966]
15788114	vampires	[]
15788401	young-adult	[16268999]
15788611	dystopian	[9752754, 17282604, 17794830, 16702662, 25692844]
15788618	dystopian	[15788611, 9752754, 17282604, 17794830, 16702662, 25692844]
15789038	young-adult	[9045524]
15789443	young-adult	[18005274]
15789722	young-adult	[17280346, 17382168]
15790809	dystopia	[18626833]
15790820	young-adult	[17780218]
15790832	young-adult	[23167465]
15790833	young-adult	[15791383, 17406518, 15791476]
15790873	young-adult	[18142657, 18142750]
15791383	young-adult	[17406518, 15791476]
15791476	young-adult	[]
15791488	dystopian	[18867561, 34453378]
15792303	paranormal	[]
15792316	young-adult	[18052875]
15792357	time-travel	[17883410]
15792365	time-travel	[34661066]
15793032	fantasy	[]
15793096	dystopian	[]
15793105	young-adult	[15794971]
15793231	young-adult	[]
15793624	young-adult	[21466354, 26205510]
15793632	young-adult	[]
15793926	young-adult	[]
15794103	arc	[20049500]
15794104	fantasy	[14288208]
15794592	young-adult	[]
15794971	young-adult	[]
15795031	dystopian	[]
15795357	young-adult	[]
15795797	young-adult	[]
15796908	classics	[21470612]
15797050	fantasy	[16479537, 15823337, 17155947, 29502206, 27268987]
15797076	dystopian	[]
15797097	young-adult	[]
15797101	young-adult	[15797097]
15797745	young-adult	[]
15797800	mystery	[13642384]
15797848	young-adult	[]
15798460	fantasy	[15998244, 18440220]
15798514	young-adult	[16049816]
15798696	young-adult	[]
15798971	young-adult	[]
15799058	young-adult	[]
15799424	fantasy	[13665428]
15800128	young-adult	[16074976]
15800934	young-adult	[]
15801169	young-adult	[17406293]
15801173	fantasy	[17245747, 17670710, 18274270, 18335634, 18456483, 17949499, 18777374, 18661775, 18300072, 25662401, 18486478, 21972742, 24201318, 24885506, 31946400]
15801198	fantasy	[15801396]
15801288	young-adult	[]
15801339	young-adult	[270730]
15801340	young-adult	[]
15801353	realistic-fiction	[22596018, 30304769, 35126335, 19924185]
15801395	young-adult	[20655593, 27473676]
15801396	fantasy	[]
15801684	v-c-andrews	[]
15801762	zombies	[16135155]
15801763	young-adult	[18710297, 17061495, 19322229, 17061490]
15801764	horror	[15851603, 16131076]
15801791	fantasy	[]
15801997	dystopian	[11341277, 12823217]
15802279	ghostgirl	[]
15803173	young-adult	[]
15803278	vampires	[16283360, 21138170]
15803693	young-adult	[15803724, 18814346]
15803724	young-adult	[18814346]
15803761	vampires	[17397374, 18688421, 33401863]
15803860	romance	[16031379, 17970485, 19390926]
15805597	young-adult	[]
15806868	fantasy	[]
15808695	menage	[18244846]
15809611	dystopian	[]
15810256	young-adult	[13405472, 13411799]
15810298	young-adult	[]
15810336	young-adult	[17670892]
15810406	young-adult	[]
15810499	m-m	[]
15810691	young-adult	[12182839, 6990472, 6740549, 6740548, 10924852, 8602079, 10438778, 13405246, 15992908, 20493695, 21911416, 22738932, 4374400]
15811134	paranormal	[]
15811135	dystopian	[]
15811405	the-iron-fey	[17679544, 18510457, 18334684, 23216572]
15811516	fantasy	[17681643]
15811574	young-adult	[]
15811632	mystery	[]
15811653	young-adult	[]
15811655	paranormal	[]
15812184	young-adult	[17608032, 17661744, 17623998]
15812753	fantasy	[11387458]
15812757	young-adult	[]
15812814	young-adult	[]
15812817	young-adult	[]
15812886	young-adult	[16002662]
15813469	paranormal	[15980406, 18666052]
15813550	science-fiction	[]
15814202	young-adult	[]
15814406	mermaids	[12450811]
15814431	young-adult	[19008970]
15814441	fantasy	[]
15814474	young-adult	[]
15814556	young-adult	[18611955]
15814564	romance	[]
15814919	fantasy	[12726078]
15815030	arc	[]
15815401	fantasy	[]
15815945	young-adult	[23302416, 17210363, 17382805, 17119852, 25298678, 27790915]
15816028	young-adult	[]
15817008	young-adult	[17453163]
15817377	romance	[15851652, 15803860, 16031379, 17970485, 19390926]
15817952	young-adult	[18670156, 24483807, 25225835]
15817997	dystopian	[]
15818122	young-adult	[]
15818155	young-adult	[]
15818219	young-adult	[]
15818224	young-adult	[]
15818250	young-adult	[]
15818270	young-adult	[]
15818308	young-adult	[17451210]
15818326	dystopian	[17670025]
15818593	vampires	[17126291, 17347049]
15818618	angels	[]
15818846	young-adult	[544892]
15818969	young-adult	[]
15819003	young-adult	[]
15819010	young-adult	[28781531]
15819259	young-adult	[]
15819289	young-adult	[]
15819414	the-secret-circle	[]
15819506	fantasy	[17566724, 17730519]
15819509	young-adult	[]
15819620	angels	[]
15820119	dystopian	[]
15820137	young-adult	[17568276]
15820139	young-adult	[15742581, 15743062, 15845588, 22443451, 18713356, 21458175, 24995028, 22492901, 18810188]
15820492	young-adult	[17182619]
15820599	young-adult	[]
15820748	young-adult	[17235240, 17839187]
15820836	angels	[19184258]
15820846	fantasy	[12236872, 18457332]
15821658	romance	[18693520]
15821772	vampires	[13414055, 13515128]
15821972	vampires	[18074753]
15822035	young-adult	[]
15822336	steampunk	[18246254, 20700286]
15823337	fantasy	[17155947, 29502206, 27268987]
15823414	young-adult	[1943810, 17162, 415001]
15824173	fantasy	[19187799]
15824526	fantasy	[]
15825380	fantasy	[]
15826107	must-read	[13604334, 16164847, 16117888]
15826474	mythology	[27348722, 27349069]
15826648	young-adult	[]
15826663	young-adult	[18295825]
15826817	young-adult	[]
15826934	young-adult	[]
15826999	young-adult	[15750279, 12578294, 17803081]
15827680	young-adult	[]
15828780	zombies	[]
15829686	young-adult	[]
15829827	angels	[9747943]
15829843	young-adult	[18600716]
15830181	young-adult	[]
15830512	fantasy	[]
15830647	short-stories	[]
15830787	young-adult	[12971616, 13519469, 17858948, 16248025, 18400482]
15830927	young-adult	[]
15831071	fantasy	[]
15831243	young-adult	[6953394, 9305616, 11358000, 11952316, 10088446]
15831267	young-adult	[17449652, 17725846]
15831755	dystopian	[]
15831760	fantasy	[]
15832752	paranormal	[]
15832932	young-adult	[]
15833128	young-adult	[17454136]
15833132	fantasy	[]
15833278	young-adult	[15780576, 17885247, 23564763, 22820998]
15833669	science-fiction	[16009694, 13637648, 16083507, 17451911, 25608937]
15834255	fantasy	[]
15834810	young-adult	[]
15835021	angels	[17559479, 18967800]
15835075	romance	[16155264]
15835201	young-adult	[13149420]
15835685	young-adult	[16096541, 16096538, 17700448, 19381122]
15835877	young-adult	[23309707]
15836743	romance	[]
15837396	young-adult	[]
15837671	young-adult	[]
15837920	fantasy	[13402447]
15838434	young-adult	[]
15838964	maybe	[]
15839061	vampires	[]
15839526	post-apocalyptic	[18921162]
15839932	young-adult	[18772590]
15839984	fantasy	[18106318, 22693181]
15840340	young-adult	[26125140, 26253511]
15840611	young-adult	[15843721]
15840891	young-adult	[]
15841110	fantasy	[19270472]
15841140	fantasy	[]
15841684	young-adult	[20836409]
15841818	young-adult	[]
15841900	science-fiction	[]
15841929	fantasy	[13642041]
15842188	young-adult	[]
15842239	young-adult	[16068443]
15842470	paranormal	[13483201]
15842524	no-just-no	[]
15843071	young-adult	[]
15843218	romance	[]
15843377	young-adult	[]
15843397	fantasy	[]
15843604	paranormal	[]
15843721	young-adult	[]
15843845	young-adult	[]
15843976	short-stories	[]
15844362	young-adult	[18635142, 20744564, 18589115, 20927211, 22381495, 20572939, 23356086, 22934411, 26831401, 18917179, 21895889]
15844644	young-adult	[17229893, 17074229, 17874267, 17428644, 19083030, 23269790, 23731166]
15845513	fantasy	[]
15845580	young-adult	[]
15845588	young-adult	[22443451, 18713356, 21458175, 24995028, 22492901, 18810188]
15845605	fantasy	[18192953]
15845821	young-adult	[]
15846037	fantasy	[17613449, 17449657, 18333029, 18775848, 22063856, 24885521, 21061789]
15847229	fantasy	[]
15847262	young-adult	[]
15847736	m-m	[]
15847822	wish-a-good-publishing-house-finds	[]
15848087	fantasy	[16067349, 16080569, 22466620, 17244064, 17162156, 18798818, 20621490, 17930465, 26175968, 27468538, 26150650, 9460487]
15848288	sci-fi	[29773909]
15848509	fantasy	[]
15848518	paranormal	[18598025]
15850937	fantasy	[]
15851437	mermaids	[]
15851511	angels	[17162437, 18270846, 20300224, 24469267]
15851603	horror	[16131076]
15851619	dystopia	[20626277, 23288472]
15851652	romance	[15803860, 16031379, 17970485, 19390926]
15851656	young-adult	[]
15851732	romance	[]
15851734	romance	[]
15851928	pretty-little-liars	[16217670]
15851966	young-adult	[16109647]
15852027	blue-jeans	[]
15852093	zombies	[]
15852177	young-adult	[17735111, 19081600, 22084431, 22911350]
15852302	young-adult	[13505141]
15852490	romance	[16172220, 18276400, 15851732]
15852498	m-m	[]
15852515	romance	[17907453, 15851734]
15852521	romance	[13369678, 14896945, 15852515, 17907453, 15851734]
15854162	young-adult	[]
15854206	fantasy	[17347530]
15854620	young-adult	[17731031]
15857227	dystopian	[17259468, 17336640, 15787917, 24531398, 18089966]
15857564	romance	[22715134]
15858261	steampunk	[]
15859544	zombies	[]
15861491	young-adult	[18274725, 18769639, 22029714]
15863517	christian	[]
15863832	fantasy	[13623817, 11500217, 18242614, 18868398, 31279166]
15864129	romance	[16096545]
15864513	young-adult	[]
15864946	fantasy	[16074352, 17927861, 19549841, 16054806, 23832047, 19579777]
15866134	science-fiction	[]
15869083	fantasy	[]
15869701	young-adult	[]
15870094	young-adult	[19360303]
15870690	young-adult	[20576895, 6738968]
15870737	young-adult	[17286884]
15874689	young-adult	[]
15874882	young-adult	[22340261]
15891600	angels	[13605091]
15894007	young-adult	[18599580]
15894014	sci-fi	[19473601]
15897049	young-adult	[]
15897244	time-travel	[]
15900897	angels	[15942622, 18967763]
15919583	young-adult	[26072983]
15923170	angels	[19546915]
15925004	young-adult	[16066536]
15926760	young-adult	[22310743, 21928848, 24682771, 25818363, 19053172]
15927599	young-adult	[]
15928293	fantasy	[17558530, 17558529, 12570443]
15928642	young-adult	[]
15931642	young-adult	[]
15936637	young-adult	[]
15937108	young-adult	[]
15942622	angels	[18967763]
15942682	young-adult	[]
15942745	young-adult	[16054462, 13642246]
15943372	young-adult	[]
15945897	young-adult	[13140790, 18668478]
15947577	young-adult	[10586317]
15947841	young-adult	[17162435, 18530620, 18421752]
15957125	young-adult	[13623826]
15979925	demons	[]
15980368	fantasy	[]
15980406	paranormal	[18666052]
15980696	fantasy	[]
15983622	young-adult	[]
15984147	dystopian	[17222419, 18692306]
15984268	young-adult	[]
15985355	young-adult	[17999391]
15985638	young-adult	[16159765, 16853922, 18244205, 18635144, 18089940, 24235271]
15985643	fantasy	[17349063]
15985870	dystopian	[15797076]
15986049	young-adult	[]
15986068	fantasy	[23587893]
15986091	young-adult	[]
15986094	young-adult	[15986091]
15986284	romance	[17567504]
15986727	paranormal	[]
15988913	paranormal	[]
15988916	paranormal	[15988913]
15989011	romance	[]
15989191	young-adult	[]
15989859	fantasy	[17699306, 24885507, 29356073, 18104059]
15990074	young-adult	[]
15990216	angels	[]
15990311	young-adult	[]
15990688	young-adult	[18183136, 20636715, 9841693]
15992037	to-read-secondary	[]
15992136	fantasy	[]
15992339	young-adult	[]
15992465	young-adult	[16266311, 27964196, 18583885]
15992557	young-adult	[]
15992908	young-adult	[20493695, 21911416, 22738932, 4374400]
15992971	dystopian	[19540832]
15993686	young-adult	[]
15994223	pretty-little-liars	[1537534]
15994396	young-adult	[16008883, 13493463, 13613417, 13539221, 15870737, 17286884]
15994590	romance	[23354342]
15995136	young-adult	[15815945, 23302416, 17210363, 17382805, 17119852, 25298678, 27790915]
15995188	fantasy	[22449288]
15995458	paranormal	[]
15995501	graphic-novels	[]
15995747	fantasy	[13435619, 15755025, 34851964, 15743650, 16154641, 20524851, 13449693, 18376563]
15996019	new-adult	[16148583]
15997095	young-adult	[18164241, 17182132, 17901509]
15997898	fantasy	[13568903]
15998244	fantasy	[18440220]
15999128	young-adult	[15756767, 18482836]
15999171	fantasy	[15989859, 17699306, 24885507, 29356073, 18104059]
15999446	young-adult	[]
16000044	fantasy	[17239882, 20782805, 21841598, 18668021]
16000235	paranormal	[]
16000240	erotica	[6601254]
16000436	young-adult	[17343434]
16002395	steampunk	[17265273, 24262190]
16002428	young-adult	[16165041, 18051342, 25464140]
16002662	young-adult	[]
16002855	young-adult	[]
16003119	dystopian	[17235096, 17263522, 18240475, 17932692, 18621570, 18682064, 18492470, 23461868]
16003509	young-adult	[]
16003660	young-adult	[]
16004412	young-adult	[17208545]
16004421	young-adult	[17208557]
16004580	netgalley	[]
16004928	romance	[21408319]
16005072	young-adult	[16170887]
16005219	young-adult	[20483075]
16005224	mystery	[23287145]
16005272	young-adult	[]
16005312	vampires	[]
16006152	young-adult	[15758139, 16156370, 13455782]
16006284	young-adult	[]
16006945	fantasy	[18340201, 20384786]
16006998	sci-fi	[23163305, 23986225]
16007057	young-adult	[]
16007175	young-adult	[19314566]
16007786	werewolves	[]
16007911	dystopian	[]
16008688	young-adult	[20770646]
16008883	young-adult	[13493463, 13613417, 13539221, 15870737, 17286884]
16009528	young-adult	[17080926, 17571446]
16009694	science-fiction	[13637648, 16083507, 17451911, 25608937]
16009873	young-adult	[]
16027323	young-adult	[]
16028038	young-adult	[25672332]
16028116	young-adult	[15744840, 17225592, 17348327, 18588085, 23378466, 18817772, 19220248]
16029063	childhood	[1321045]
16029083	childhood	[1321013, 2010353]
16029234	young-adult	[13542868]
16029252	young-adult	[]
16029639	young-adult	[18890589]
16030631	young-adult	[]
16030663	fantasy	[]
16030817	angels	[18478369, 20361772, 21358368]
16031379	romance	[17970485, 19390926]
16031845	paranormal	[16077558]
16032010	fantasy	[8129970, 9518237]
16032159	young-adult	[]
16032211	paranormal	[12993500]
16032236	young-adult	[]
16032322	young-adult	[17910035]
16032324	young-adult	[]
16032329	young-adult	[]
16033018	young-adult	[]
16033991	fantasy	[13385877, 22568718, 17623976]
16034223	romance	[]
16034235	young-adult	[18693277, 18069207, 19234711, 25568631, 25619751, 32672150]
16034254	young-adult	[21532100, 16034313]
16034313	young-adult	[]
16034400	fantasy	[]
16034526	young-adult	[19347972]
16035274	young-adult	[17911033]
16035282	dystopian	[17397934]
16035343	polish	[]
16036514	young-adult	[15475180, 13565822, 16036519, 21797165, 33838479]
16036519	young-adult	[21797165, 33838479]
16036699	young-adult	[28220759, 29772846]
16036763	young-adult	[16217647]
16037000	young-adult	[18903479]
16037018	m-m	[]
16037286	young-adult	[]
16037338	young-adult	[16045240]
16037505	young-adult	[]
16037789	young-adult	[]
16038238	young-adult	[17184540, 12614754]
16038241	young-adult	[13518112, 18074647]
16038532	young-adult	[13557124, 15841684, 20836409]
16039037	young-adult	[13454639, 21890759]
16039122	fantasy	[23632639]
16039390	young-adult	[]
16039693	horror	[5897886, 234942, 31228943]
16039703	contemporary	[18719568]
16039711	young-adult	[18719570, 18685653]
16039713	romance	[22314942]
16040191	young-adult	[13586321, 18691312, 33298607, 32946000]
16042093	dystopian	[17312777, 22239157]
16043737	vampires	[]
16043857	fantasy	[22028207, 20256556, 24602133]
16043894	dystopia	[]
16044912	romance	[]
16044945	vampires	[11368694]
16044980	fantasy	[17877238, 18651928]
16044987	young-adult	[]
16044997	dystopian	[]
16045008	dystopian	[]
16045028	to-buy	[]
16045037	fantasy	[16066827, 17932393, 17934403]
16045074	fantasy	[]
16045088	young-adult	[]
16045120	young-adult	[17167090, 18231847]
16045121	young-adult	[]
16045240	young-adult	[]
16045296	young-adult	[18517919, 25493644]
16045306	young-adult	[23750981]
16045315	young-adult	[23524966]
16045855	romance	[]
16045902	fantasy	[24093]
16047533	zombies	[17347758]
16047619	dystopia	[19054213]
16047633	dystopian	[]
16048198	vampires	[15839061]
16048583	young-adult	[]
16048848	young-adult	[]
16049156	young-adult	[15730675]
16049332	dystopian	[]
16049452	young-adult	[]
16049484	fantasy	[17349733, 17193778]
16049816	young-adult	[]
16050312	young-adult	[]
16050829	young-adult	[]
16051601	young-adult	[22590773, 28214003]
16051689	fantasy	[21690283]
16051967	young-adult	[22311017, 18684870]
16053042	young-adult	[]
16053765	young-adult	[18485333, 19193276]
16053929	house-of-night	[17621273]
16054462	young-adult	[13642246]
16054806	fantasy	[23832047, 19579777]
16054923	mystery	[]
16055345	young-adult	[]
16055774	terry-spear	[]
16055894	new-adult	[17261349]
16056005	m-m	[]
16056655	zombies	[]
16057864	paranormal	[]
16058238	zombies	[]
16058362	young-adult	[13125636, 8933193]
16058646	fantasy	[]
16058854	young-adult	[17334509, 18216287, 18525248, 33226020]
16059149	young-adult	[18801695, 18689829, 18870471]
16059346	fantasy	[]
16059379	young-adult	[12389614, 20321742]
16059426	young-adult	[18525670]
16059428	young-adult	[17910402]
16059434	young-adult	[17928942]
16059484	fantasy	[25031269]
16059487	young-adult	[]
16059492	fantasy	[18670045, 18633797, 22819449, 33193822, 35384793]
16059524	young-adult	[]
16060809	vampires	[]
16060904	young-adult	[18631188, 22909825, 23252136, 30749495, 27882977]
16061837	young-adult	[]
16062209	music	[]
16062321	young-adult	[23717161]
16064396	young-adult	[18620336]
16064985	young-adult	[]
16065435	young-adult	[]
16065465	young-adult	[16248037]
16065584	fantasy	[17335524, 18046764, 22582344, 18936816]
16065602	science-fiction	[18138215]
16065614	fantasy	[17413179, 19346469, 21532949]
16065634	young-adult	[]
16065672	the-lying-game	[]
16065712	young-adult	[17608289, 26063651, 18769970, 24853856, 30386987, 20644764]
16065725	young-adult	[]
16065768	young-adult	[18779767]
16066149	young-adult	[]
16066163	young-adult	[19681731]
16066183	vampires	[]
16066260	young-adult	[]
16066531	young-adult	[17302511, 16280666]
16066536	young-adult	[]
16066586	young-adult	[]
16066827	fantasy	[17932393, 17934403]
16066962	young-adult	[16249438]
16067008	young-adult	[]
16067081	dystopian	[17166140]
16067349	fantasy	[16080569, 22466620, 17244064, 17162156, 18798818, 20621490, 17930465, 26175968, 27468538, 26150650, 9460487]
16067444	young-adult	[9010058, 7058022, 8386030, 9196523]
16068341	young-adult	[]
16068443	young-adult	[]
16068631	steampunk	[16117325, 18887988, 30832074]
16068755	young-adult	[18775421]
16068780	young-adult	[20799013, 19367128, 22586252, 25675437]
16068787	fantasy	[]
16068800	fantasy	[22891929]
16068905	young-adult	[]
16068910	young-adult	[]
16068954	young-adult	[18275066, 22318571]
16068956	fantasy	[]
16069019	young-adult	[23278518, 19597604]
16069024	young-adult	[]
16069030	fantasy	[17756559, 29489519, 18077886, 20947360, 21469136, 28004076, 30843039, 19415228]
16069167	read-in-2014	[22571272, 23665971, 25595267]
16069212	young-adult	[]
16069783	science-fiction	[]
16069878	young-adult	[13586791, 25787969]
16070143	fantasy	[17182125, 17612654, 18160156, 22095339, 20697424, 18817075]
16070348	young-adult	[13176540, 21890781]
16070429	dystopian	[18892022]
16070454	young-adult	[]
16070592	fantasy	[16104137]
16071020	fantasy	[15745886, 13602234, 18484162, 18483526, 33226036, 17853379, 18139931, 24732043, 26798985]
16071092	fantasy	[]
16071187	young-adult	[23215450, 25825737]
16071620	young-adult	[16247801]
16071885	young-adult	[]
16071908	fantasy	[]
16072107	young-adult	[15820599]
16072150	young-adult	[23391315, 23396390, 12082998]
16072189	mystery	[17182352]
16073606	fantasy	[]
16073993	romance	[22892461]
16074322	dystopian	[16074936]
16074324	romance	[]
16074352	fantasy	[17927861, 19549841, 16054806, 23832047, 19579777]
16074409	young-adult	[16074769, 18689648, 18856972]
16074461	young-adult	[]
16074518	angels	[]
16074731	sci-fi	[]
16074751	young-adult	[25363756]
16074758	young-adult	[]
16074769	young-adult	[18689648, 18856972]
16074780	young-adult	[24885537, 26542880, 29356081]
16074878	steampunk	[]
16074918	young-adult	[]
16074936	dystopian	[]
16074961	young-adult	[17887123, 25903354]
16074976	young-adult	[]
16074977	young-adult	[]
16074985	young-adult	[]
16075240	young-adult	[]
16075522	romance	[]
16075615	young-adult	[18075692]
16075914	young-adult	[]
16075923	horror	[17255526]
16075962	young-adult	[]
16075993	young-adult	[20702151]
16076322	romance	[]
16076395	young-adult	[]
16076614	pulse	[]
16077173	young-adult	[17451795, 15926760, 22310743, 21928848, 24682771, 25818363, 19053172]
16077558	paranormal	[]
16077567	fantasy	[]
16078270	paranormal	[]
16078585	young-adult	[13581049, 13086115]
16078938	young-adult	[]
16079369	dystopian	[]
16079490	young-adult	[]
16079538	young-adult	[]
16079785	romance	[480846, 19298820]
16080136	young-adult	[]
16080337	young-adult	[17312836, 16034235, 18693277, 18069207, 19234711, 25568631, 25619751, 32672150]
16080478	zombies	[]
16080569	fantasy	[22466620, 17244064, 17162156, 18798818, 20621490, 17930465, 26175968, 27468538, 26150650, 9460487]
16081148	young-adult	[15787790, 18038759]
16081183	romance	[15754577]
16081670	romance	[]
16081733	horror	[17278295]
16081754	romance	[20694950, 29522125]
16081764	young-adult	[]
16082212	soul-guardians	[19352028]
16082323	zombies	[17187423]
16083398	young-adult	[17261184]
16083507	science-fiction	[17451911, 25608937]
16083788	young-adult	[]
16083871	horror	[]
16083964	werewolves	[]
16084044	young-adult	[17292676, 23643127]
16084662	romance	[16084907]
16084795	young-adult	[176280]
16084907	romance	[]
16085457	fantasy	[23602195, 17999091, 23280186, 29934863]
16085467	young-adult	[]
16085468	young-adult	[16085496, 18189461]
16085496	young-adult	[18189461]
16085918	young-adult	[15230312, 17831275, 22372184]
16086327	young-adult	[15812814]
16086362	young-adult	[16086387]
16086387	young-adult	[]
16086828	fantasy	[]
16088107	paranormal	[34314571]
16088324	young-adult	[6116440, 4779934, 11791890]
16088363	science-fiction	[17186305, 17623991, 25292800]
16088656	young-adult	[]
16089223	dystopian	[]
16089245	young-adult	[]
16089573	paranormal	[]
16090044	young-adult	[14760143, 15797745]
16090497	young-adult	[13637574]
16090522	magic	[]
16090632	young-adult	[17876011]
16090769	fantasy	[]
16091167	young-adult	[12129021, 12081148]
16091287	paranormal	[]
16091528	young-adult	[18681718]
16091530	romance	[]
16091533	romance	[]
16091535	romance	[]
16091538	romance	[]
16091606	fantasy	[]
16091658	fantasy	[18513621, 19227173]
16092269	young-adult	[13070028, 21951312, 25521501]
16092898	young-adult	[]
16093279	romance	[23203325]
16093908	fantasy	[17345314, 18484905, 17910836, 23365221]
16094401	young-adult	[17307706, 18134519, 20620100, 23942249]
16094613	dystopian	[]
16095765	vampires	[18981955]
16095889	young-adult	[18758154]
16095930	young-adult	[15798696]
16095936	fantasy	[17899647, 19229767, 19023737]
16096202	fantasy	[24661234]
16096538	young-adult	[17700448, 19381122]
16096541	young-adult	[16096538, 17700448, 19381122]
16096545	romance	[]
16096806	m-m	[]
16096873	house-of-night	[17286663, 17885128, 21793221, 18739887]
16097138	young-adult	[20409400, 17334525, 15818308, 17451210]
16097239	vampires	[]
16097299	fantasy	[18692171]
16098340	mythology	[]
16098473	young-adult	[14059265]
16100393	young-adult	[13569308]
16100937	paranormal	[16165786]
16100972	young-adult	[17934215, 23399202]
16101023	young-adult	[17227232, 18667787]
16101025	young-adult	[]
16101054	young-adult	[]
16101063	dystopian	[]
16101069	young-adult	[18866983]
16101072	young-adult	[18224312, 18006642, 18476695]
16101126	young-adult	[]
16101128	young-adult	[17315727, 17415470, 17899336, 17065704, 17902501, 18279202, 17874266, 22584517, 18909647, 23310156, 27259133, 25194131, 24924155]
16101135	young-adult	[]
16101138	young-adult	[22521589]
16101168	young-adult	[22247695, 23533128]
16101169	young-adult	[]
16101515	young-adult	[17906008]
16102226	young-adult	[]
16102245	romance	[25544435]
16102412	young-adult	[17331341]
16102490	m-m	[26596705, 17340501]
16102658	young-adult	[17792514, 18090051, 30653472]
16102693	young-adult	[18807588]
16102760	young-adult	[16075993, 20702151]
16103155	house-of-night	[]
16103816	dystopian	[17747255]
16104137	fantasy	[]
16104169	dystopian	[]
16106519	fantasy	[]
16106649	m-m	[]
16106743	paranormal	[18038860]
16107050	young-adult	[]
16107148	netgalley	[32603460]
16107510	short-stories	[17428639]
16108171	young-adult	[25708877, 18490570]
16108212	young-adult	[17334499, 22393038, 26211045]
16108412	dystopian	[25035979, 26254124]
16108820	to-buy	[25300614]
16109165	new-adult	[]
16109369	romance	[]
16109372	romance	[]
16109373	romance	[]
16109579	romance	[]
16109580	young-adult	[16161535]
16109647	young-adult	[]
16109664	young-adult	[17925175, 18135314]
16110793	illumine	[]
16110931	young-adult	[18160148]
16111877	romance	[]
16111888	romance	[]
16112103	young-adult	[16085467]
16112473	paranormal	[17558916]
16112704	dystopia	[]
16112899	young-adult	[13047878]
16113606	fantasy	[]
16114848	fantasy	[]
16114914	fantasy	[16090769]
16115048	sci-fi	[]
16115183	dystopian	[17228301, 28000800]
16115626	vampires	[18847732]
16116067	young-adult	[17262810]
16116728	young-adult	[18044116, 18517479, 17873797, 18085525, 21803253]
16116760	young-adult	[20323033, 19037409]
16116853	young-adult	[]
16117182	romance	[19100599]
16117239	young-adult	[20869378]
16117325	steampunk	[18887988, 30832074]
16117358	romance	[16102245, 25544435]
16117888	must-read	[]
16117921	fantasy	[20518949]
16118166	young-adult	[17165950]
16118264	mythology	[]
16118267	mythology	[]
16118268	mythology	[]
16118271	mythology	[]
16118272	mythology	[19444061]
16118288	young-adult	[17155938]
16119191	new-adult	[18479790]
16119664	young-adult	[]
16119691	romance	[16109579]
16119755	horror	[]
16120205	young-adult	[18527494]
16120727	dystopian	[13622741, 15818326, 17670025]
16120892	young-adult	[]
16121579	dystopian	[21889954]
16121852	young-adult	[12844575]
16122086	young-adult	[25606910]
16122329	dystopian	[]
16122650	young-adult	[7744611, 15721629, 17304840, 17623990]
16122992	young-adult	[]
16123143	young-adult	[]
16123804	fantasy	[23742838]
16124077	dystopian	[]
16124145	dystopian	[18920021]
16124528	young-adult	[18086862]
16124865	romance	[]
16125246	young-adult	[15812184, 17608032, 17661744, 17623998]
16125945	romance	[]
16126015	sci-fi	[17334475]
16126082	steampunk	[18899316]
16126688	young-adult	[]
16127403	young-adult	[]
16127887	zombie	[18749236]
16127955	young-adult	[9779094]
16127969	fantasy	[]
16128149	young-adult	[]
16128535	young-adult	[20516643, 16134049, 9761778, 19000376, 34598146]
16129217	fantasy	[]
16129271	young-adult	[18169909]
16129272	young-adult	[]
16129948	young-adult	[18888891]
16130799	fantasy	[13160619, 15864946, 16074352, 17927861, 19549841, 16054806, 23832047, 19579777]
16130889	romance	[18040398, 17299817, 18489081, 23264900, 22358760]
16130925	fantasy	[]
16131055	young-adult	[17911042, 18453088, 33010337]
16131076	horror	[]
16131484	young-adult	[18249281, 23226421, 23359151, 23592228, 24727210, 25660831, 25194192, 19891041]
16131489	young-adult	[24609851, 24955557, 24870103, 29547949, 32599218, 33358692]
16132445	paranormal	[9250968]
16132957	young-adult	[]
16133112	young-adult	[17283895]
16133523	paranormal	[13611114]
16133571	urban-fantasy	[]
16133626	young-adult	[12888207]
16133799	young-adult	[]
16133804	young-adult	[]
16134049	young-adult	[9761778, 19000376, 34598146]
16134287	young-adult	[]
16134551	romance	[]
16135109	young-adult	[22063916, 18668057, 22673819]
16135155	zombies	[]
16135254	young-adult	[18866205, 18110076]
16135671	fantasy	[20329091]
16135864	fantasy	[12127750, 13613374, 16091658, 18513621, 19227173]
16136105	fantasy	[]
16136132	dystopian	[17187055, 17704154, 17848162, 18089977, 22713044]
16136176	young-adult	[]
16136424	romance	[18802673, 23964824]
16136599	house-of-night	[18665338, 18665952]
16136628	vampires	[18404242, 26192381, 23544441]
16136806	young-adult	[16248220, 16065634]
16137007	young-adult	[]
16137612	paranormal	[24943556]
16137678	young-adult	[]
16137702	romance	[17185516, 25420031, 17254225, 18331807, 18362452]
16137907	to-buy	[]
16138470	young-adult	[18114990, 23947194, 17887282]
16138782	mystery	[17934525]
16139620	young-adult	[]
16140600	angels	[]
16140838	young-adult	[18699693, 18689821]
16140841	young-adult	[22216603, 22216604, 22047344]
16140843	young-adult	[]
16140922	young-adult	[20982939, 22616468, 20518889]
16141459	young-adult	[34178671]
16141658	young-adult	[]
16141751	young-adult	[457060]
16142455	young-adult	[819967, 826379, 2370123]
16143347	young-adult	[]
16143684	young-adult	[]
16144535	young-adult	[17365069]
16144570	young-adult	[]
16144571	young-adult	[]
16145072	m-m	[18896772]
16145441	paranormal	[]
16145531	young-adult	[17796899, 20604155, 19213071]
16145727	mystery	[32946791, 25426504]
16145729	zombies	[]
16146295	angels	[]
16146662	fantasy	[7849034, 16065584, 17335524, 18046764, 22582344, 18936816]
16146956	time-travel	[]
16147006	young-adult	[]
16147198	young-adult	[]
16147798	fantasy	[]
16148033	dystopian	[18459907]
16148038	dystopian	[17131623]
16148332	paranormal	[]
16148391	short-stories	[]
16148435	zombies	[27823755]
16148491	dystopian	[16101063]
16148583	new-adult	[]
16148644	fantasy	[17280181]
16148645	fantasy	[17838814]
16148727	kindle-books	[]
16149368	young-adult	[10576365, 15844644, 17229893, 17074229, 17874267, 17428644, 19083030, 23269790, 23731166]
16149500	dystopian	[1685449]
16149509	dystopian	[]
16149515	dystopian	[]
16149577	fantasy	[23646651]
16149628	anthology	[]
16149748	zombies	[18217989]
16149867	young-adult	[]
16150043	young-adult	[17623975, 26247744, 29474233]
16150088	vampires	[]
16150728	romance	[]
16150830	dystopian	[17925081, 18337328, 21853985]
16150831	dystopian	[22909128, 25307819, 25433097, 21952712]
16150885	paranormal	[]
16151178	young-adult	[]
16152637	romance	[]
16152874	time-travel	[16152880, 18108877, 18061791, 18062090]
16152880	time-travel	[18108877, 18061791, 18062090]
16152916	sci-fi	[24575280, 21937246]
16152965	young-adult	[17408846]
16152969	young-adult	[18866217]
16153090	young-adult	[]
16153177	young-adult	[16156595]
16153521	young-adult	[25561068, 24611770]
16153812	kindle-books	[17376329]
16153860	young-adult	[]
16153866	paranormal	[]
16154192	young-adult	[]
16154641	fantasy	[20524851, 13449693, 18376563]
16154919	young-adult	[]
16155061	angels	[18906733]
16155240	fantasy	[16155241, 25091997]
16155241	fantasy	[25091997]
16155264	romance	[]
16155698	young-adult	[13425130]
16156020	angels	[]
16156275	young-adult	[27021956]
16156307	dystopian	[]
16156370	young-adult	[13455782]
16156595	young-adult	[]
16156676	young-adult	[204297, 783641, 7376809]
16157229	young-adult	[17159917, 18857981]
16157264	young-adult	[16685544, 15843377]
16158868	new-adult	[18088110]
16159765	young-adult	[16853922, 18244205, 18635144, 18089940, 24235271]
16159801	young-adult	[]
16160209	fantasy	[16778538]
16160667	steampunk	[9693540, 7826215, 8360859, 6050678]
16160701	dystopian	[18462559]
16161331	romance	[]
16161535	young-adult	[]
16161543	young-adult	[17379517]
16161787	young-adult	[]
16162759	young-adult	[15801288]
16162774	young-adult	[18690119]
16163338	dystopia	[22371036]
16163857	new-adult	[]
16164654	young-adult	[]
16164660	young-adult	[]
16164668	young-adult	[]
16164847	must-read	[16117888]
16164882	young-adult	[]
16164977	young-adult	[]
16165041	young-adult	[18051342, 25464140]
16165049	fantasy	[]
16165058	time-travel	[]
16165065	young-adult	[18159827, 17286891]
16165619	fantasy	[]
16165767	romance	[16161331]
16165786	paranormal	[]
16166049	zombies	[]
16166088	wattpad	[]
16166389	fantasy	[112969, 1189150, 4990871]
16166550	young-adult	[18668050, 23281778]
16166772	young-adult	[]
16168721	romance	[]
16168821	young-adult	[17905330]
16170037	young-adult	[23386429]
16170180	young-adult	[]
16170580	fantasy	[21954462, 22610732, 18525661, 23123246, 22141040]
16170887	young-adult	[]
16170918	my-shelf	[]
16171498	fantasy	[17780497]
16172220	romance	[18276400, 15851732]
16172256	vampires	[19164626]
16172268	sweet-valley-high	[]
16172280	vampires	[13170036, 14741256]
16172383	vampires	[]
16172431	fantasy	[20914274, 24885531, 29356118, 3777732]
16173050	young-adult	[17311222, 18288055]
16173176	young-adult	[]
16173250	fantasy	[20526820, 18957530]
16173327	fantasy	[17661714]
16173484	romance	[22892464]
16173593	dystopia	[]
16173784	romance	[]
16173937	vampires	[11292997]
16173956	young-adult	[25060480]
16174510	young-adult	[17670619]
16175040	young-adult	[17334529, 17570153, 20759641, 23129185]
16176186	young-adult	[]
16176768	young-adult	[15732938, 18584057, 17465475]
16176919	young-adult	[]
16177036	young-adult	[20707729]
16177180	paranormal	[]
16177416	fantasy	[]
16177503	young-adult	[6453293]
16177522	romance	[]
16177751	netgalley	[]
16177805	dystopian	[]
16177838	fantasy	[16177416]
16178028	young-adult	[17179331, 18936001]
16178275	young-adult	[22405928]
16178662	m-m	[19112618]
16179763	young-adult	[]
16179820	romance	[]
16179869	young-adult	[22849060, 23617835]
16179873	fantasy	[]
16180066	young-adult	[18274105, 18400659]
16180212	young-adult	[24642583, 16180479, 34729351]
16180479	young-adult	[34729351]
16181289	mythology	[]
16181322	young-adult	[17504546]
16181432	young-adult	[13450968, 884361]
16181484	young-adult	[18067887]
16181513	young-adult	[17676197]
16181879	young-adult	[18619507, 25416768]
16182287	young-adult	[18932022]
16185832	young-adult	[11340586, 23018723, 16247986]
16186637	young-adult	[]
16189945	young-adult	[]
16193920	fantasy	[19212225]
16194261	romance	[18989532]
16194584	young-adult	[15714721]
16198776	sci-fi	[17288352]
16201636	sci-fi	[]
16205423	young-adult	[]
16206228	fantasy	[]
16207123	netgalley	[]
16210411	young-adult	[]
16211060	paranormal	[12115049]
16211288	dystopia	[]
16211604	dystopian	[]
16211703	dark	[]
16217407	young-adult	[]
16217550	young-adult	[17208158]
16217647	young-adult	[]
16217669	pretty-little-liars	[]
16217670	pretty-little-liars	[]
16221851	fantasy	[]
16222282	young-adult	[17700416, 18878278, 22292788]
16225646	dystopian	[17730303, 17314615]
16225653	young-adult	[13362536, 16246759, 19087596, 22052095, 22596856]
16226172	dystopian	[13931214]
16231403	dystopian	[]
16238696	zombies	[16703470]
16240749	young-adult	[]
16240750	young-adult	[16065435]
16240756	young-adult	[18270118]
16240828	fantasy	[]
16240988	mythology	[19305628]
16242833	romance	[19172983]
16243867	fantasy	[14745338, 34231727]
16246712	young-adult	[]
16246759	young-adult	[19087596, 22052095, 22596856]
16246926	fantasy	[]
16247562	fantasy	[26092032]
16247654	young-adult	[]
16247801	young-adult	[]
16247835	young-adult	[]
16247956	young-adult	[17830255]
16247958	young-adult	[25815788]
16247986	young-adult	[]
16248004	fantasy	[]
16248025	young-adult	[18400482]
16248037	young-adult	[]
16248048	fantasy	[23159778]
16248068	young-adult	[17230002, 14748094, 16065712, 17608289, 26063651, 18769970, 24853856, 30386987, 20644764]
16248159	young-adult	[17406321]
16248220	young-adult	[16065634]
16248229	humor	[]
16249438	young-adult	[]
16250637	young-adult	[]
16250898	zombies	[21888731]
16250910	zombies	[18453187]
16251490	young-adult	[]
16266311	young-adult	[27964196, 18583885]
16268999	young-adult	[]
16279698	fantasy	[17280701, 17465467]
16279723	young-adult	[12700337, 22918597]
16279856	young-adult	[18277656, 17162349, 20733600, 19322262, 23438401, 29484309]
16280084	young-adult	[17456811, 18814153, 22465352]
16280108	young-adult	[19336135]
16280116	fantasy	[]
16280557	ukya	[18277355]
16280666	young-adult	[]
16280929	young-adult	[]
16281004	young-adult	[]
16281505	young-adult	[17260471]
16281720	uk-ya	[]
16282078	zombies	[16149748, 18217989]
16283360	vampires	[21138170]
16284914	fantasy	[]
16285057	young-adult	[16129948, 18888891]
16290044	first-reads	[18800550]
16290046	dystopian	[21854629]
16290859	young-adult	[18895887]
16291055	zombies	[]
16291113	young-adult	[]
16291209	young-adult	[17234311]
16299153	young-adult	[19263293, 17617744]
16299169	young-adult	[13644180, 17999618, 16719727, 22052170, 23474057]
16300215	vampires	[]
16301111	romance	[27251356]
16301136	young-adult	[16299153, 19263293, 17617744]
16301336	young-adult	[17278236]
16303287	fantasy	[20329614, 23395716, 23566613, 23598679, 24965713, 24885851, 27220578, 28427014]
16309640	young-adult	[]
16309932	young-adult	[]
16309941	young-adult	[]
16368826	dystopian	[18940856]
16373608	young-adult	[8214693, 6529027, 6937681, 30183]
16401102	romance	[18308240]
16401232	romance	[18893985]
16409311	young-adult	[]
16414497	fantasy	[17831260]
16421118	fantasy	[]
16429619	fantasy	[18490681, 22718798, 26040218, 29571405, 33383822]
16440860	young-adult	[29974488]
16440866	young-adult	[16440860, 29974488]
16464943	young-adult	[10329368]
16479479	young-adult	[17909935]
16479537	fantasy	[15823337, 17155947, 29502206, 27268987]
16488672	netgalley	[]
16489751	maya-banks	[]
16515255	new-adult	[]
16557751	mystery	[9838800, 13595638, 23169190]
16577528	young-adult	[13515025, 18533063]
16591250	young-adult	[15834810]
16598599	zombies	[17232606, 13528422, 20590708, 18886678]
16614760	young-adult	[493456, 959322, 12244867]
16619759	young-adult	[]
16621789	zombies	[]
16636589	romance	[]
16636656	young-adult	[8664091, 8442485, 8442486, 17844049, 11771994]
16638040	fantasy	[]
16646276	young-adult	[16123143]
16650044	paranormal	[13628670]
16650652	young-adult	[18775614]
16655507	pretty-little-liars	[]
16684781	young-adult	[18330674]
16685544	young-adult	[15843377]
16686027	young-adult	[]
16692604	young-adult	[]
16692605	young-adult	[]
16694788	pretty-little-liars	[]
16702662	dystopian	[25692844]
16703470	zombies	[]
16704220	young-adult	[17206636, 18891517]
16718816	young-adult	[22521558]
16719727	young-adult	[22052170, 23474057]
16720478	young-adult	[16217407]
16733119	young-adult	[16128149]
16740524	young-adult	[23203095]
16762211	new-adult	[]
16778538	fantasy	[]
16829889	young-adult	[16029234, 13542868]
16851514	vampires	[]
16853922	young-adult	[18244205, 18635144, 18089940, 24235271]
16885388	fantasy	[17614871, 29078595]
16886962	fantasy	[18159995, 23251878]
16941295	young-adult	[20699706]
17016787	young-adult	[]
17017077	young-adult	[]
17034859	dystopian	[]
17039870	young-adult	[18689650]
17061490	young-adult	[]
17061495	young-adult	[19322229, 17061490]
17061676	young-adult	[]
17063685	realistic-fiction	[]
17063696	young-adult	[18303850]
17065704	young-adult	[17902501, 18279202, 17874266, 22584517, 18909647, 23310156, 27259133, 25194131, 24924155]
17070769	fantasy	[]
17074229	young-adult	[17874267, 17428644, 19083030, 23269790, 23731166]
17074885	romance	[22333608]
17078025	young-adult	[]
17080266	fantasy	[20769219]
17080926	young-adult	[17571446]
17103441	fantasy	[]
17119851	zombies	[]
17119852	young-adult	[25298678, 27790915]
17124593	young-adult	[13265450]
17125747	young-adult	[1965906]
17126291	vampires	[17347049]
17126549	young-adult	[17729104, 22559985, 23597691, 17797357]
17130280	young-adult	[]
17131623	dystopian	[]
17132284	young-adult	[]
17132896	fantasy	[]
17132898	young-adult	[]
17134493	romance	[22569333]
17134589	young-adult	[22501053, 23012527]
17137808	young-adult	[22545955]
17142118	fantasy	[32021967, 29563550, 32494578]
17149088	young-adult	[18883329]
17149158	young-adult	[20808581]
17149396	sci-fi	[]
17152675	vampires	[]
17152808	young-adult	[]
17155039	romance	[20694947, 29073948]
17155192	young-adult	[11929445]
17155371	young-adult	[16139620]
17155389	fantasy	[18324603]
17155449	fantasy	[10815662, 21611451]
17155774	science-fiction	[]
17155787	fantasy	[17196323, 20256703]
17155793	fantasy	[20256570, 23719272]
17155901	vampires	[]
17155938	young-adult	[]
17155947	fantasy	[29502206, 27268987]
17156082	romance	[15717943, 17334411, 17977068, 18721038, 18779059, 22443964, 23010889, 24316923]
17156778	fantasy	[]
17156907	new-adult	[16762211]
17157400	young-adult	[17915241, 18895491, 22023638]
17157643	young-adult	[]
17158067	paranormal	[]
17158158	romance	[17928026, 18867491]
17158599	fantasy	[]
17159230	young-adult	[18523397, 23636078]
17159259	young-adult	[20922567]
17159917	young-adult	[18857981]
17160608	young-adult	[20607739, 20645842]
17160703	young-adult	[]
17160733	paranormal	[]
17160895	fantasy	[10449088]
17161874	young-adult	[21750448, 22826099]
17162007	young-adult	[12788061, 15755965]
17162080	young-adult	[19085467]
17162156	fantasy	[18798818, 20621490, 17930465, 26175968, 27468538, 26150650, 9460487]
17162349	young-adult	[20733600, 19322262, 23438401, 29484309]
17162371	dystopia	[22379835]
17162405	young-adult	[]
17162435	young-adult	[18530620, 18421752]
17162437	angels	[18270846, 20300224, 24469267]
17163744	first-reads	[17182424]
17164123	fantasy	[18889015, 27777215]
17164526	young-adult	[17412601]
17164644	young-adult	[19011073, 20759393]
17164933	wattpad	[32830562]
17165654	young-adult	[]
17165898	young-adult	[]
17165901	paranormal	[]
17165913	young-adult	[17925486, 17196520]
17165932	dystopian	[18517975, 17196339, 20703033, 23395320, 24827241, 22749842, 33520436, 20887494]
17165950	young-adult	[]
17165986	young-adult	[19643306]
17165987	young-adult	[]
17166033	young-adult	[20256699]
17166132	young-adult	[6909544]
17166140	dystopian	[]
17166165	young-adult	[]
17166332	horror	[]
17166969	young-adult	[]
17167007	young-adult	[]
17167090	young-adult	[18231847]
17168027	young-adult	[]
17179331	young-adult	[18936001]
17179937	dystopia	[]
17179954	young-adult	[]
17181832	young-adult	[11283552, 10128165, 28254411, 13415865, 11614718, 13599587, 13512432, 20617980]
17182125	fantasy	[17612654, 18160156, 22095339, 20697424, 18817075]
17182132	young-adult	[17901509]
17182352	mystery	[]
17182424	first-reads	[]
17182499	young-adult	[18661670]
17182619	young-adult	[]
17183128	young-adult	[18189614]
17183798	young-adult	[]
17183950	fantasy	[13496452]
17184349	mermaids	[]
17184540	young-adult	[12614754]
17184560	mermaids	[25459663]
17185049	young-adult	[17699280]
17185496	young-adult	[]
17185516	romance	[25420031, 17254225, 18331807, 18362452]
17185716	the-demon-trappers	[]
17185951	young-adult	[13519043]
17185965	realistic-fiction	[13495221, 18131945, 21529297, 17571752, 15801353, 22596018, 30304769, 35126335, 19924185]
17186305	science-fiction	[17623991, 25292800]
17186385	young-adult	[]
17186390	young-adult	[]
17186609	young-adult	[]
17187055	dystopian	[17704154, 17848162, 18089977, 22713044]
17187423	zombies	[]
17187773	young-adult	[17627881]
17188446	short-stories	[]
17188539	young-adult	[]
17188573	short-stories	[]
17189031	mythology	[25755551]
17189447	dystopian	[]
17189509	new-adult	[]
17189655	fantasy	[16246926]
17190658	fantasy	[]
17191012	romance	[]
17192809	paranormal	[]
17193778	fantasy	[]
17195827	arc	[]
17196323	fantasy	[20256703]
17196339	dystopian	[20703033, 23395320, 24827241, 22749842, 33520436, 20887494]
17196481	zombies	[18046583]
17196520	young-adult	[]
17197791	young-adult	[20759635]
17200878	fantasy	[]
17202324	young-adult	[]
17202917	young-adult	[]
17203275	sci-fi	[]
17203830	young-adult	[]
17204041	young-adult	[]
17204182	fantasy	[]
17204403	young-adult	[]
17204516	dystopian	[]
17204891	paranormal	[]
17205048	young-adult	[19571554]
17205213	young-adult	[]
17205660	young-adult	[]
17206162	fantasy	[18946055, 23609791, 7003332, 28685408]
17206172	maya-banks	[35436593]
17206278	sci-fi	[]
17206499	young-adult	[18928780]
17206636	young-adult	[18891517]
17207108	new-adult	[]
17207178	fantasy	[]
17207202	young-adult	[]
17208158	young-adult	[]
17208545	young-adult	[]
17208557	young-adult	[]
17208562	young-adult	[]
17208565	romance	[]
17208612	young-adult	[18933290]
17208619	young-adult	[]
17208924	young-adult	[17982821, 22849277, 23629060, 18918102, 11802865]
17208956	abuse	[20906693]
17210281	zombies	[]
17210363	young-adult	[17382805, 17119852, 25298678, 27790915]
17210391	fantasy	[]
17211358	young-adult	[]
17212241	young-adult	[]
17212431	romance	[]
17212441	romance	[]
17212877	young-adult	[13450387, 13646855, 17706088]
17213337	young-adult	[7137774, 12002589, 19337381]
17213384	young-adult	[17931330, 17929925]
17214432	young-adult	[]
17214460	vampires	[]
17214485	young-adult	[23367130]
17222180	young-adult	[12015094]
17222419	dystopian	[18692306]
17225463	young-adult	[18005276, 27215961, 20969700]
17225592	young-adult	[17348327, 18588085, 23378466, 18817772, 19220248]
17225892	fantasy	[18893848]
17226128	fantasy	[25560279, 24885508, 18222170]
17226244	young-adult	[]
17226255	young-adult	[17226244]
17227209	young-adult	[18289483, 23281893]
17227232	young-adult	[18667787]
17227279	young-adult	[]
17227470	young-adult	[]
17227576	young-adult	[16101168, 22247695, 23533128]
17228280	young-adult	[]
17228301	dystopian	[28000800]
17228503	angels	[15835021, 17559479, 18967800]
17229039	vampires	[6013342, 13180930]
17229893	young-adult	[17074229, 17874267, 17428644, 19083030, 23269790, 23731166]
17230002	young-adult	[14748094, 16065712, 17608289, 26063651, 18769970, 24853856, 30386987, 20644764]
17230200	young-adult	[18053143]
17230702	young-adult	[8811139, 17664287, 21293411]
17230818	dystopian	[13260776, 17860154, 17408673, 18172260]
17231742	paranormal	[17251441]
17231974	young-adult	[]
17232090	fantasy	[17661625, 17290244]
17232242	young-adult	[22249710, 22249711, 25010975]
17232514	young-adult	[]
17232542	new-adult	[]
17232559	horror	[17315770]
17232606	zombies	[13528422, 20590708, 18886678]
17232717	young-adult	[8416817]
17232913	fantasy	[23399166]
17233160	young-adult	[7776692, 8423493, 9312497, 13577338, 12510082, 16280929]
17233701	zombies	[18104748, 25778505, 26210016]
17233800	romance	[18454323, 29926484, 18966770]
17234033	young-adult	[]
17234311	young-adult	[]
17234575	young-adult	[]
17234645	young-adult	[18132143, 18911809]
17234658	young-adult	[20877332, 25246053, 26851979, 35114519, 25971281]
17234659	young-adult	[24931250, 25348875, 29604907, 30242270]
17234664	young-adult	[]
17234770	mystery	[18361447]
17235055	young-adult	[9569470]
17235076	dystopian	[]
17235096	dystopian	[17263522, 18240475, 17932692, 18621570, 18682064, 18492470, 23461868]
17235105	young-adult	[17234645, 18132143, 18911809]
17235240	young-adult	[17839187]
17235347	young-adult	[23628953, 20573955]
17235448	contemporary	[]
17235596	young-adult	[]
17236366	fantasy	[18089962, 18209344, 19041032, 18052845, 17825750, 22535398]
17236420	fantasy	[18779723]
17236449	young-adult	[17731788]
17237214	young-adult	[]
17237351	fantasy	[19434518]
17238956	young-adult	[]
17239882	fantasy	[20782805, 21841598, 18668021]
17240480	fantasy	[24263233]
17241496	new-adult	[]
17241526	new-adult	[]
17241734	young-adult	[15717651, 17317597, 18684377, 17333239, 18392499]
17244064	fantasy	[17162156, 18798818, 20621490, 17930465, 26175968, 27468538, 26150650, 9460487]
17245747	fantasy	[17670710, 18274270, 18335634, 18456483, 17949499, 18777374, 18661775, 18300072, 25662401, 18486478, 21972742, 24201318, 24885506, 31946400]
17246146	fantasy	[17273309]
17249478	dystopian	[17402052]
17250126	fantasy	[]
17250818	dystopian	[18939466]
17250833	young-adult	[28598080]
17250935	new-adult	[]
17251169	fantasy	[17910957, 18211690, 18873235]
17251203	young-adult	[]
17251441	paranormal	[]
17251822	magic	[]
17252101	romance	[]
17252473	young-adult	[16176768, 15732938, 18584057, 17465475]
17252615	science-fiction	[28261361]
17252845	new-adult	[18815197]
17253972	young-adult	[17289943, 20405829]
17254028	christian	[]
17254225	romance	[18331807, 18362452]
17254317	m-m	[]
17254498	fantasy	[16059492, 18670045, 18633797, 22819449, 33193822, 35384793]
17254986	young-adult	[]
17255526	horror	[]
17255996	science-fiction	[17261160, 21469142]
17256015	m-m	[22089441, 20453329]
17257028	young-adult	[21755390, 17694259]
17257322	angels	[]
17257584	young-adult	[]
17258025	young-adult	[]
17258829	romance	[17660385, 18043759]
17258853	fantasy	[23266188]
17259079	young-adult	[9791886, 1578869, 1830572, 839223, 839226, 45978, 1339888, 311512, 5945894]
17259468	dystopian	[17336640, 15787917, 24531398, 18089966]
17259690	contemporary	[29810275, 18874651]
17259976	young-adult	[1379188, 295323, 870823]
17260471	young-adult	[]
17260928	dystopia	[]
17261147	young-adult	[18108556, 17409745]
17261160	science-fiction	[21469142]
17261184	young-adult	[]
17261185	fantasy	[]
17261349	new-adult	[]
17261502	young-adult	[]
17261811	science-fiction	[]
17262238	young-adult	[]
17262284	young-adult	[]
17262303	young-adult	[]
17262306	young-adult	[]
17262735	young-adult	[18728762]
17262751	young-adult	[]
17262765	young-adult	[]
17262810	young-adult	[]
17263020	zombies	[17795779]
17263181	fantasy	[]
17263239	young-adult	[]
17263244	young-adult	[]
17263246	young-adult	[]
17263249	young-adult	[]
17263374	young-adult	[16136176]
17263522	dystopian	[18240475, 17932692, 18621570, 18682064, 18492470, 23461868]
17264027	young-adult	[]
17264131	young-adult	[]
17265273	steampunk	[24262190]
17266802	young-adult	[]
17266833	romance	[]
17266980	paranormal	[21493775]
17267100	young-adult	[]
17267229	fantasy	[21150383]
17267230	vampires	[]
17268667	young-adult	[11044367, 15712670]
17268877	young-adult	[18171874]
17268879	young-adult	[18398461]
17269399	dystopian	[18458608, 18772812, 25627752]
17273309	fantasy	[]
17274529	paranormal	[16148332]
17278236	young-adult	[]
17278295	horror	[]
17278396	young-adult	[]
17278588	young-adult	[]
17278818	vampires	[17289254]
17278933	time-travel	[]
17279913	demons	[11077825]
17280082	short-stories	[]
17280122	young-adult	[]
17280181	fantasy	[]
17280346	young-adult	[17382168]
17280573	young-adult	[]
17280701	fantasy	[17465467]
17281001	young-adult	[16147006]
17281362	young-adult	[]
17282259	young-adult	[17369278]
17282604	dystopian	[17794830, 16702662, 25692844]
17282616	young-adult	[]
17283029	young-adult	[]
17283696	young-adult	[12992396]
17283895	young-adult	[]
17285320	to-read-2	[]
17285330	young-adult	[]
17285841	young-adult	[18899936]
17285948	dystopian	[16136132, 17187055, 17704154, 17848162, 18089977, 22713044]
17286663	house-of-night	[17885128, 21793221, 18739887]
17286697	young-adult	[]
17286729	young-adult	[17332367, 25375859]
17286745	young-adult	[17204403]
17286787	young-adult	[]
17286849	young-adult	[]
17286883	dystopian	[]
17286884	young-adult	[]
17286888	young-adult	[]
17286891	young-adult	[]
17286907	young-adult	[12275873]
17286911	young-adult	[17731769, 12910262]
17286928	young-adult	[12949244]
17286942	young-adult	[]
17287443	mermaids	[]
17287499	young-adult	[16090044, 14760143, 15797745]
17287625	young-adult	[17449209, 22095666, 17452020]
17288352	sci-fi	[]
17289254	vampires	[]
17289943	young-adult	[20405829]
17290243	fantasy	[20701975, 25823959, 27253926]
17290244	fantasy	[]
17290266	young-adult	[]
17290682	fantasy	[]
17292508	young-adult	[25672501]
17292676	young-adult	[23643127]
17293205	fantasy	[]
17296008	young-adult	[8525606]
17296689	mythology	[18668562]
17296692	young-adult	[17406152, 19338181]
17297132	young-adult	[17894440, 21434730, 25878229]
17297134	young-adult	[17297132, 17894440, 21434730, 25878229]
17297487	young-adult	[]
17297488	fantasy	[13547438]
17299817	romance	[18489081, 23264900, 22358760]
17299819	romance	[22358846, 26615686, 27153891]
17301760	ruby-blue	[]
17302117	young-adult	[]
17302189	science-fiction	[]
17302511	young-adult	[16280666]
17303139	fantasy	[]
17303369	vampires	[6339989, 18879200]
17304052	fantasy	[17736280]
17304840	young-adult	[17623990]
17305421	young-adult	[27352123]
17305611	fantasy	[17728652, 18048665, 17899356]
17306347	young-adult	[]
17307145	young-adult	[17428646, 18588216, 21519425]
17307706	young-adult	[18134519, 20620100, 23942249]
17307847	young-adult	[15790832, 23167465]
17310453	fantasy	[18296552, 17910083]
17310548	shadow-falls	[17568293]
17311222	young-adult	[18288055]
17311254	horses	[]
17311294	young-adult	[25341857]
17311580	young-adult	[13591678]
17311710	fantasy	[]
17311828	time-travel	[13450348]
17312145	fantasy	[]
17312156	fantasy	[]
17312777	dystopian	[22239157]
17312836	young-adult	[16034235, 18693277, 18069207, 19234711, 25568631, 25619751, 32672150]
17313797	fantasy	[28227498]
17314615	dystopian	[]
17315134	young-adult	[20702035]
17315389	young-adult	[18114384, 22825384]
17315547	vampires	[15739817, 16043737]
17315727	young-adult	[17415470, 17899336, 17065704, 17902501, 18279202, 17874266, 22584517, 18909647, 23310156, 27259133, 25194131, 24924155]
17315770	horror	[]
17315821	young-adult	[20899850]
17315864	sci-fi	[]
17316770	young-adult	[23816108, 32998350]
17317597	young-adult	[18684377, 17333239, 18392499]
17318450	young-adult	[]
17318945	fantasy	[26146791]
17319882	young-adult	[]
17323652	young-adult	[18266202, 22845459]
17329550	fantasy	[]
17331289	fantasy	[17332550, 18527178, 18076883]
17331322	zombies	[]
17331336	fantasy	[20483058]
17331341	young-adult	[]
17331376	young-adult	[]
17331400	fantasy	[17331463]
17331454	young-adult	[]
17331463	fantasy	[]
17331483	fantasy	[18586225]
17331518	young-adult	[20612037]
17331819	fantasy	[23735606, 23636524, 27774408]
17331828	fantasy	[23471994, 23222132, 25454683, 26225457, 27834976, 25654599]
17332259	young-adult	[]
17332261	dystopian	[]
17332367	young-adult	[25375859]
17332508	young-adult	[20452372]
17332517	young-adult	[]
17332550	fantasy	[18527178, 18076883]
17332556	fantasy	[17665110, 17331336, 20483058]
17332564	young-adult	[]
17332590	mythology	[]
17332746	fantasy	[]
17332968	young-adult	[]
17332969	young-adult	[17370280, 33148544, 17333673, 19161855, 18196033, 22021725, 25932917, 25824455]
17332977	middle-grade	[]
17333239	young-adult	[18392499]
17333258	young-adult	[]
17333276	mystery	[20454056]
17333673	young-adult	[19161855, 18196033, 22021725, 25932917, 25824455]
17333685	horror	[17756508]
17333927	young-adult	[23699195]
17334061	fantasy	[]
17334062	fantasy	[18871827]
17334063	fantasy	[]
17334064	fantasy	[18085096, 18680747]
17334065	fantasy	[19437970, 17570144]
17334066	fantasy	[]
17334068	fantasy	[17852640, 20347209]
17334074	fantasy	[18486396, 18758617]
17334077	fantasy	[18076183]
17334079	fantasy	[17251169, 17910957, 18211690, 18873235]
17334178	zombies	[]
17334179	zombies	[18108363]
17334191	dystopian	[]
17334309	young-adult	[16062321, 23717161]
17334346	young-adult	[119832]
17334390	young-adult	[]
17334411	romance	[17977068, 18721038, 18779059, 22443964, 23010889, 24316923]
17334446	dystopia	[12792658, 25264061, 19432805]
17334475	sci-fi	[]
17334499	young-adult	[22393038, 26211045]
17334509	young-adult	[18216287, 18525248, 33226020]
17334525	young-adult	[15818308, 17451210]
17334527	young-adult	[18070553]
17334528	young-adult	[]
17334529	young-adult	[17570153, 20759641, 23129185]
17334538	young-adult	[20310632]
17334560	young-adult	[9917945]
17334566	young-adult	[17334527, 18070553]
17334580	fantasy	[]
17334584	fantasy	[]
17335524	fantasy	[18046764, 22582344, 18936816]
17335604	dystopian	[18192973]
17335755	young-adult	[17232717, 8416817]
17335881	young-adult	[]
17336334	romance	[]
17336640	dystopian	[15787917, 24531398, 18089966]
17336842	young-adult	[8604267, 17666746, 2225234, 832144, 18119, 77473, 24963098, 563765]
17336887	young-adult	[]
17337473	paranormal	[]
17337522	new-adult	[]
17337701	new-adult	[]
17338285	apocalyptic	[]
17338329	romance	[18687641]
17339241	young-adult	[18649161, 17339244, 18076780, 18076821, 18468184, 22053410, 22546115]
17339244	young-adult	[18076780, 18076821, 18468184, 22053410, 22546115]
17339560	young-adult	[15864513]
17339959	fantasy	[18599658]
17340050	romance	[17571797, 18657208, 24748667, 23580766, 33352972]
17340501	m-m	[]
17341363	young-adult	[18910250]
17341492	young-adult	[]
17341550	young-adult	[26026358]
17341729	dystopian	[]
17341778	young-adult	[]
17342303	dystopian	[19196308]
17342414	young-adult	[]
17342444	dystopia	[17260928]
17342700	young-adult	[20821149, 25087345, 25065631]
17342749	fantasy	[23613731, 26851867]
17342750	fantasy	[29962852, 30913511, 34440232, 29097197]
17342753	2018	[]
17342900	dystopian	[]
17343391	fantasy	[17620267, 18271130, 20518884]
17343420	paranormal	[18774473]
17343427	fantasy	[17479662]
17343434	young-adult	[]
17343435	young-adult	[]
17343436	young-adult	[]
17343696	romance	[]
17344167	young-adult	[18904215, 18935061]
17344385	new-adult	[33829947]
17344534	reviewed	[]
17344540	reviewed	[17344534]
17344841	paranormal	[]
17345282	young-adult	[]
17345314	fantasy	[18484905, 17910836, 23365221]
17345616	young-adult	[17618303, 20651525, 22753573, 25458325]
17345763	fantasy	[10034291]
17347049	vampires	[]
17347389	fantasy	[18039177, 22045954, 20257177, 19189768]
17347530	fantasy	[]
17347758	zombies	[]
17348327	young-adult	[18588085, 23378466, 18817772, 19220248]
17348328	vampires	[]
17349063	fantasy	[]
17349733	fantasy	[17193778]
17350916	dystopian	[22521560]
17352053	young-adult	[17230702, 8811139, 17664287, 21293411]
17352960	young-adult	[]
17357347	time-travel	[22081410, 20385734, 19355359, 23572990]
17359526	paranormal	[]
17365069	young-adult	[]
17368120	romance	[]
17368138	fantasy	[19157640]
17368140	young-adult	[]
17368932	young-adult	[]
17369278	young-adult	[]
17369312	dystopian	[18006710, 18483675]
17369755	young-adult	[17307145, 17428646, 18588216, 21519425]
17370021	paranormal	[18249621]
17370280	young-adult	[33148544, 17333673, 19161855, 18196033, 22021725, 25932917, 25824455]
17370618	fantasy	[17347389, 18039177, 22045954, 20257177, 19189768]
17371124	romance	[17679546]
17371239	young-adult	[24764]
17371832	young-adult	[22555925, 9568989]
17371981	young-adult	[]
17372146	young-adult	[22504705]
17372280	dystopian	[]
17372472	young-adult	[]
17372641	young-adult	[]
17372887	romance	[17371124, 17679546]
17373172	young-adult	[21853967]
17373895	young-adult	[18686140]
17374111	young-adult	[30373749, 7853977]
17374235	romance	[26785339]
17374245	new-adult	[]
17374550	young-adult	[17794657]
17374616	romance	[]
17375001	mermaids	[17683795]
17375703	romance	[17570691, 18904879]
17375787	young-adult	[18453188, 33644166]
17376220	mystery	[17668575]
17376329	kindle-books	[]
17376341	romance	[]
17377123	fantasy	[]
17377402	fantasy	[]
17377636	fantasy	[18067878]
17378444	young-adult	[]
17378500	young-adult	[18490634]
17378508	fantasy	[22009560, 22978079, 23216567, 25967038, 24612656, 28477293]
17378527	fantasy	[25021443, 29405192, 29547960, 35133527]
17379209	paranormal	[16137612, 24943556]
17379327	young-adult	[]
17379344	vampires	[]
17379404	fantasy	[16165619]
17379469	science-fiction	[17661942]
17379517	young-adult	[]
17379615	dystopian	[]
17379619	dystopian	[18913117]
17380707	romance	[]
17381652	fantasy	[]
17381737	young-adult	[13493987, 30319100, 19186150]
17381989	horror	[]
17382168	young-adult	[]
17382398	young-adult	[]
17382805	young-adult	[17119852, 25298678, 27790915]
17383005	abbi-glines	[]
17383065	romance	[18938744]
17383120	young-adult	[]
17383481	vampires	[21465418]
17383543	young-adult	[18710464, 18710654, 19542808, 20910326, 21443484, 22038278, 22019444, 18713720, 18960669, 21143500, 18267158]
17383612	new-adult	[22322089]
17383871	young-adult	[17379327]
17383918	young-adult	[17406183, 17899904, 17736795, 17383543, 18710464, 18710654, 19542808, 20910326, 21443484, 22038278, 22019444, 18713720, 18960669, 21143500, 18267158]
17383920	young-adult	[]
17383994	young-adult	[17660412, 18769279, 19200023, 18917940, 21061037]
17384215	young-adult	[]
17384593	christian	[]
17384776	dystopian	[]
17385388	dystopian	[17372280]
17386185	young-adult	[21942465]
17393016	dystopian	[]
17393021	young-adult	[]
17393023	young-adult	[22383128, 24251502]
17395290	first-reads	[]
17397374	vampires	[18688421, 33401863]
17397481	young-adult	[17797457, 25898833]
17397661	mythology	[18211066, 31213374]
17397760	fantasy	[17679548]
17397934	dystopian	[]
17398950	horror	[18872829]
17399160	fantasy	[20799220, 20602999, 24331409, 28053589, 29876198, 30164772, 35228095]
17401137	young-adult	[]
17402052	dystopian	[]
17402091	romance	[18912412]
17402117	dystopian	[18068464, 20647319, 22371868, 22608435]
17402605	young-adult	[13408919, 3168250]
17402901	zombies	[20617860, 18656187]
17403167	young-adult	[25078033, 21454376]
17403381	mermaids	[]
17403389	young-adult	[16029252]
17404295	fantasy	[]
17405448	young-adult	[20337393]
17405452	wattpad	[]
17405613	young-adult	[21988996, 22032327, 21417381, 20791885, 20929561, 22319107, 22536600, 23441800, 21517151, 26509898, 30263024]
17405751	young-adult	[]
17406152	young-adult	[19338181]
17406183	young-adult	[17899904, 17736795, 17383543, 18710464, 18710654, 19542808, 20910326, 21443484, 22038278, 22019444, 18713720, 18960669, 21143500, 18267158]
17406293	young-adult	[]
17406321	young-adult	[]
17406518	young-adult	[15791476]
17406619	young-adult	[]
17406847	fantasy	[17981400]
17407711	new-adult	[18619423]
17408055	young-adult	[]
17408673	dystopian	[18172260]
17408833	young-adult	[16152965, 17408846]
17408846	young-adult	[]
17409124	fantasy	[15714476]
17409137	nook-books	[]
17409299	young-adult	[18453108]
17409745	young-adult	[]
17410183	young-adult	[23403242]
17410195	young-adult	[]
17410359	fantasy	[20821091]
17410362	fantasy	[]
17410544	young-adult	[17560115, 19401848]
17410678	fantasy	[]
17411903	young-adult	[]
17412272	young-adult	[17759067]
17412601	young-adult	[]
17412895	young-adult	[25489415]
17413179	fantasy	[19346469, 21532949]
17413361	mystery	[]
17415258	dystopian	[]
17415470	young-adult	[17899336, 17065704, 17902501, 18279202, 17874266, 22584517, 18909647, 23310156, 27259133, 25194131, 24924155]
17415685	fantasy	[18460633, 16170580, 21954462, 22610732, 18525661, 23123246, 22141040]
17415855	young-adult	[]
17416020	young-adult	[]
17416057	young-adult	[]
17416083	fantasy	[]
17426228	young-adult	[5984090]
17426717	young-adult	[16005272]
17427430	science-fiction	[19154475, 22845365, 23162471, 17607719]
17428639	short-stories	[]
17428643	fantasy	[22890934, 30900327]
17428644	young-adult	[19083030, 23269790, 23731166]
17428646	young-adult	[18588216, 21519425]
17428773	fantasy	[]
17432827	fantasy	[20651953]
17434820	young-adult	[12019355, 12928454]
17446796	romance	[]
17446813	romance	[]
17447157	young-adult	[]
17447240	young-adult	[]
17447473	the-secret-circle	[15819414]
17448097	mythology	[20632892, 18051965, 22075322, 26882346]
17448960	young-adult	[17668215, 22489693, 18754118]
17449197	fantasy	[17290243, 20701975, 25823959, 27253926]
17449209	young-adult	[22095666, 17452020]
17449652	young-adult	[17725846]
17449657	fantasy	[18333029, 18775848, 22063856, 24885521, 21061789]
17450159	paranormal	[]
17450990	fantasy	[]
17451210	young-adult	[]
17451559	dystopian	[]
17451795	young-adult	[15926760, 22310743, 21928848, 24682771, 25818363, 19053172]
17451890	mythology	[25729635, 26231359]
17451911	science-fiction	[25608937]
17452020	young-adult	[]
17452186	young-adult	[]
17452322	young-adult	[17282616]
17452630	young-adult	[]
17452685	fantasy	[22891930]
17452823	romance	[17368120]
17452911	fantasy	[]
17453163	young-adult	[]
17453303	young-adult	[]
17453682	young-adult	[25421308, 30239436]
17453983	young-adult	[18741152, 23525495, 24745488, 26804443, 9754815, 19508953, 22172497]
17454136	young-adult	[]
17454142	young-adult	[]
17454892	fantasy	[22374406]
17455516	dystopian	[13633610, 22112248]
17455804	young-adult	[17624010]
17456416	dystopian	[21730246]
17456811	young-adult	[18814153, 22465352]
17457717	young-adult	[]
17457907	young-adult	[16181484, 18067887]
17457945	wattpad	[]
17458339	steampunk	[18980092]
17458661	pretty	[26395088]
17465441	fantasy	[]
17465446	fantasy	[]
17465448	sci-fi	[]
17465455	alex-rider	[]
17465467	fantasy	[]
17465468	young-adult	[18394418]
17465470	fantasy	[16149577, 23646651]
17465475	young-adult	[]
17465482	young-adult	[22752817, 17612618, 20657806, 29862937]
17465698	young-adult	[]
17466516	m-m	[24686482, 24807455]
17466707	science-fiction	[17302189]
17466746	ya-i-own-tbr-list	[29773952]
17468970	steampunk	[]
17470662	young-adult	[]
17472970	young-adult	[18881772]
17479662	fantasy	[]
17493622	goddess-series	[]
17504546	young-adult	[]
17522283	mystery	[22432999, 23148091, 25670510]
17522801	vampires	[]
17525258	dystopia	[]
17552529	young-adult	[20565061, 13188077]
17558077	romance	[17935740, 17697452, 18799238, 23581139]
17558080	dystopian	[22465726]
17558088	young-adult	[29638860]
17558151	young-adult	[23309705]
17558529	fantasy	[12570443]
17558530	fantasy	[17558529, 12570443]
17558838	angels	[10314229]
17558916	paranormal	[]
17559028	young-adult	[17559041, 19093247]
17559041	young-adult	[19093247]
17559099	young-adult	[20310634, 20310633]
17559101	mythology	[]
17559251	romance	[18906497, 11437763]
17559253	romance	[17559251, 18906497, 11437763]
17559479	angels	[18967800]
17559897	young-adult	[6420846]
17559899	dystopian	[17910064]
17560115	young-adult	[19401848]
17560444	fantasy	[]
17560541	young-adult	[18594796, 21399241, 20448958]
17560872	young-adult	[]
17561326	new-adult	[18104152]
17561485	fairy-tales	[]
17561810	fantasy	[20518918]
17561818	dystopian	[19532886]
17562074	fantasy	[]
17563021	young-adult	[18046743]
17563153	romance	[18872445]
17563396	young-adult	[]
17564568	young-adult	[8976759]
17565182	young-adult	[17378444]
17565204	young-adult	[]
17565723	zombies	[]
17565761	young-adult	[]
17565845	young-adult	[17565847, 18635102, 18197576, 22011614, 24532910, 22535384]
17565847	young-adult	[18635102, 18197576, 22011614, 24532910, 22535384]
17565863	fantasy	[]
17565984	romance	[33028767]
17566055	new-adult	[17156907, 16762211]
17566243	fantasy	[17613457, 20554165, 20319898, 21825384, 21817700, 21469090, 25755451, 25858041]
17566724	fantasy	[17730519]
17566814	fantasy	[23507677]
17567504	romance	[]
17568276	young-adult	[]
17568293	shadow-falls	[]
17568327	young-adult	[]
17570001	mythology	[19221231]
17570144	fantasy	[]
17570153	young-adult	[20759641, 23129185]
17570691	romance	[18904879]
17570996	to-be-released	[]
17571215	young-adult	[]
17571270	young-adult	[25785848, 29578257]
17571446	young-adult	[]
17571752	realistic-fiction	[15801353, 22596018, 30304769, 35126335, 19924185]
17571797	romance	[18657208, 24748667, 23580766, 33352972]
17571867	goddess-series	[]
17571934	new-adult	[]
17572004	romance	[]
17573557	young-adult	[18952231, 18402201, 19448434, 29620468]
17574870	young-adult	[]
17586491	middle-grade	[20600036]
17587000	horses	[18517644]
17596261	young-adult	[18933340]
17605075	young-adult	[]
17605471	middle-grade	[29605778]
17605730	young-adult	[]
17607716	young-adult	[18053140, 23665932]
17607719	science-fiction	[]
17607916	young-adult	[]
17607944	young-adult	[]
17608032	young-adult	[17661744, 17623998]
17608289	young-adult	[26063651, 18769970, 24853856, 30386987, 20644764]
17608363	fantasy	[17833157]
17608589	young-adult	[12561585]
17609113	dystopian	[]
17609249	m-m	[]
17609688	young-adult	[]
17610036	fantasy	[]
17610101	young-adult	[13605727, 17132284]
17610334	new-adult	[]
17610619	steampunk	[22081829]
17610722	time-travel	[16146956]
17611146	steampunk	[]
17611262	mythology	[]
17611379	new-adult	[]
17612519	young-adult	[]
17612618	young-adult	[20657806, 29862937]
17612654	fantasy	[18160156, 22095339, 20697424, 18817075]
17612776	netgalley	[18973567]
17612972	young-adult	[210329, 311479]
17613026	young-adult	[]
17613053	young-adult	[17704914, 19452645]
17613449	fantasy	[17449657, 18333029, 18775848, 22063856, 24885521, 21061789]
17613457	fantasy	[20554165, 20319898, 21825384, 21817700, 21469090, 25755451, 25858041]
17614871	fantasy	[29078595]
17616651	young-adult	[18953590]
17616704	young-adult	[17860222]
17617617	fantasy	[]
17617629	young-adult	[18761299]
17617648	fantasy	[]
17617744	young-adult	[]
17617762	young-adult	[23016756, 22529151]
17617916	fantasy	[]
17618303	young-adult	[20651525, 22753573, 25458325]
17618932	young-adult	[]
17619478	paranormal	[14060081]
17620267	fantasy	[18271130, 20518884]
17620523	young-adult	[28220711]
17620636	romance	[]
17620859	young-adult	[17621102]
17621102	young-adult	[]
17621273	house-of-night	[]
17622292	young-adult	[]
17622734	netgalley	[18402381]
17622949	fantasy	[]
17623027	vampires	[]
17623053	young-adult	[20727888]
17623071	young-adult	[18765184]
17623975	young-adult	[26247744, 29474233]
17623976	fantasy	[]
17623990	young-adult	[]
17623991	science-fiction	[25292800]
17623994	fantasy	[]
17623998	young-adult	[]
17624000	fantasy	[]
17624010	young-adult	[]
17624537	steampunk	[]
17627881	young-adult	[]
17653101	mythology	[]
17655739	young-adult	[]
17656636	werewolves	[]
17657600	dystopian	[]
17660385	romance	[18043759]
17660412	young-adult	[18769279, 19200023, 18917940, 21061037]
17660459	james-patterson	[18867675]
17660471	young-adult	[18067050]
17660979	young-adult	[19444902, 18805531]
17661216	young-adult	[]
17661402	horror	[22728451, 23732403, 23479431]
17661416	young-adult	[]
17661625	fantasy	[17290244]
17661714	fantasy	[]
17661744	young-adult	[17623998]
17661774	giveaways	[]
17661942	science-fiction	[]
17664287	young-adult	[21293411]
17664603	young-adult	[18461026]
17664919	netgalley	[17843741]
17664951	young-adult	[]
17665096	fantasy	[17331400, 17331463]
17665110	fantasy	[17331336, 20483058]
17665331	paranormal	[]
17665478	young-adult	[10182347]
17665481	young-adult	[]
17665784	young-adult	[16030631]
17665849	fantasy	[15801173, 17245747, 17670710, 18274270, 18335634, 18456483, 17949499, 18777374, 18661775, 18300072, 25662401, 18486478, 21972742, 24201318, 24885506, 31946400]
17666746	young-adult	[2225234, 832144, 18119, 77473, 24963098, 563765]
17667561	fantasy	[18222545, 20929907, 22571273]
17667916	young-adult	[17733351, 18640740]
17667947	young-adult	[]
17667952	young-adult	[]
17667983	romance	[23695094]
17668192	young-adult	[18968889]
17668215	young-adult	[22489693, 18754118]
17668575	mystery	[]
17668651	young-adult	[]
17669243	fantasy	[25664562]
17670025	dystopian	[]
17670619	young-adult	[]
17670710	fantasy	[18274270, 18335634, 18456483, 17949499, 18777374, 18661775, 18300072, 25662401, 18486478, 21972742, 24201318, 24885506, 31946400]
17670892	young-adult	[]
17672006	young-adult	[]
17672483	fantasy	[]
17672524	zombies	[20567229, 18038294]
17673252	fairy-tales	[]
17673256	fantasy	[20697813]
17673505	romance	[17074885, 22333608]
17673562	young-adult	[17203830]
17673708	zombies	[]
17675386	young-adult	[24675524, 27256347]
17675434	young-adult	[21975940]
17675462	fantasy	[15995747, 13435619, 15755025, 34851964, 15743650, 16154641, 20524851, 13449693, 18376563]
17676197	young-adult	[]
17678661	dystopian	[19091397]
17679367	dystopian	[]
17679542	dystopian	[32179824]
17679544	the-iron-fey	[18510457, 18334684, 23216572]
17679546	romance	[]
17679548	fantasy	[]
17680085	fantasy	[17560444]
17680293	young-adult	[]
17681643	fantasy	[]
17683795	mermaids	[]
17684323	young-adult	[27154455]
17688068	fantasy	[]
17693274	romance	[16150728]
17693477	mermaids	[]
17693718	dystopian	[]
17694148	contemporary	[]
17694259	young-adult	[]
17694495	young-adult	[22071882]
17694650	fantasy	[17797456, 29502079]
17695172	science-fiction	[]
17695410	dystopia	[16173593]
17695759	young-adult	[17665481]
17696131	young-adult	[23263328, 26341984]
17696143	young-adult	[]
17696191	angels	[]
17696600	supernatural	[]
17696943	dystopian	[17701160, 18517236]
17696977	young-adult	[]
17697452	romance	[18799238, 23581139]
17698022	short-stories	[]
17698190	new-adult	[18626330]
17699280	young-adult	[]
17699306	fantasy	[24885507, 29356073, 18104059]
17699681	young-adult	[]
17699776	young-adult	[]
17699853	fantasy	[]
17699855	cassandra-clare	[]
17699859	cassandra-clare	[]
17699903	fantasy	[]
17700264	new-adult	[18716118]
17700269	new-adult	[]
17700271	new-adult	[]
17700320	young-adult	[21073824, 24980633, 21448831, 23768216, 25452150]
17700416	young-adult	[18878278, 22292788]
17700448	young-adult	[19381122]
17700790	paranormal	[13097681, 24681154]
17701160	dystopian	[18517236]
17701166	fantasy	[17842986, 19452719, 18490838, 22675924, 20246699, 23436597, 19660697]
17701719	fantasy	[18920675]
17702165	m-m	[]
17702258	young-adult	[12700790]
17702716	young-adult	[18757458, 20758103]
17702723	young-adult	[20758105, 18814304]
17703335	dystopian	[]
17703434	fantasy	[]
17704154	dystopian	[17848162, 18089977, 22713044]
17704914	young-adult	[19452645]
17705077	dystopian	[17997967, 18044440, 23783807]
17705731	new-adult	[]
17705912	steampunk	[]
17706088	young-adult	[]
17706540	young-adult	[]
17707115	young-adult	[]
17708622	fantasy	[21792969]
17713601	time-travel	[29226191, 19011850]
17715409	young-adult	[18868012]
17719357	young-adult	[20096054]
17724228	dystopian	[]
17724867	lgbt	[]
17725120	young-adult	[]
17725846	young-adult	[]
17726564	young-adult	[20407391]
17726599	netgalley	[]
17726782	fantasy	[18127772]
17728450	fantasy	[]
17728652	fantasy	[18048665, 17899356]
17729104	young-adult	[22559985, 23597691, 17797357]
17729607	contemporary	[21547358]
17730088	fantasy	[18621194, 22009555, 22034981, 22613044, 22389386, 22860122, 22521580]
17730303	dystopian	[17314615]
17730485	erotica	[18284883]
17730519	fantasy	[]
17730715	werewolves	[]
17730887	first-reads	[17730936]
17730936	first-reads	[]
17731031	young-adult	[]
17731189	leidos	[23980253]
17731698	dystopian	[]
17731769	young-adult	[12910262]
17731788	young-adult	[]
17731824	young-adult	[17855160, 19008362, 20347173]
17731926	young-adult	[]
17732260	dystopia	[]
17732931	young-adult	[]
17733123	young-adult	[17162405]
17733311	dystopia	[22048837, 18781203]
17733351	young-adult	[18640740]
17733363	young-adult	[]
17734876	reverse-harem	[]
17735111	young-adult	[19081600, 22084431, 22911350]
17735133	young-adult	[]
17735137	young-adult	[]
17735142	young-adult	[]
17735143	young-adult	[]
17736277	fantasy	[]
17736280	fantasy	[]
17736384	young-adult	[]
17736795	young-adult	[17383543, 18710464, 18710654, 19542808, 20910326, 21443484, 22038278, 22019444, 18713720, 18960669, 21143500, 18267158]
17737994	young-adult	[]
17738424	young-adult	[17823780]
17739850	fantasy	[]
17742818	young-adult	[]
17742851	dystopian	[20256696, 18807846]
17742979	dragons	[18003683]
17745703	fantasy	[17745735, 19502459]
17745735	fantasy	[19502459]
17746969	dystopian	[17679367]
17747255	dystopian	[]
17756508	horror	[]
17756559	fantasy	[29489519, 18077886, 20947360, 21469136, 28004076, 30843039, 19415228]
17759067	young-adult	[]
17762110	young-adult	[]
17780218	young-adult	[]
17780497	fantasy	[]
17784128	fantasy	[]
17785987	fantasy	[18186784]
17787966	steampunk	[]
17787967	fantasy	[]
17788261	young-adult	[23344752]
17788681	young-adult	[23390493, 23210078, 23783930]
17789087	sci-fi	[]
17789688	fantasy	[]
17790188	fantasy	[17997488]
17790216	short-stories	[]
17790217	fantasy	[]
17790234	2014-release	[18310322, 20707669]
17790238	fantasy	[]
17790500	young-adult	[18009588]
17790521	fantasy	[]
17791186	young-adult	[19263535]
17791353	young-adult	[16135109, 22063916, 18668057, 22673819]
17791629	fantasy	[17834436, 19472183]
17792271	young-adult	[18489394]
17792514	young-adult	[18090051, 30653472]
17792558	first-reads	[]
17792614	young-adult	[]
17792632	new-adult	[]
17792641	not-out-yet	[]
17793080	fantasy	[18460869]
17794624	fantasy	[]
17794657	young-adult	[]
17794830	dystopian	[16702662, 25692844]
17795668	fantasy	[15815401]
17795779	zombies	[]
17796289	young-adult	[]
17796358	fantasy	[21171882]
17796671	romance	[]
17796899	young-adult	[20604155, 19213071]
17797268	fantasy	[18517794]
17797357	young-adult	[]
17797363	young-adult	[]
17797456	fantasy	[29502079]
17797457	young-adult	[25898833]
17797635	young-adult	[18910371]
17797669	young-adult	[21239555, 19688379]
17797686	romance	[20338988]
17797999	fantasy	[20349117]
17798031	dystopian	[]
17798488	young-adult	[]
17798679	young-adult	[29612976, 35684527, 18834651]
17798991	young-adult	[]
17800756	dystopian	[]
17801290	romance	[]
17801319	young-adult	[11849067, 13069060]
17803081	young-adult	[]
17803083	young-adult	[]
17803084	young-adult	[]
17805813	young-adult	[]
17814016	young-adult	[17382398]
17817631	young-adult	[17970384, 17870100, 21020525]
17819834	science-fiction	[]
17820485	romance	[]
17823780	young-adult	[]
17824622	young-adult	[22923359, 19321427]
17825113	young-adult	[23719452]
17825118	young-adult	[17798488]
17825130	young-adult	[20256737, 22838301]
17825750	fantasy	[22535398]
17825938	romance	[16111877]
17826175	young-adult	[15115644]
17826182	romance	[18807019]
17827513	netgalley	[]
17828413	steampunk	[18881676]
17828466	young-adult	[]
17828862	young-adult	[13316292]
17829170	mystery	[]
17829308	young-adult	[]
17829876	new-adult	[]
17830255	young-adult	[]
17830325	young-adult	[18902019]
17831260	fantasy	[]
17831275	young-adult	[22372184]
17831374	young-adult	[]
17831934	dystopian	[17934393]
17832120	paranormal	[]
17832692	young-adult	[]
17833157	fantasy	[]
17833223	young-adult	[]
17833284	science-fiction	[18143898]
17834120	mystery	[20687064]
17834296	young-adult	[17286888]
17834436	fantasy	[19472183]
17835592	m-m	[18277761, 19219801]
17837453	young-adult	[26175544]
17838197	young-adult	[17733123, 17162405]
17838215	young-adult	[]
17838475	young-adult	[18666898, 18599792]
17838490	young-adult	[]
17838528	contemporary	[]
17838538	young-adult	[21888231]
17838693	science-fiction	[]
17838814	fantasy	[]
17839155	blue-jeans	[]
17839187	young-adult	[]
17839432	young-adult	[20620652, 30337935, 20706588]
17839435	zombies	[]
17839694	supernatural	[]
17839818	young-adult	[20453411]
17839881	young-adult	[17453983, 18741152, 23525495, 24745488, 26804443, 9754815, 19508953, 22172497]
17840393	fantasy	[20893458, 22633620, 22922172, 23780474, 15850937]
17840411	romance	[13539769]
17840796	young-adult	[]
17840836	romance	[]
17841264	dystopian	[]
17841328	young-adult	[]
17842986	fantasy	[19452719, 18490838, 22675924, 20246699, 23436597, 19660697]
17843741	netgalley	[]
17844049	young-adult	[11771994]
17845806	angels	[18816985]
17846094	young-adult	[13180484, 16074751, 25363756]
17846767	young-adult	[]
17847076	dystopian	[]
17847318	horror	[21464106, 25263927]
17847678	middle-grade	[]
17848162	dystopian	[18089977, 22713044]
17849185	young-adult	[]
17851860	young-adult	[17830325, 18902019]
17852198	young-adult	[]
17852259	short-stories	[]
17852527	arc	[]
17852640	fantasy	[20347209]
17852641	young-adult	[17605730]
17852690	young-adult	[23717252]
17852849	romance	[]
17853362	zombies	[17196481, 18046583]
17853379	fantasy	[18139931, 24732043, 26798985]
17853389	fantasy	[]
17853481	sub	[]
17853487	sub	[]
17854360	romance	[30198566]
17855160	young-adult	[19008362, 20347173]
17855388	young-adult	[]
17855737	fantasy	[25365390]
17855805	young-adult	[]
17855997	young-adult	[]
17856436	dystopian	[]
17858051	young-adult	[11510910, 13612861, 16006152, 15758139, 16156370, 13455782]
17858948	young-adult	[16248025, 18400482]
17860154	dystopian	[17408673, 18172260]
17860199	young-adult	[18073745]
17860222	young-adult	[]
17860296	mystery	[]
17860324	young-adult	[]
17860621	vampire-diaries	[18759885, 22741183]
17860671	young-adult	[12305365]
17860840	fantasy	[]
17860841	fantasy	[23708560]
17865336	romance	[16173484, 22892464]
17866680	young-adult	[]
17866941	first-reads	[]
17867096	dystopian	[]
17869397	young-adult	[19520993, 22268507]
17870100	young-adult	[21020525]
17873710	romance	[20750327]
17873797	young-adult	[18085525, 21803253]
17874266	young-adult	[22584517, 18909647, 23310156, 27259133, 25194131, 24924155]
17874267	young-adult	[17428644, 19083030, 23269790, 23731166]
17874773	cassandra-clare	[]
17874788	cassandra-clare	[]
17874904	dystopian	[]
17874979	young-adult	[17280573]
17875055	young-adult	[21888233, 22613466]
17875224	young-adult	[19499756]
17875307	young-adult	[30527437, 19491618]
17875839	young-adult	[17904967, 18161241, 15826663, 18295825]
17876011	young-adult	[]
17876856	new-adult	[18619593]
17877238	fantasy	[18651928]
17877914	young-adult	[]
17878404	young-adult	[20257291]
17878423	laguna	[18455090]
17878473	young-adult	[25390965]
17878533	young-adult	[]
17878931	fantasy	[22308738, 22308716, 22369406, 23623862, 25504618, 22369418, 25796670, 29243438, 22706899, 22328558]
17880101	contemporary	[25459574]
17880145	distopici	[18743166, 21896811]
17880357	young-adult	[18597708, 18637478]
17880478	horror	[176286]
17881057	sci-fi	[17789087]
17881310	bdsm	[]
17881387	young-adult	[25739749, 20343460, 21424813, 23213031]
17881862	time-travel	[18928853, 29289048]
17883410	time-travel	[]
17883441	vampires	[20917191, 20929541, 23345839, 30120666]
17883553	new-adult	[22061830]
17883659	fantasy	[]
17884078	science-fiction	[]
17884102	young-adult	[17457717]
17884103	fantasy	[17703434]
17884765	young-adult	[17286907, 12275873]
17884937	young-adult	[23569076]
17885128	house-of-night	[21793221, 18739887]
17885247	young-adult	[23564763, 22820998]
17886185	fantasy	[15801198, 15801396]
17886200	young-adult	[13436345]
17886233	superhero	[]
17887123	young-adult	[25903354]
17887282	young-adult	[]
17887631	fantasy	[20419044, 23282679, 23739458]
17888623	netgalley	[]
17893078	fantasy	[25785671]
17894440	young-adult	[21434730, 25878229]
17898516	dystopian	[16007911]
17898654	romance	[]
17899336	young-adult	[17065704, 17902501, 18279202, 17874266, 22584517, 18909647, 23310156, 27259133, 25194131, 24924155]
17899346	young-adult	[]
17899356	fantasy	[]
17899357	young-adult	[]
17899364	young-adult	[25774072]
17899633	young-adult	[]
17899647	fantasy	[19229767, 19023737]
17899664	dystopia	[24752904, 28673198, 19673266]
17899846	young-adult	[17573557, 18952231, 18402201, 19448434, 29620468]
17899904	young-adult	[17736795, 17383543, 18710464, 18710654, 19542808, 20910326, 21443484, 22038278, 22019444, 18713720, 18960669, 21143500, 18267158]
17900119	steampunk	[18051083]
17900135	romance	[]
17900454	need-to-buy	[18523878, 18523886, 19195091]
17900590	young-adult	[]
17900639	young-adult	[]
17901410	dystopian	[18667841, 22015022, 23378962]
17901509	young-adult	[]
17902121	dystopian	[18751082, 18329857]
17902501	young-adult	[18279202, 17874266, 22584517, 18909647, 23310156, 27259133, 25194131, 24924155]
17903004	zombies	[23594872]
17903116	netgalley	[]
17903381	diary-ng-panget	[]
17904246	fantasy	[18206770, 14759651, 17343391, 17620267, 18271130, 20518884]
17904454	fantasy	[172257, 23890740]
17904572	paranormal	[18078556, 19194273]
17904730	young-adult	[20323393]
17904967	young-adult	[18161241, 15826663, 18295825]
17904985	fantasy	[21051615, 22108738]
17905330	young-adult	[]
17905353	young-adult	[]
17905355	vampires	[17910131, 25892305]
17905433	romance	[]
17905775	catholic-fiction	[]
17906008	young-adult	[]
17906767	young-adult	[18909286]
17907453	romance	[15851734]
17909829	young-adult	[]
17909935	young-adult	[]
17910035	young-adult	[]
17910038	fantasy	[17910056]
17910056	fantasy	[]
17910062	time-travel	[18942607, 22320214]
17910064	dystopian	[]
17910083	fantasy	[]
17910090	young-adult	[]
17910091	young-adult	[]
17910097	young-adult	[]
17910131	vampires	[25892305]
17910172	young-adult	[]
17910215	fantasy	[18622306]
17910402	young-adult	[]
17910836	fantasy	[23365221]
17910957	fantasy	[18211690, 18873235]
17911033	young-adult	[]
17911042	young-adult	[18453088, 33010337]
17913295	young-adult	[]
17913487	young-adult	[19221817]
17914228	young-adult	[17936377, 28523877]
17914326	romance	[]
17915241	young-adult	[18895491, 22023638]
17916100	romance	[]
17916291	young-adult	[18814202]
17925081	dystopian	[18337328, 21853985]
17925085	young-adult	[]
17925175	young-adult	[18135314]
17925212	chicklit	[]
17925344	fantasy	[]
17925486	young-adult	[17196520]
17925504	sub	[]
17925677	young-adult	[20495438]
17925992	young-adult	[25097522, 25447921]
17926273	dystopian	[24703961, 18815693]
17926802	short-stories	[]
17926807	short-stories	[]
17926935	fantasy	[]
17927174	young-adult	[16131055, 17911042, 18453088, 33010337]
17927861	fantasy	[19549841, 16054806, 23832047, 19579777]
17928026	romance	[18867491]
17928147	young-adult	[31940742, 30687805, 28437362]
17928170	fantasy	[25029108]
17928184	fantasy	[22444677, 22323658, 25404882]
17928233	young-adult	[21921030, 28505844]
17928815	fantasy	[]
17928853	young-adult	[9855298]
17928881	dystopian	[]
17928942	young-adult	[]
17929102	dystopian	[20444477]
17929126	romance	[17336334]
17929785	first-reads	[]
17929925	young-adult	[]
17930217	fantasy	[18779237]
17930465	fantasy	[26175968, 27468538, 26150650, 9460487]
17930904	fantasy	[33258356]
17931330	young-adult	[17929925]
17931425	dystopian	[23128456, 23149561, 21413814, 24973415, 18808853]
17932303	young-adult	[22059784]
17932393	fantasy	[17934403]
17932692	dystopian	[18621570, 18682064, 18492470, 23461868]
17932971	young-adult	[883066, 1165115, 201905, 13609248]
17933160	young-adult	[18509672]
17933273	tenho	[]
17933739	young-adult	[]
17934215	young-adult	[23399202]
17934393	dystopian	[]
17934403	fantasy	[]
17934467	young-adult	[]
17934493	young-adult	[15840891]
17934520	young-adult	[18952344]
17934525	mystery	[]
17934771	alex-rider	[17465455]
17935676	v-c-andrews	[]
17935740	romance	[17697452, 18799238, 23581139]
17936377	young-adult	[28523877]
17936738	young-adult	[18661690]
17937193	fantasy	[18162694]
17938081	young-adult	[15723152, 18295830, 18917374]
17939303	young-adult	[18128307]
17944659	fantasy	[]
17946249	young-adult	[19199559]
17946946	mermaids	[17184560, 25459663]
17948607	young-adult	[13260666, 18143711, 22546087, 25825932, 30290110, 36353058]
17949499	fantasy	[18777374, 18661775, 18300072, 25662401, 18486478, 21972742, 24201318, 24885506, 31946400]
17950202	reviews	[]
17950614	young-adult	[20782933, 20759495, 20535329, 22302682]
17951133	young-adult	[17655739]
17951458	young-adult	[]
17969565	romance	[]
17969786	fantasy	[8618207, 601719]
17970384	young-adult	[17870100, 21020525]
17970485	romance	[19390926]
17971349	romance	[]
17972283	fantasy	[]
17972312	romance	[]
17972807	fantasy	[]
17973914	science-fiction	[]
17973921	science-fiction	[17973914]
17974387	vampires	[]
17974613	freebies	[22494146]
17974786	young-adult	[]
17974828	dystopian	[]
17975812	mythology	[18501791]
17976548	young-adult	[19168811]
17976672	young-adult	[18749344]
17977068	romance	[18721038, 18779059, 22443964, 23010889, 24316923]
17978101	young-adult	[17978158]
17978112	dystopian	[17874904]
17978132	young-adult	[15697915, 19302585, 20654888]
17978158	young-adult	[]
17978160	young-adult	[]
17978480	young-adult	[21894356, 23206131]
17978481	young-adult	[17978480, 21894356, 23206131]
17978488	young-adult	[21130121]
17978510	young-adult	[25346611]
17979274	music	[]
17980174	young-adult	[]
17980526	entered-to-win	[]
17981399	realistic-fiction	[]
17981400	fantasy	[]
17982809	young-adult	[18759170]
17982821	young-adult	[22849277, 23629060, 18918102, 11802865]
17984141	fantasy	[23354036, 28247706, 29281476, 29561711, 30110234, 24611432]
17984481	young-adult	[13495067]
17984513	steampunk	[]
17985757	young-adult	[17913487, 19221817]
17986040	sci-fi	[]
17987415	young-adult	[17574870]
17987499	young-adult	[]
17988263	young-adult	[]
17990784	young-adult	[]
17992802	young-adult	[18846213]
17995764	fantasy	[18916003]
17997039	young-adult	[]
17997335	dystopian	[18247063, 20524085, 25747431]
17997353	fantasy	[]
17997488	fantasy	[]
17997967	dystopian	[18044440, 23783807]
17998392	need	[]
17999091	fantasy	[23280186, 29934863]
17999135	young-adult	[18079755, 18104736]
17999143	mystery	[25690076, 28691938]
17999391	young-adult	[]
17999605	mythology	[16098340]
17999618	young-adult	[16719727, 22052170, 23474057]
17999839	steampunk	[23434432, 15723286, 23289273, 20439048]
18000548	young-adult	[]
18001489	young-adult	[18635031]
18001518	fantasy	[18244506, 22729350, 23731820]
18001649	contemporary	[]
18001652	vampires	[]
18002184	young-adult	[18686210, 21802639]
18002250	fantasy	[]
18002659	romance	[]
18002770	house-of-night	[13371258, 13539201, 16053929, 17621273]
18003683	dragons	[]
18003878	young-adult	[]
18004534	vampire-diaries	[20889360, 25727991]
18004791	young-adult	[23814158]
18005274	young-adult	[]
18005276	young-adult	[27215961, 20969700]
18005734	young-adult	[]
18006233	fantasy	[16127969]
18006247	dystopian	[]
18006320	paranormal	[]
18006496	fantasy	[23848145, 25071003, 26055409, 24999714, 28260585]
18006642	young-adult	[18476695]
18006710	dystopian	[18483675]
18007081	fantasy	[19198253]
18007632	fantasy	[22318570]
18007880	young-adult	[18818721]
18008813	young-adult	[15990688, 18183136, 20636715, 9841693]
18009588	young-adult	[]
18009950	young-adult	[]
18012218	mythology	[]
18012679	mystery	[]
18012909	fantasy	[]
18018509	young-adult	[18594359]
18038211	dystopian	[]
18038294	zombies	[]
18038505	fantasy	[]
18038759	young-adult	[]
18038860	paranormal	[]
18039072	fantasy	[20320441]
18039168	paranormal	[21955187]
18039177	fantasy	[22045954, 20257177, 19189768]
18040275	fantasy	[]
18040360	fantasy	[19345602]
18040398	romance	[17299817, 18489081, 23264900, 22358760]
18041321	sci-fi	[]
18041639	young-adult	[18745380]
18041969	young-adult	[22320457]
18042057	fantasy	[]
18042393	young-adult	[18594391, 18594443]
18043192	paranormal	[18388385]
18043539	fantasy	[34812223]
18043557	paranormal	[]
18043759	romance	[]
18043861	paranormal	[16078270]
18044116	young-adult	[18517479, 17873797, 18085525, 21803253]
18044277	young-adult	[]
18044440	dystopian	[23783807]
18044868	fantasy	[]
18045583	young-adult	[18667832, 22837969]
18046084	young-adult	[25710583]
18046135	young-adult	[18872814]
18046288	fantasy	[]
18046358	young-adult	[18068100, 17927174, 16131055, 17911042, 18453088, 33010337]
18046383	fantasy	[]
18046385	dystopian	[]
18046583	zombies	[]
18046743	young-adult	[]
18046744	netgalley	[18767275, 19428763]
18046764	fantasy	[22582344, 18936816]
18046804	fantasy	[16045037, 16066827, 17932393, 17934403]
18046859	fantasy	[12358349]
18047974	young-adult	[14680735]
18048152	young-adult	[]
18048591	vampires	[15748960]
18048665	fantasy	[17899356]
18048734	young-adult	[]
18048961	steampunk	[]
18048996	young-adult	[]
18049084	young-adult	[]
18049930	pregnancy	[]
18050015	young-adult	[]
18050018	dystopian	[18464632]
18050390	fantasy	[23295974]
18050560	dystopian	[]
18050728	young-adult	[20454051, 25890712]
18051083	steampunk	[]
18051088	steampunk	[]
18051181	young-adult	[18051185]
18051183	fantasy	[]
18051185	young-adult	[]
18051224	young-adult	[]
18051226	young-adult	[18048734]
18051342	young-adult	[25464140]
18051352	realistic-fiction	[21028311, 22558034, 22323015, 21936986, 15749186, 25131427, 21887396, 29542555, 31823927, 32945382]
18051387	netgalley	[20641763]
18051965	mythology	[22075322, 26882346]
18052136	young-adult	[]
18052205	fantasy	[33139597]
18052596	young-adult	[13560086, 16145531, 17796899, 20604155, 19213071]
18052845	fantasy	[17825750, 22535398]
18052846	dystopian	[18071739, 16108412, 25035979, 26254124]
18052849	young-adult	[22960598]
18052853	dystopian	[22393948, 20612051, 20829565, 22722814, 21920669, 23802202]
18052874	young-adult	[22635831]
18052875	young-adult	[]
18052877	dystopia	[]
18052886	dystopian	[]
18052934	mystery	[19420188]
18052974	young-adult	[22206698, 29097766]
18052997	young-adult	[]
18053033	dystopia	[]
18053060	young-adult	[18667059, 20483113, 22693203]
18053086	young-adult	[]
18053087	young-adult	[]
18053128	young-adult	[17925085]
18053135	dystopian	[18735912, 18052853, 22393948, 20612051, 20829565, 22722814, 21920669, 23802202]
18053140	young-adult	[23665932]
18053143	young-adult	[]
18053185	dystopian	[]
18053409	first-reads	[]
18053685	romance	[17299819, 22358846, 26615686, 27153891]
18053984	fantasy	[]
18054017	young-adult	[26054568]
18054085	fantasy	[25441250, 27396822, 25672071, 30529749]
18056090	young-adult	[]
18058211	steampunk	[24873664, 22521591]
18061635	romance	[]
18061791	time-travel	[18062090]
18062090	time-travel	[]
18065780	young-adult	[18302516, 23460954]
18067050	young-adult	[]
18067878	fantasy	[]
18067887	young-adult	[]
18068100	young-adult	[17927174, 16131055, 17911042, 18453088, 33010337]
18068464	dystopian	[20647319, 22371868, 22608435]
18068475	new-adult	[]
18068907	fantasy	[]
18069079	werewolves	[17656636]
18069207	young-adult	[19234711, 25568631, 25619751, 32672150]
18070212	new-adult	[14288319]
18070553	young-adult	[]
18070688	james-patterson	[18660977, 21920943]
18070900	dystopian	[]
18071043	ebooks	[12888990]
18071739	dystopian	[16108412, 25035979, 26254124]
18072608	vampires	[15747074]
18072618	vampires	[]
18072782	romance	[]
18072802	paranormal	[]
18073008	thriller	[]
18073159	angels	[]
18073745	young-adult	[]
18073816	estanteria	[]
18073957	young-adult	[]
18074024	dystopian	[15779886, 15779893, 33107825]
18074035	steampunk	[]
18074647	young-adult	[]
18074753	vampires	[]
18075234	young-adult	[]
18075692	young-adult	[]
18076183	fantasy	[]
18076780	young-adult	[18076821, 18468184, 22053410, 22546115]
18076821	young-adult	[18468184, 22053410, 22546115]
18076883	fantasy	[]
18077840	young-adult	[23388663, 25719310]
18077849	young-adult	[18490835, 20872989]
18077886	fantasy	[20947360, 21469136, 28004076, 30843039, 19415228]
18077928	arc	[22748022, 20911660]
18078033	young-adult	[]
18078556	paranormal	[19194273]
18078603	young-adult	[1142899]
18079521	fantasy	[]
18079527	young-adult	[]
18079675	young-adult	[18273400, 21394573]
18079680	fantasy	[18371364]
18079719	young-adult	[]
18079755	young-adult	[18104736]
18079784	young-adult	[]
18079804	fantasy	[17730088, 18621194, 22009555, 22034981, 22613044, 22389386, 22860122, 22521580]
18079910	young-adult	[12029011, 7541858, 6999776, 6820997, 9782708, 9692831, 9025186, 16074780, 24885537, 26542880, 29356081]
18080011	mystery	[20300225]
18080500	romance	[]
18080504	young-adult	[]
18080920	young-adult	[18334544]
18080921	young-adult	[18606911]
18080922	young-adult	[]
18080923	young-adult	[18668484]
18080983	mythology	[18750326]
18081020	fantasy	[]
18081228	fantasy	[25816999]
18081374	young-adult	[16008688, 20770646]
18085096	fantasy	[18680747]
18085414	werewolves	[]
18085525	young-adult	[21803253]
18085695	horror	[]
18086403	young-adult	[33249079, 13722513]
18086534	fantasy	[]
18086862	young-adult	[]
18088110	new-adult	[]
18089940	young-adult	[24235271]
18089961	young-adult	[]
18089962	fantasy	[18209344, 19041032, 18052845, 17825750, 22535398]
18089966	dystopian	[]
18089977	dystopian	[22713044]
18089982	fantasy	[]
18089999	young-adult	[18114926, 18052874, 22635831]
18090000	young-adult	[25320996]
18090009	dystopian	[18052886]
18090051	young-adult	[30653472]
18090113	dystopia	[18053033]
18096111	m-m	[]
18098004	dystopian	[19938038]
18104059	fantasy	[]
18104128	fantasy	[]
18104152	new-adult	[]
18104285	paranormal	[18625899]
18104736	young-adult	[]
18104748	zombies	[25778505, 26210016]
18105377	m-m	[]
18105451	fantasy	[18404096, 22537729, 24059777, 24502546]
18106318	fantasy	[22693181]
18106467	young-adult	[17696977]
18106897	young-adult	[]
18106985	fantasy	[20525618, 20555453]
18107213	young-adult	[]
18107791	young-adult	[7316440, 7316441, 9020144]
18108276	young-adult	[22521588]
18108363	zombies	[]
18108556	young-adult	[17409745]
18108571	dystopian	[18052846, 18071739, 16108412, 25035979, 26254124]
18108617	young-adult	[22839900]
18108680	fantasy	[]
18108714	not-released-yet	[]
18108877	time-travel	[18061791, 18062090]
18108978	fantasy	[15700479]
18109740	dystopian	[]
18110076	young-adult	[]
18110531	young-adult	[]
18110808	romance	[18892770]
18110899	fantasy	[19466533, 22583003]
18111627	young-adult	[22069492]
18111770	young-adult	[18937911, 25393906, 18889299]
18112776	netgalley	[29901879]
18112934	young-adult	[]
18114384	young-adult	[22825384]
18114594	young-adult	[20935089]
18114638	young-adult	[26111537, 19608816]
18114909	young-adult	[18052997]
18114926	young-adult	[18052874, 22635831]
18114990	young-adult	[23947194, 17887282]
18115187	young-adult	[22928735, 24830401]
18115204	dystopian	[17402117, 18068464, 20647319, 22371868, 22608435]
18121036	young-adult	[14062069]
18126198	dystopia	[19501684, 22698051, 22738044, 23400365, 24514980, 18606526, 22702886, 25367304, 22021811, 20559162]
18126322	paranormal	[19721475, 21964105]
18126905	dystopian	[]
18127772	fantasy	[]
18127920	young-adult	[13450088]
18128307	young-adult	[]
18129111	young-adult	[18927714]
18129411	fantasy	[18242838]
18130928	young-adult	[20878979, 22573508]
18131586	tara-brown	[25647018]
18131945	realistic-fiction	[21529297, 17571752, 15801353, 22596018, 30304769, 35126335, 19924185]
18131975	paranormal-romance	[]
18132143	young-adult	[18911809]
18132530	fantasy	[]
18132908	dystopian	[18923056, 23787028]
18132923	fantasy	[23723793, 25114442]
18132925	fantasy	[23490430, 25173142]
18134013	young-adult	[20762259]
18134015	young-adult	[23492281, 24764073]
18134519	young-adult	[20620100, 23942249]
18134724	new-adult	[]
18134967	young-adult	[]
18135314	young-adult	[]
18135513	fantasy	[]
18135881	fantasy	[]
18137007	young-adult	[18295899]
18138154	young-adult	[18289237]
18138213	dystopian	[17286883]
18138215	science-fiction	[]
18139079	romance	[19520256]
18139931	fantasy	[24732043, 26798985]
18140047	contemporary	[]
18140842	young-adult	[18712520, 23315755]
18141631	fantasy	[]
18141955	romance	[]
18142117	fantasy	[15715877]
18142560	fantasy	[18285538]
18142561	young-adult	[]
18142578	contemporary	[18754861]
18142632	young-adult	[17332969, 17370280, 33148544, 17333673, 19161855, 18196033, 22021725, 25932917, 25824455]
18142657	young-adult	[18142750]
18142750	young-adult	[]
18143003	superpowers	[]
18143711	young-adult	[22546087, 25825932, 30290110, 36353058]
18143898	science-fiction	[]
18143994	young-adult	[18596472, 20385636]
18144279	romance	[18816602]
18145277	dystopian	[]
18145491	fantasy	[]
18146250	dystopian	[]
18148554	christian	[20007654]
18152063	young-adult	[20894022]
18157069	young-adult	[25647596, 34504693, 22096222]
18158189	young-adult	[]
18159085	young-adult	[17372641]
18159827	young-adult	[17286891]
18159995	fantasy	[23251878]
18160148	young-adult	[]
18160156	fantasy	[22095339, 20697424, 18817075]
18160600	young-adult	[22873037, 26074113]
18160774	young-adult	[23265671, 23594683]
18161241	young-adult	[15826663, 18295825]
18161437	mermaids	[23597353]
18161523	fantasy	[23352424, 23529156, 25226192, 25858039, 23179355]
18162014	fantasy	[]
18162472	fantasy	[22622580, 28234308]
18162694	fantasy	[]
18162700	fantasy	[]
18163646	young-adult	[]
18163848	vampires	[3770158, 11440584]
18164241	young-adult	[17182132, 17901509]
18164365	demons	[]
18164491	dystopia	[18881194]
18165962	dystopian	[]
18166936	young-adult	[]
18167857	new-adult	[]
18168211	fantasy	[18992088]
18168264	vampires	[]
18168636	fantasy	[14624979]
18168637	young-adult	[]
18169909	young-adult	[]
18170039	young-adult	[23636761]
18170521	romance	[]
18171236	new-adult	[17252845, 18815197]
18171853	diary-ng-panget	[]
18171874	young-adult	[]
18172260	dystopian	[]
18172372	young-adult	[]
18172471	young-adult	[18240440, 21547855, 23209437, 23291620, 25166806]
18172551	new-adult	[20574524, 29839527]
18176597	young-adult	[12392141]
18177181	paranormal	[]
18177749	young-adult	[]
18179058	fantasy	[]
18179619	paranormal	[18072802]
18183136	young-adult	[20636715, 9841693]
18186704	james-potter	[28443585]
18186784	fantasy	[]
18187013	lgbt	[18743272, 29810293]
18189461	young-adult	[]
18189606	contemporary	[]
18189614	young-adult	[]
18189805	young-adult	[18596600]
18190208	fantasy	[23703190, 24886378, 26797154, 27819897, 26245063]
18190302	fantasy	[22456224, 7848832, 7848833, 2167829]
18190548	steampunk	[18839866]
18190807	young-adult	[18052974, 22206698, 29097766]
18191070	paranormal	[18126322, 19721475, 21964105]
18191619	young-adult	[17909829]
18192460	young-adult	[]
18192612	young-adult	[]
18192947	fantasy	[17672483]
18192953	fantasy	[]
18192966	young-adult	[17831374]
18192973	dystopian	[]
18194523	vampires	[7635404]
18194538	vampires	[]
18196033	young-adult	[22021725, 25932917, 25824455]
18196040	young-adult	[]
18196232	fantasy	[]
18196375	fantasy	[]
18196427	zombies	[34854400]
18196580	new-adult	[]
18196600	young-adult	[18902640]
18196614	young-adult	[21466228, 22342096, 18000548]
18197223	young-adult	[]
18197576	young-adult	[22011614, 24532910, 22535384]
18198991	dystopian	[18775523]
18202141	dystopian	[]
18206288	romance	[19040969]
18206770	fantasy	[14759651, 17343391, 17620267, 18271130, 20518884]
18207105	young-adult	[20701277]
18209344	fantasy	[19041032, 18052845, 17825750, 22535398]
18209395	science-fiction	[21936152]
18209419	young-adult	[]
18209547	netgalley	[]
18209604	romance	[]
18209865	young-adult	[20967388]
18211066	mythology	[31213374]
18211324	young-adult	[]
18211497	vampires	[]
18211690	fantasy	[18873235]
18211884	angels	[29615839, 21112814]
18212314	young-adult	[]
18212668	m-m	[]
18212670	romance	[]
18212914	young-adult	[19106765]
18214181	fantasy	[]
18214192	contemporary-romance	[]
18214198	romance	[22881255, 22910973]
18214496	young-adult	[11830312]
18214918	fantasy	[19383634]
18215029	dystopia	[]
18215033	paranormal	[18916768]
18215086	young-adult	[18525654, 23784807, 21273511]
18215290	vampires	[]
18215359	novellas	[]
18215998	young-adult	[18744678, 20982535, 18812511, 22029728]
18216140	fantasy	[]
18216287	young-adult	[18525248, 33226020]
18216396	fantasy	[19181299]
18216608	young-adult	[]
18216787	m-m	[]
18216844	romance	[]
18217960	fantasy	[]
18217989	zombies	[]
18218575	young-adult	[]
18219079	angels	[]
18221337	fantasy	[]
18221588	young-adult	[21013383]
18222170	fantasy	[]
18222541	young-adult	[]
18222545	fantasy	[20929907, 22571273]
18222699	dystopian	[22654589, 23719249, 22719259, 30264807]
18222724	poetry	[]
18222891	young-adult	[]
18224312	young-adult	[18006642, 18476695]
18226316	young-adult	[]
18226997	new-adult	[]
18230674	young-adult	[]
18231278	horror	[]
18231798	young-adult	[]
18231847	young-adult	[]
18232217	young-adult	[1326258]
18233795	young-adult	[17206499, 18928780]
18233837	dystopian	[25863938]
18239142	fantasy	[]
18240235	fantasy	[]
18240440	young-adult	[21547855, 23209437, 23291620, 25166806]
18240475	dystopian	[17932692, 18621570, 18682064, 18492470, 23461868]
18240996	romance	[25006641]
18241263	horror	[]
18241299	young-adult	[]
18241346	fantasy	[]
18241520	zombies	[]
18241610	james-patterson	[]
18241651	dystopian	[13412377, 19182233]
18242614	fantasy	[18868398, 31279166]
18242838	fantasy	[]
18242889	science-fiction	[20739555]
18242896	young-adult	[]
18243325	young-adult	[]
18243700	fantasy	[18594430, 18315788, 22529351, 32715248, 33174801, 20416427]
18243852	young-adult	[]
18244205	young-adult	[18635144, 18089940, 24235271]
18244295	young-adult	[18401106]
18244506	fantasy	[22729350, 23731820]
18244599	young-adult	[]
18244846	menage	[]
18244931	young-adult	[13414132, 20380287]
18245056	romance	[]
18246254	steampunk	[20700286]
18246687	dystopian	[]
18247063	dystopian	[20524085, 25747431]
18247324	vampires	[]
18248345	dystopian	[18198991, 18775523]
18248364	time-travel	[22582361]
18248757	steampunk	[19541871, 25450931, 19448543, 25697595]
18248834	steampunk	[]
18248933	young-adult	[]
18249082	young-adult	[26074110]
18249114	young-adult	[20799926, 24393880]
18249272	sci-fi	[]
18249281	young-adult	[23226421, 23359151, 23592228, 24727210, 25660831, 25194192, 19891041]
18249621	paranormal	[]
18249657	young-adult	[18050015]
18259533	paranormal	[11783931]
18259724	dystopian	[16290046, 21854629]
18263725	poetry	[18222724]
18264342	fantasy	[18290752]
18266202	young-adult	[22845459]
18267158	young-adult	[]
18269365	young-adult	[]
18269478	fantasy	[]
18269649	young-adult	[]
18269703	steampunk	[18362856]
18270118	young-adult	[]
18270220	young-adult	[34658003, 18858577]
18270846	angels	[20300224, 24469267]
18270935	young-adult	[147866, 147869]
18271010	young-adult	[18244295, 18401106]
18271130	fantasy	[20518884]
18271239	simone-elkeles	[]
18271251	fantasy	[]
18271301	young-adult	[23256285, 24277989, 24860645, 23222516, 22849487]
18271698	young-adult	[]
18272182	young-adult	[11301989, 11395753, 18919902, 23597099, 18870676]
18273095	fantasy	[15773126]
18273116	paranormal	[18043557]
18273368	mythology	[27353499]
18273396	fantasy	[153792, 1103255]
18273400	young-adult	[21394573]
18273449	romance	[]
18273636	fantasy	[]
18274105	young-adult	[18400659]
18274270	fantasy	[18335634, 18456483, 17949499, 18777374, 18661775, 18300072, 25662401, 18486478, 21972742, 24201318, 24885506, 31946400]
18274597	dystopia	[]
18274725	young-adult	[18769639, 22029714]
18275066	young-adult	[22318571]
18275215	science-fiction	[18292964, 23467329, 31158771]
18275638	young-adult	[]
18276400	romance	[15851732]
18276437	zombies	[18295832]
18277355	ukya	[]
18277648	mythology	[]
18277656	young-adult	[17162349, 20733600, 19322262, 23438401, 29484309]
18277761	m-m	[19219801]
18277996	young-adult	[25226958]
18278952	new-adult	[23250655]
18279202	young-adult	[17874266, 22584517, 18909647, 23310156, 27259133, 25194131, 24924155]
18281878	mystery	[]
18281987	superhero	[]
18282060	fantasy	[24337842, 23310212]
18283771	dystopian	[18623312]
18284814	young-adult	[20556780, 22912942]
18284881	sci-fi	[11533728]
18284883	erotica	[]
18284908	young-adult	[13138635, 18296615, 20873160, 25491768, 27995119, 30619137]
18285538	fantasy	[]
18288055	young-adult	[]
18289237	young-adult	[]
18289483	young-adult	[23281893]
18290752	fantasy	[]
18292964	science-fiction	[23467329, 31158771]
18295805	young-adult	[18211324]
18295817	dystopian	[20518890, 25677660]
18295825	young-adult	[]
18295830	young-adult	[18917374]
18295832	zombies	[]
18295852	young-adult	[]
18295875	young-adult	[]
18295899	young-adult	[]
18295947	young-adult	[18588030, 15777586, 23435737]
18296013	young-adult	[22875372, 21395264]
18296014	young-adult	[]
18296019	young-adult	[19422822]
18296028	young-adult	[]
18296030	young-adult	[]
18296552	fantasy	[17910083]
18296615	young-adult	[20873160, 25491768, 27995119, 30619137]
18297655	young-adult	[21936800]
18298225	young-adult	[]
18298581	young-adult	[]
18299214	young-adult	[18048152]
18300072	fantasy	[25662401, 18486478, 21972742, 24201318, 24885506, 31946400]
18300210	fantasy	[22351171]
18300456	young-adult	[]
18301603	fantasy	[18490753, 27230428]
18302133	fantasy	[20454116]
18302516	young-adult	[23460954]
18302520	young-adult	[18920833]
18303850	young-adult	[]
18304322	young-adult	[24957546, 26374950]
18304662	young-adult	[17296692, 17406152, 19338181]
18306038	young-adult	[18501782]
18306322	young-adult	[19387150, 18218575]
18306402	zombies	[]
18306691	m-m	[17702165]
18307001	fantasy	[18781326]
18308240	romance	[]
18308621	steampunk	[24886346]
18308891	young-adult	[19225336]
18309634	young-adult	[20527824]
18309803	fantasy	[22009769, 20342504]
18310035	dystopian	[19195507]
18310322	2014-release	[20707669]
18315788	fantasy	[22529351, 32715248, 33174801, 20416427]
18323404	young-adult	[10193699, 23014101, 22041701, 23995302, 19064110, 23344468]
18324346	young-adult	[]
18324459	young-adult	[20613701]
18324603	fantasy	[]
18324808	young-adult	[]
18329364	young-adult	[]
18329857	dystopian	[]
18330674	young-adult	[]
18331515	m-m	[6507704]
18331717	romance	[]
18331807	romance	[18362452]
18332388	romance	[]
18332925	young-adult	[18606950, 18599666]
18333029	fantasy	[18775848, 22063856, 24885521, 21061789]
18333581	fantasy	[25978565]
18333851	young-adult	[18465419, 21787562]
18333898	romance	[]
18334540	zombies	[]
18334544	young-adult	[]
18334622	dystopia	[]
18334684	the-iron-fey	[23216572]
18335634	fantasy	[18456483, 17949499, 18777374, 18661775, 18300072, 25662401, 18486478, 21972742, 24201318, 24885506, 31946400]
18335896	young-adult	[20665621]
18336965	young-adult	[]
18336973	fantasy	[]
18337328	dystopian	[21853985]
18338816	young-adult	[]
18339146	young-adult	[18899602]
18339363	short-stories	[]
18339662	young-adult	[]
18339894	young-adult	[]
18340201	fantasy	[20384786]
18340210	young-adult	[]
18340469	dystopian	[]
18341422	young-adult	[17286729, 17332367, 25375859]
18343196	mystery	[18689796, 23309646]
18343353	diary-ng-panget	[]
18344121	dystopian	[19429169]
18344141	young-adult	[]
18346297	romance	[18914141]
18354467	steampunk	[17999839, 23434432, 15723286, 23289273, 20439048]
18357173	fairy-tales	[]
18360128	fantasy	[18619597, 18618935, 30840959, 34733250]
18361070	zombies	[17334178]
18361447	mystery	[]
18361683	young-adult	[]
18361702	dystopian	[24817353]
18361924	romance	[18596432, 22386426, 18894667]
18361934	maya-banks	[23592619, 24328398]
18362452	romance	[]
18362750	dystopian	[]
18362856	steampunk	[]
18363243	dragons	[22591993]
18363841	dystopian	[19010893]
18364539	first-reads	[18053409]
18365306	sci-fi	[18651186]
18366023	fantasy	[]
18366041	fantasy	[]
18366042	fantasy	[8949]
18367540	young-adult	[18388957]
18367686	young-adult	[]
18368227	young-adult	[]
18369644	dystopian	[18372941]
18369650	new-adult	[17610334]
18369815	young-adult	[13576202, 29794514]
18369835	young-adult	[]
18370779	young-adult	[21029365]
18371364	fantasy	[]
18371573	fantasy	[]
18371666	young-adult	[]
18371759	young-adult	[]
18372527	netgalley	[19380077]
18372941	dystopian	[]
18373875	fantasy	[1034516, 866151, 13603597, 6926861]
18374747	m-m	[]
18374994	young-adult	[18950609]
18376365	young-adult	[]
18376563	fantasy	[]
18377391	young-adult	[]
18377623	r2r	[]
18386402	young-adult	[]
18387010	young-adult	[]
18387278	young-adult	[25116857]
18388385	paranormal	[]
18388701	young-adult	[17899633]
18388957	young-adult	[]
18392459	young-adult	[]
18392495	young-adult	[]
18392499	young-adult	[]
18392767	young-adult	[19276709]
18392772	young-adult	[]
18393888	young-adult	[18189805, 18596600]
18394146	young-adult	[18396455]
18394418	young-adult	[]
18394951	paranormal	[]
18395233	fantasy	[]
18396455	young-adult	[]
18397323	young-adult	[]
18398261	sagas	[]
18398461	young-adult	[]
18399757	young-adult	[1275750]
18399897	young-adult	[]
18400178	young-adult	[13287308]
18400482	young-adult	[]
18400659	young-adult	[]
18401106	young-adult	[]
18402201	young-adult	[19448434, 29620468]
18402202	young-adult	[23396673]
18402289	young-adult	[13568345]
18402381	netgalley	[]
18403921	young-adult	[17183128, 18189614]
18403951	wattpad	[]
18404096	fantasy	[22537729, 24059777, 24502546]
18404156	young-adult	[17617629, 18761299]
18404162	young-adult	[22054463]
18404242	vampires	[26192381, 23544441]
18404416	fantasy	[]
18405531	young-adult	[7053786]
18405600	young-adult	[]
18406592	young-adult	[]
18406862	young-adult	[20527160, 21570389, 23593923, 23604415, 33016965]
18406926	young-adult	[]
18411969	reverse-harem	[17734876]
18421752	young-adult	[]
18427147	dystopia	[12976601]
18431723	mystery	[18453396, 20418179]
18431858	romance	[]
18440220	fantasy	[]
18453083	netgalley	[23676624]
18453088	young-adult	[33010337]
18453108	young-adult	[]
18453185	young-adult	[]
18453186	young-adult	[21802272]
18453187	zombies	[]
18453188	young-adult	[33644166]
18453396	mystery	[20418179]
18454323	romance	[29926484, 18966770]
18455090	laguna	[]
18456137	young-adult	[15835877, 23309707]
18456483	fantasy	[17949499, 18777374, 18661775, 18300072, 25662401, 18486478, 21972742, 24201318, 24885506, 31946400]
18456527	fantasy	[]
18456607	teenlit	[]
18456908	dystopian	[17379615]
18457324	young-adult	[1637454]
18457332	fantasy	[]
18457362	young-adult	[21943021]
18457581	dog-days	[]
18458608	dystopian	[18772812, 25627752]
18458891	fantasy	[]
18459190	horror	[22931047]
18459804	arc	[18870893, 21936187]
18459855	young-adult	[23923007, 24910547, 30130032, 28943822]
18459857	young-adult	[]
18459907	dystopian	[]
18460140	young-adult	[20570389]
18460142	young-adult	[]
18460260	dystopian	[]
18460392	contemporary	[]
18460617	mythology	[]
18460633	fantasy	[16170580, 21954462, 22610732, 18525661, 23123246, 22141040]
18460649	science-fiction	[]
18460869	fantasy	[]
18461026	young-adult	[]
18461151	fantasy	[18214918, 19383634]
18461474	new-adult	[22021627]
18461736	paranormal	[]
18461803	horror	[]
18461891	romance	[]
18462559	dystopian	[]
18462567	paranormal	[18177181]
18463652	fantasy	[7852774, 19616454, 22096570]
18463661	fantasy	[22456292, 7941797]
18464510	fairy-tales	[19034259]
18464598	young-adult	[]
18464632	dystopian	[]
18465419	young-adult	[21787562]
18466065	young-adult	[23617512, 34604601]
18466571	young-adult	[16166772]
18466765	paranormal	[]
18467196	diary-ng-panget	[]
18467531	young-adult	[]
18467731	young-adult	[18879198]
18468184	young-adult	[22053410, 22546115]
18469077	mermaids	[]
18469570	dystopian	[]
18469705	fantasy	[20454572]
18470187	fantasy	[1995100, 4872295]
18475593	fantasy	[24885890]
18475595	young-adult	[22230947]
18475596	young-adult	[18475595, 22230947]
18476410	young-adult	[21248833]
18476695	young-adult	[]
18478369	angels	[20361772, 21358368]
18478512	dystopian	[]
18478946	young-adult	[18513554, 21061684]
18478956	young-adult	[]
18479790	new-adult	[]
18479926	fantasy	[]
18480310	young-adult	[15750137]
18480329	fantasy	[21939269, 18001518, 18244506, 22729350, 23731820]
18480474	young-adult	[21469039, 20613538]
18480712	young-adult	[]
18481271	dystopian	[]
18482204	dystopian	[23312002]
18482238	young-adult	[]
18482265	young-adult	[21469102]
18482373	romance	[]
18482836	young-adult	[]
18483526	fantasy	[33226036, 17853379, 18139931, 24732043, 26798985]
18483675	dystopian	[]
18484162	fantasy	[18483526, 33226036, 17853379, 18139931, 24732043, 26798985]
18484204	teacher-student	[]
18484316	pregnancy	[18049930]
18484430	fantasy	[]
18484563	young-adult	[19382577]
18484899	young-adult	[]
18484905	fantasy	[17910836, 23365221]
18485333	young-adult	[19193276]
18485862	young-adult	[]
18485889	young-adult	[]
18486396	fantasy	[18758617]
18486435	young-adult	[17660471, 18067050]
18486478	fantasy	[21972742, 24201318, 24885506, 31946400]
18487102	zombies	[]
18487902	young-adult	[]
18487909	young-adult	[]
18487922	young-adult	[]
18488433	fantasy	[22546577]
18488781	ya-romance	[18867539]
18489081	romance	[23264900, 22358760]
18489227	dystopian	[]
18489394	young-adult	[]
18489512	young-adult	[]
18490532	mystery	[20561649]
18490570	young-adult	[]
18490576	fantasy	[]
18490634	young-adult	[]
18490660	young-adult	[]
18490681	fantasy	[22718798, 26040218, 29571405, 33383822]
18490688	young-adult	[]
18490721	fantasy	[]
18490753	fantasy	[27230428]
18490835	young-adult	[20872989]
18490838	fantasy	[22675924, 20246699, 23436597, 19660697]
18490886	mystery	[]
18492470	dystopian	[23461868]
18492615	fantasy	[]
18492775	young-adult	[18601754]
18493112	mystery	[]
18498291	the-last-thirteen	[]
18500665	young-adult	[13638020, 23901077, 24431666]
18500716	paranormal	[13582718]
18501782	young-adult	[]
18501791	mythology	[]
18506066	young-adult	[]
18509604	fantasy	[]
18509607	middle-grade	[]
18509623	horror	[17847318, 21464106, 25263927]
18509672	young-adult	[]
18510457	the-iron-fey	[18334684, 23216572]
18513554	young-adult	[21061684]
18513621	fantasy	[19227173]
18513639	percy-jackson	[]
18513756	steampunk	[]
18513759	young-adult	[21882090]
18514117	wattpad	[]
18514607	freebies	[]
18514742	young-adult	[]
18515286	new-adult	[]
18515291	young-adult	[]
18516256	fantasy	[]
18516559	young-adult	[17840796]
18516681	mystery	[24822944]
18516682	contemporary	[24961472]
18517232	young-adult	[9609061]
18517236	dystopian	[]
18517479	young-adult	[17873797, 18085525, 21803253]
18517644	horses	[]
18517794	fantasy	[]
18517840	mystery	[27823357, 18591093, 20873154, 19400102]
18517919	young-adult	[25493644]
18517975	dystopian	[17196339, 20703033, 23395320, 24827241, 22749842, 33520436, 20887494]
18518923	fantasy	[22909144, 23082547]
18519239	young-adult	[]
18520065	fantasy	[17465470, 16149577, 23646651]
18520635	horses	[]
18522274	young-adult	[17231974]
18522403	m-m	[19201132]
18522639	contemporary	[]
18522831	young-adult	[21795658, 18693883]
18522974	young-adult	[]
18523397	young-adult	[23636078]
18523878	need-to-buy	[18523886, 19195091]
18523886	need-to-buy	[19195091]
18524037	dystopian	[]
18524283	science-fiction	[]
18524302	young-adult	[]
18524333	young-adult	[]
18524709	young-adult	[]
18525248	young-adult	[33226020]
18525631	young-adult	[22304062, 23375146]
18525654	young-adult	[23784807, 21273511]
18525657	contemporary	[22718793]
18525661	fantasy	[23123246, 22141040]
18525670	young-adult	[]
18525702	fantasy	[20799891]
18525706	young-adult	[26798597]
18527178	fantasy	[18076883]
18527491	young-adult	[11256839]
18527494	young-adult	[]
18527511	young-adult	[11090324]
18528615	young-adult	[]
18530620	young-adult	[18421752]
18531479	fantasy	[17699903]
18533063	young-adult	[]
18552831	romance	[18870405]
18553080	young-adult	[17227279]
18579799	steampunk	[]
18579803	young-adult	[]
18583885	young-adult	[]
18583939	fantasy	[]
18584057	young-adult	[17465475]
18584521	young-adult	[]
18584855	fantasy	[]
18586128	netgalley	[]
18586225	fantasy	[]
18587097	young-adult	[25453187]
18587757	dystopian	[19193987]
18588030	young-adult	[15777586, 23435737]
18588085	young-adult	[23378466, 18817772, 19220248]
18588216	young-adult	[21519425]
18588703	fantasy	[17313797, 28227498]
18588763	young-adult	[21416945]
18588890	fantasy	[]
18588931	fantasy	[]
18588998	young-adult	[]
18589018	young-adult	[18670382]
18589115	young-adult	[20927211, 22381495, 20572939, 23356086, 22934411, 26831401, 18917179, 21895889]
18590095	young-adult	[]
18590476	young-adult	[20827184]
18591009	netgalley	[]
18591087	zombies	[]
18591093	mystery	[20873154, 19400102]
18592880	young-adult	[22223789]
18593175	romance	[18631291, 20733636, 25764589, 33305024]
18594359	young-adult	[]
18594391	young-adult	[18594443]
18594430	fantasy	[18315788, 22529351, 32715248, 33174801, 20416427]
18594443	young-adult	[]
18594501	young-adult	[18963158, 21529783]
18594522	young-adult	[]
18594538	young-adult	[18594522]
18594796	young-adult	[21399241, 20448958]
18596397	christian-fiction	[]
18596432	romance	[22386426, 18894667]
18596463	young-adult	[]
18596472	young-adult	[20385636]
18596600	young-adult	[]
18596891	arc	[]
18597016	romance	[13478558]
18597708	young-adult	[18637478]
18598025	paranormal	[]
18599572	young-adult	[]
18599580	young-adult	[]
18599658	fantasy	[]
18599666	young-adult	[]
18599667	young-adult	[]
18599672	young-adult	[18712569]
18599754	young-adult	[]
18599776	pretty-little-liars	[18635094, 19416491]
18599792	young-adult	[]
18599938	young-adult	[]
18600124	young-adult	[18707458, 20810165]
18600469	romance	[]
18600580	young-adult	[]
18600716	young-adult	[]
18601293	young-adult	[]
18601430	fantasy	[20642788, 22057944, 22699480, 23361028, 23551245, 23197608]
18601754	young-adult	[]
18602075	fantasy	[21826330]
18602289	young-adult	[]
18602341	fantasy	[22914802, 22608108, 31448205]
18602406	fantasy	[27283089, 25865313, 34318746]
18602610	young-adult	[18668032, 20810174]
18606526	dystopia	[22702886, 25367304, 22021811, 20559162]
18606911	young-adult	[]
18606950	young-adult	[18599666]
18607158	young-adult	[]
18607814	paranormal	[]
18611955	young-adult	[]
18615061	young-adult	[20312874, 20516886]
18616281	freebies	[]
18618935	fantasy	[30840959, 34733250]
18619180	young-adult	[17664603, 18461026]
18619423	new-adult	[]
18619507	young-adult	[25416768]
18619593	new-adult	[]
18619597	fantasy	[18618935, 30840959, 34733250]
18619622	paranormal	[]
18619662	young-adult	[]
18619714	fantasy	[17204182]
18619857	middle-grade	[]
18620336	young-adult	[]
18621194	fantasy	[22009555, 22034981, 22613044, 22389386, 22860122, 22521580]
18621570	dystopian	[18682064, 18492470, 23461868]
18621651	young-adult	[18689756]
18621882	young-adult	[18720003]
18622306	fantasy	[]
18622625	1-owning	[20549965]
18622707	reviews	[17950202]
18623312	dystopian	[]
18625016	young-adult	[19085361, 34015264]
18625140	post-apocalyptic	[]
18625184	young-adult	[]
18625293	dystopian	[16148038, 17131623]
18625316	fantasy	[]
18625418	young-adult	[26074213, 13264468]
18625899	paranormal	[]
18626330	new-adult	[]
18626426	young-adult	[18080504]
18626833	dystopia	[]
18626858	young-adult	[]
18627443	young-adult	[]
18627634	young-adult	[]
18627642	young-adult	[]
18629142	fantasy	[18868664, 21937130, 18775657, 20331482, 22450140, 23527509, 25644677, 24944889, 25893213, 20870695]
18629550	dystopian	[18991531]
18630479	fantasy	[16068787]
18630496	young-adult	[18157069, 25647596, 34504693, 22096222]
18630504	young-adult	[]
18630510	angels	[]
18631016	zombies	[23493101]
18631188	young-adult	[22909825, 23252136, 30749495, 27882977]
18631196	superheroes	[]
18631291	romance	[20733636, 25764589, 33305024]
18631867	romance	[18949619]
18632124	supernatural	[]
18632674	dystopian	[]
18632855	young-adult	[]
18632859	young-adult	[]
18633358	first-reads	[]
18633466	fantasy	[]
18633571	young-adult	[]
18633797	fantasy	[22819449, 33193822, 35384793]
18633867	time-travel	[12701618]
18634165	zombies	[]
18634733	young-adult	[]
18634740	young-adult	[22386425, 23341575, 23601801, 20180099]
18634795	young-adult	[22469524]
18635004	young-adult	[18600124, 18707458, 20810165]
18635016	young-adult	[15844362, 18635142, 20744564, 18589115, 20927211, 22381495, 20572939, 23356086, 22934411, 26831401, 18917179, 21895889]
18635031	young-adult	[]
18635064	young-adult	[]
18635094	pretty-little-liars	[19416491]
18635102	young-adult	[18197576, 22011614, 24532910, 22535384]
18635142	young-adult	[20744564, 18589115, 20927211, 22381495, 20572939, 23356086, 22934411, 26831401, 18917179, 21895889]
18635144	young-adult	[18089940, 24235271]
18637478	young-adult	[]
18637628	young-adult	[]
18640740	young-adult	[]
18643872	dystopian	[18857386]
18649161	young-adult	[17339244, 18076780, 18076821, 18468184, 22053410, 22546115]
18651186	sci-fi	[]
18651928	fantasy	[]
18651952	young-adult	[18599672, 18712569]
18652243	fantasy	[]
18652641	young-adult	[]
18655355	young-adult	[23395664, 25777143]
18656187	zombies	[]
18657208	romance	[24748667, 23580766, 33352972]
18657327	mythology	[]
18657517	young-adult	[25664563, 29714650, 18856964]
18657657	horror	[]
18658149	fantasy	[]
18660357	romance	[]
18660447	young-adult	[]
18660541	young-adult	[]
18660669	read-in-2014	[345627, 31126769, 19053383]
18660977	james-patterson	[21920943]
18661670	young-adult	[]
18661690	young-adult	[]
18661775	fantasy	[18300072, 25662401, 18486478, 21972742, 24201318, 24885506, 31946400]
18662635	young-adult	[]
18662771	young-adult	[]
18663076	young-adult	[15840340, 26125140, 26253511]
18663321	fantasy	[18214181]
18663797	mythology	[]
18664147	young-adult	[17791186, 19263535]
18664167	young-adult	[25767423]
18665259	young-adult	[25817078]
18665338	house-of-night	[18665952]
18665367	young-adult	[]
18665952	house-of-night	[]
18666052	paranormal	[]
18666274	horses	[28354777, 36163360]
18666898	young-adult	[18599792]
18666919	dystopian	[18222699, 22654589, 23719249, 22719259, 30264807]
18667026	dystopian	[18847703, 23019265, 30096722]
18667059	young-adult	[20483113, 22693203]
18667201	maya-banks	[]
18667216	on-kindle	[22056524, 20442109]
18667753	young-adult	[]
18667769	horror	[20707791, 23281646]
18667776	young-adult	[]
18667779	lgbt	[]
18667787	young-adult	[]
18667788	young-adult	[]
18667792	young-adult	[]
18667797	angels	[]
18667800	young-adult	[]
18667832	young-adult	[22837969]
18667841	dystopian	[22015022, 23378962]
18667877	young-adult	[]
18667946	dystopian	[22521562]
18667954	young-adult	[]
18668021	fantasy	[]
18668032	young-adult	[20810174]
18668050	young-adult	[23281778]
18668057	young-adult	[22673819]
18668478	young-adult	[]
18668484	young-adult	[]
18668485	young-adult	[18080921, 18606911]
18668562	mythology	[]
18668639	young-adult	[23217721]
18669076	classics	[18704927]
18669698	middle-grade	[19107947]
18670045	fantasy	[18633797, 22819449, 33193822, 35384793]
18670156	young-adult	[24483807, 25225835]
18670382	young-adult	[]
18679210	science-fiction	[17884078]
18680367	dystopian	[]
18680747	fantasy	[]
18681547	fantasy	[]
18681718	young-adult	[]
18682064	dystopian	[18492470, 23461868]
18682784	fantasy	[]
18683373	young-adult	[23246792]
18683518	fantasy	[31408305, 31435147]
18683519	mermaids	[]
18683541	mermaids	[18921817]
18683883	fantasy	[]
18684377	young-adult	[17333239, 18392499]
18684870	young-adult	[]
18685259	vampires	[6377359, 8030167]
18685348	young-adult	[19193494, 20673754]
18685653	young-adult	[]
18685674	fantasy	[18683883]
18686140	young-adult	[]
18686210	young-adult	[21802639]
18686219	dystopian	[]
18686977	vampires	[]
18687522	lgbt	[23497566, 31938167]
18687595	netgalley	[]
18687641	romance	[]
18688421	vampires	[33401863]
18688808	romance	[18332388]
18689648	young-adult	[18856972]
18689650	young-adult	[]
18689756	young-adult	[]
18689796	mystery	[23309646]
18689821	young-adult	[]
18689829	young-adult	[18870471]
18690119	young-adult	[]
18690777	young-adult	[]
18691023	young-adult	[]
18691312	young-adult	[33298607, 32946000]
18691526	young-adult	[]
18692171	fantasy	[]
18692289	superhero	[]
18692306	dystopian	[]
18692369	young-adult	[12578370]
18692390	dystopian	[17341729]
18692391	young-adult	[19035050]
18692431	young-adult	[]
18693277	young-adult	[18069207, 19234711, 25568631, 25619751, 32672150]
18693520	romance	[]
18693707	dystopian	[]
18693883	young-adult	[]
18695743	young-adult	[19520494]
18698654	romance	[]
18698658	young-adult	[]
18699459	young-adult	[18699460]
18699460	young-adult	[]
18699693	young-adult	[18689821]
18700490	first-reads	[23210898, 20817134]
18704927	classics	[]
18705089	young-adult	[18716399, 20628320, 21469054, 30343353, 30833399, 33249532, 18896874]
18705209	fantasy	[22740196, 22950419, 23330013, 21474959, 23339603, 23599995, 26031132, 27826177, 18889300, 21341039, 21082129, 25501487]
18706034	fantasy	[23486955]
18707458	young-adult	[20810165]
18709719	romance	[15821658, 18693520]
18710190	young-adult	[10616322, 17383918, 17406183, 17899904, 17736795, 17383543, 18710464, 18710654, 19542808, 20910326, 21443484, 22038278, 22019444, 18713720, 18960669, 21143500, 18267158]
18710209	young-adult	[23161323, 24805743, 26105850, 27246855]
18710282	science-fiction	[20601504]
18710297	young-adult	[17061495, 19322229, 17061490]
18710464	young-adult	[18710654, 19542808, 20910326, 21443484, 22038278, 22019444, 18713720, 18960669, 21143500, 18267158]
18710654	young-adult	[19542808, 20910326, 21443484, 22038278, 22019444, 18713720, 18960669, 21143500, 18267158]
18710739	young-adult	[20483089, 21816327, 23127434, 24941106]
18710799	young-adult	[]
18710944	romance	[22402524]
18710996	romance	[]
18711033	romance	[]
18711450	young-adult	[]
18711456	romance	[]
18712520	young-adult	[23315755]
18712569	young-adult	[]
18712956	dystopian	[20935141]
18713356	young-adult	[21458175, 24995028, 22492901, 18810188]
18713720	young-adult	[18960669, 21143500, 18267158]
18714697	young-adult	[18822165]
18714987	fantasy	[]
18715014	young-adult	[19436054]
18715352	young-adult	[20438788]
18716118	new-adult	[]
18716399	young-adult	[20628320, 21469054, 30343353, 30833399, 33249532, 18896874]
18716722	fantasy	[]
18717049	zombies	[]
18717360	young-adult	[25917801, 27189623, 26107387, 20425939]
18717384	young-adult	[]
18718039	fantasy	[]
18718218	zombies	[18720440]
18718848	young-adult	[]
18719071	fantasy	[]
18719133	young-adult	[]
18719296	mystery	[20706313, 20706774, 24396883, 20829758]
18719564	young-adult	[18906771]
18719566	young-adult	[]
18719568	contemporary	[]
18719570	young-adult	[18685653]
18720003	young-adult	[]
18720440	zombies	[]
18720683	young-adult	[17368932]
18721038	romance	[18779059, 22443964, 23010889, 24316923]
18721048	fantasy	[]
18721567	contemporary	[22729343]
18722333	young-adult	[]
18722924	young-adult	[22091995]
18723335	young-adult	[]
18723349	young-adult	[18723335]
18723597	young-adult	[18484899]
18728762	young-adult	[]
18731483	fantasy	[]
18732883	young-adult	[23309648]
18733424	time-travel	[]
18733563	fantasy	[31356126, 18837799]
18735912	dystopian	[18052853, 22393948, 20612051, 20829565, 22722814, 21920669, 23802202]
18735913	dystopian	[]
18738787	young-adult	[]
18738863	young-adult	[]
18738872	young-adult	[18769644]
18739288	mythology	[]
18739607	fantasy	[18458891]
18739887	house-of-night	[]
18740114	young-adult	[]
18740852	paranormal	[20893791]
18741152	young-adult	[23525495, 24745488, 26804443, 9754815, 19508953, 22172497]
18743166	distopici	[21896811]
18743272	lgbt	[29810293]
18743928	fantasy	[107670]
18744421	sci-fi	[20416469]
18744678	young-adult	[20982535, 18812511, 22029728]
18744934	young-adult	[18299214, 18048152]
18744990	zombies	[]
18745077	netgalley	[19171004, 18843936]
18745380	young-adult	[]
18746546	young-adult	[18748007, 22052700]
18746776	fantasy	[34346974]
18747648	young-adult	[]
18748007	young-adult	[22052700]
18748877	dystopian	[]
18749236	zombie	[]
18749344	young-adult	[]
18750326	mythology	[]
18751053	fantasy	[]
18751082	dystopian	[18329857]
18751961	fantasy	[]
18753174	young-adult	[]
18753202	young-adult	[28235555]
18754114	fantasy	[]
18754118	young-adult	[]
18754127	young-adult	[]
18754411	kindle-books	[22059486]
18754583	young-adult	[]
18754861	contemporary	[]
18754911	young-adult	[]
18754928	young-adult	[]
18755289	young-adult	[]
18755877	netgalley	[21499049, 18905108]
18757051	fantasy	[]
18757113	sports	[]
18757458	young-adult	[20758103]
18757672	young-adult	[]
18758066	vampires	[]
18758154	young-adult	[]
18758169	young-adult	[18667877]
18758617	fantasy	[]
18758849	superhero	[18692289]
18758917	fantasy	[]
18759170	young-adult	[]
18759207	young-adult	[]
18759885	vampire-diaries	[22741183]
18761296	young-adult	[18858408]
18761299	young-adult	[]
18761314	young-adult	[]
18761323	young-adult	[13064523]
18761636	fantasy	[23007747, 13604342, 15831071]
18765184	young-adult	[]
18767275	netgalley	[19428763]
18769279	young-adult	[19200023, 18917940, 21061037]
18769639	young-adult	[22029714]
18769644	young-adult	[]
18769918	young-adult	[18367686]
18769970	young-adult	[24853856, 30386987, 20644764]
18772590	young-adult	[]
18772812	dystopian	[25627752]
18774009	horror	[]
18774016	young-adult	[23482681, 25526491, 35627120, 22078263]
18774211	young-adult	[]
18774213	young-adult	[18774211]
18774473	paranormal	[]
18774843	young-adult	[24795882]
18775250	brandon-mull	[]
18775421	young-adult	[]
18775431	fantasy	[18456527]
18775523	dystopian	[]
18775614	young-adult	[]
18775657	fantasy	[20331482, 22450140, 23527509, 25644677, 24944889, 25893213, 20870695]
18775809	fantasy	[]
18775848	fantasy	[22063856, 24885521, 21061789]
18776533	young-adult	[]
18776630	netgalley	[19103503]
18777107	young-adult	[]
18777374	fantasy	[18661775, 18300072, 25662401, 18486478, 21972742, 24201318, 24885506, 31946400]
18777796	science-fiction	[20764755]
18777799	dystopian	[]
18779059	romance	[22443964, 23010889, 24316923]
18779237	fantasy	[]
18779723	fantasy	[]
18779767	young-adult	[]
18780675	young-adult	[]
18781203	dystopia	[]
18781326	fantasy	[]
18781463	netgalley	[21154524]
18782855	fantasy	[]
18782912	young-adult	[]
18798818	fantasy	[20621490, 17930465, 26175968, 27468538, 26150650, 9460487]
18798983	fantasy	[23654535, 25460957, 23395819, 28001622, 27821769, 25541572, 32370233, 35121746, 33231720]
18799238	romance	[23581139]
18800159	young-adult	[]
18800550	first-reads	[]
18801345	young-adult	[]
18801694	young-adult	[22571278, 24961521]
18801695	young-adult	[18689829, 18870471]
18802143	realistic-fiction	[12225252, 18887715]
18802673	romance	[23964824]
18803194	fantasy	[]
18804915	new-adult	[]
18805154	fantasy	[]
18805475	young-adult	[26345720, 26164546]
18805531	young-adult	[]
18806133	young-adult	[]
18806240	young-adult	[]
18806259	fantasy	[22703567]
18806299	dystopian	[20958987]
18807019	romance	[]
18807588	young-adult	[]
18807846	dystopian	[]
18808480	zombies	[]
18808853	dystopian	[]
18808865	young-adult	[]
18809304	romance	[20320869, 19486400]
18809509	new-adult	[20931169]
18809838	young-adult	[]
18810188	young-adult	[]
18810282	young-adult	[20757763]
18810858	paranormal	[17359526]
18810874	fantasy	[]
18811324	young-adult	[22913240]
18811623	young-adult	[23015686]
18812104	young-adult	[]
18812437	young-adult	[]
18812443	dystopia	[17732260]
18812511	young-adult	[22029728]
18812716	horror	[19346471, 20721979, 19500467, 25048277]
18813022	fantasy	[19166192]
18813034	young-adult	[19036644]
18814153	young-adult	[22465352]
18814181	new-adult	[]
18814202	young-adult	[]
18814304	young-adult	[]
18814346	young-adult	[]
18815197	new-adult	[]
18815422	fantasy	[]
18815693	dystopian	[]
18816364	young-adult	[16076395]
18816602	romance	[]
18816985	angels	[]
18817075	fantasy	[]
18817772	young-adult	[19220248]
18817963	dystopian	[18340469]
18818721	young-adult	[]
18822165	young-adult	[]
18824548	zombies	[8183949]
18828660	angels	[]
18830404	science-fiction	[21268459]
18833589	young-adult	[]
18834651	young-adult	[]
18837799	fantasy	[]
18839866	steampunk	[]
18841284	zombies	[]
18843710	time-travel	[]
18843936	netgalley	[]
18846213	young-adult	[]
18846813	young-adult	[]
18847703	dystopian	[23019265, 30096722]
18847732	vampires	[]
18847890	young-adult	[]
18850680	sci-fi	[22856538]
18851385	young-adult	[]
18856964	young-adult	[]
18856972	young-adult	[]
18857386	dystopian	[]
18857916	young-adult	[]
18857981	young-adult	[]
18858408	young-adult	[]
18858577	young-adult	[]
18864771	netgalley	[]
18866205	young-adult	[18110076]
18866217	young-adult	[]
18866664	young-adult	[18758169, 18667877]
18866743	fantasy	[23433223]
18866983	young-adult	[]
18867491	romance	[]
18867539	ya-romance	[]
18867561	dystopian	[34453378]
18867675	james-patterson	[]
18868012	young-adult	[]
18868398	fantasy	[31279166]
18868664	fantasy	[21937130, 18775657, 20331482, 22450140, 23527509, 25644677, 24944889, 25893213, 20870695]
18870277	science-fiction	[]
18870405	romance	[]
18870471	young-adult	[]
18870676	young-adult	[]
18870893	arc	[21936187]
18871451	zombies	[]
18871827	fantasy	[]
18872201	young-adult	[31625799]
18872445	romance	[]
18872814	young-adult	[]
18872829	horror	[]
18873235	fantasy	[]
18873615	vampires	[]
18874651	contemporary	[]
18878278	young-adult	[22292788]
18878281	young-adult	[]
18879198	young-adult	[]
18879200	vampires	[]
18879761	young-adult	[]
18880684	young-adult	[27984411]
18880836	young-adult	[]
18880895	young-adult	[]
18881194	dystopia	[]
18881676	steampunk	[]
18881772	young-adult	[]
18882076	young-adult	[]
18882948	zombies	[]
18883163	mystery	[28954224]
18883231	young-adult	[25893579, 24721702, 26189138]
18883251	dystopian	[]
18883256	young-adult	[25203939]
18883329	young-adult	[]
18884380	contemporary	[]
18884862	mermaids	[13412960]
18884868	young-adult	[]
18886678	zombies	[]
18887715	realistic-fiction	[]
18887988	steampunk	[30832074]
18888864	classics	[]
18888891	young-adult	[]
18889015	fantasy	[27777215]
18889145	science-fiction	[13064584]
18889290	young-adult	[]
18889299	young-adult	[]
18889300	fantasy	[21341039, 21082129, 25501487]
18889924	zombies	[17839435]
18890589	young-adult	[]
18891400	young-adult	[]
18891517	young-adult	[]
18891914	paranormal	[]
18892022	dystopian	[]
18892134	young-adult	[18080922]
18892770	romance	[]
18892776	romance	[]
18893478	romance	[]
18893848	fantasy	[]
18893982	romance	[]
18893985	romance	[]
18893988	romance	[]
18894667	romance	[]
18895491	young-adult	[22023638]
18895887	young-adult	[]
18896484	dystopia	[18904565, 22822687]
18896633	zombies	[]
18896772	m-m	[]
18896874	young-adult	[]
18897865	fantasy	[18282060, 24337842, 23310212]
18897882	post-apocalyptic	[]
18899066	horror	[]
18899291	science-fiction	[]
18899316	steampunk	[]
18899602	young-adult	[]
18899936	young-adult	[]
18902014	young-adult	[]
18902019	young-adult	[]
18902640	young-adult	[]
18903479	young-adult	[]
18903663	lgbt	[13587109]
18904215	young-adult	[18935061]
18904565	dystopia	[22822687]
18904879	romance	[]
18905108	netgalley	[]
18906460	fantasy	[]
18906497	romance	[11437763]
18906733	angels	[]
18906771	young-adult	[]
18907836	m-m	[]
18908020	young-adult	[7969795]
18908596	young-adult	[]
18909286	young-adult	[]
18909647	young-adult	[23310156, 27259133, 25194131, 24924155]
18910250	young-adult	[]
18910371	young-adult	[]
18911809	young-adult	[]
18912102	young-adult	[]
18912412	romance	[]
18912608	young-adult	[15847262]
18913117	dystopian	[]
18913373	young-adult	[]
18914141	romance	[]
18914780	romance	[]
18916003	fantasy	[]
18916768	paranormal	[]
18917179	young-adult	[21895889]
18917374	young-adult	[]
18917940	young-adult	[21061037]
18918102	young-adult	[11802865]
18919902	young-adult	[23597099, 18870676]
18920021	dystopian	[]
18920371	young-adult	[]
18920675	fantasy	[]
18920833	young-adult	[]
18921162	post-apocalyptic	[]
18921418	fantasy	[]
18921817	mermaids	[]
18921929	fantasy	[]
18923056	dystopian	[23787028]
18926244	fantasy	[]
18926673	fantasy	[22535408, 19006304, 24379760, 24925552, 22718800, 21341548]
18927714	young-adult	[]
18928780	young-adult	[]
18928853	time-travel	[29289048]
18930013	angels	[]
18930277	science-fiction	[]
18932022	young-adult	[]
18933290	young-adult	[]
18933340	young-adult	[]
18933508	young-adult	[]
18934786	dystopian	[]
18934822	mystery	[]
18935061	young-adult	[]
18935998	dystopian	[]
18936001	young-adult	[]
18936816	fantasy	[]
18937911	young-adult	[25393906, 18889299]
18938744	romance	[]
18939466	dystopian	[]
18940020	young-adult	[]
18940732	dystopian	[]
18940856	dystopian	[]
18942607	time-travel	[22320214]
18946055	fantasy	[23609791, 7003332, 28685408]
18948438	young-adult	[19447523]
18949619	romance	[]
18950160	young-adult	[]
18950609	young-adult	[]
18952143	young-adult	[17905353]
18952231	young-adult	[18402201, 19448434, 29620468]
18952344	young-adult	[]
18952667	young-adult	[]
18953590	young-adult	[]
18954560	romance	[]
18957530	fantasy	[]
18960669	young-adult	[21143500, 18267158]
18963158	young-adult	[21529783]
18964880	dystopian	[]
18966359	dystopian	[]
18966770	romance	[]
18967763	angels	[]
18967800	angels	[]
18968889	young-adult	[]
18970951	young-adult	[8520805]
18973567	netgalley	[]
18973958	young-adult	[21560400, 23596851, 22215758, 25326651]
18980092	steampunk	[]
18981955	vampires	[]
18985976	fantasy	[23380120, 22320502]
18989342	fantasy	[18142560, 18285538]
18989532	romance	[]
18991531	dystopian	[]
18992088	fantasy	[]
18997807	romance	[]
18998814	young-adult	[20653745]
18999077	young-adult	[]
19000376	young-adult	[34598146]
19004961	dystopian	[18202141]
19006304	fantasy	[24379760, 24925552, 22718800, 21341548]
19008362	young-adult	[20347173]
19008970	young-adult	[]
19010893	dystopian	[]
19011073	young-adult	[20759393]
19011850	time-travel	[]
19012155	sci-fi	[]
19016490	young-adult	[18478956]
19017108	paranormal	[]
19023737	fantasy	[]
19031494	young-adult	[]
19031631	maybe	[33819956, 22054433]
19032932	young-adult	[]
19032994	young-adult	[19033409, 31427055, 27191194, 19856142]
19033409	young-adult	[31427055, 27191194, 19856142]
19033934	time-travel	[]
19034259	fairy-tales	[]
19034958	young-adult	[19492698, 19489001]
19035050	young-adult	[]
19035609	young-adult	[28113719, 35913710, 23436942]
19036500	young-adult	[]
19036644	young-adult	[]
19037409	young-adult	[]
19040969	romance	[]
19041032	fantasy	[18052845, 17825750, 22535398]
19047401	ebooks	[]
19052254	zombies	[]
19053172	young-adult	[]
19053383	read-in-2014	[]
19054213	dystopia	[]
19055320	dystopian	[]
19056588	mermaids	[]
19064110	young-adult	[23344468]
19070293	young-adult	[]
19074144	goddess-series	[]
19078088	goddess-series	[]
19081402	young-adult	[20613550]
19081403	young-adult	[20613625]
19081600	young-adult	[22084431, 22911350]
19083030	young-adult	[23269790, 23731166]
19083252	zombies	[]
19084391	young-adult	[17286787]
19084683	romance	[16179820]
19085361	young-adult	[34015264]
19085467	young-adult	[]
19085549	young-adult	[25484458]
19087596	young-adult	[22052095, 22596856]
19087900	cherub	[]
19089122	dystopian	[]
19089172	young-adult	[]
19091397	dystopian	[]
19093247	young-adult	[]
19099414	fantasy	[]
19099494	fantasy	[19346438, 20789538]
19099550	zombies	[]
19100599	romance	[]
19103425	first-reads	[20709628]
19103503	netgalley	[]
19106765	young-adult	[]
19107947	middle-grade	[]
19107949	young-adult	[31370419]
19112618	m-m	[]
19112850	young-adult	[]
19113966	dystopian	[]
19114121	young-adult	[]
19116893	dystopian	[]
19123264	contemporary	[15736197]
19134295	first-reads	[]
19141099	young-adult	[]
19148722	fantasy	[]
19148794	dystopian	[16211604]
19154475	science-fiction	[22845365, 23162471, 17607719]
19155234	young-adult	[20888572, 35007760, 35300659, 16066586]
19157339	romance	[17873710, 20750327]
19157640	fantasy	[]
19161529	dystopian	[]
19161855	young-adult	[18196033, 22021725, 25932917, 25824455]
19162788	star-wars	[]
19164626	vampires	[]
19165181	mythology	[]
19166192	fantasy	[]
19167813	young-adult	[]
19167963	fantasy	[]
19168811	young-adult	[]
19171004	netgalley	[18843936]
19172983	romance	[]
19173015	fantasy	[]
19178034	young-adult	[23251245]
19181255	science-fiction	[17973921, 17973914]
19181299	fantasy	[]
19182039	fantasy	[21901453, 18926673, 22535408, 19006304, 24379760, 24925552, 22718800, 21341548]
19182233	dystopian	[]
19184258	angels	[]
19185128	fantasy	[]
19186150	young-adult	[]
19187799	fantasy	[]
19189768	fantasy	[]
19190118	young-adult	[]
19193256	fantasy	[]
19193276	young-adult	[]
19193489	young-adult	[]
19193490	young-adult	[]
19193494	young-adult	[20673754]
19193987	dystopian	[]
19194273	paranormal	[]
19194602	young-adult	[23204489, 25169765]
19195091	need-to-buy	[]
19195507	dystopian	[]
19195606	young-adult	[]
19196185	young-adult	[]
19196308	dystopian	[]
19198253	fantasy	[]
19199559	young-adult	[]
19200019	young-adult	[]
19200023	young-adult	[18917940, 21061037]
19201132	m-m	[]
19206950	m-m	[20614987]
19207749	romance	[18331717]
19208103	young-adult	[]
19209479	contemporary	[]
19211063	young-adult	[23212708]
19212019	steampunk	[17624537]
19212225	fantasy	[]
19212429	young-adult	[]
19213071	young-adult	[]
19214578	new-adult	[22723776]
19215579	demons	[]
19216865	young-adult	[]
19219392	young-adult	[]
19219801	m-m	[]
19220248	young-adult	[]
19221231	mythology	[]
19221817	young-adult	[]
19225336	young-adult	[]
19225931	young-adult	[]
19227173	fantasy	[]
19229767	fantasy	[19023737]
19234711	young-adult	[25568631, 25619751, 32672150]
19238488	fantasy	[22910308]
19241969	science-fiction	[20923920]
19242106	young-adult	[]
19245811	young-adult	[20706307, 23207631, 24396868, 32052075]
19255137	fantasy	[]
19263293	young-adult	[17617744]
19263535	young-adult	[]
19268705	young-adult	[29974497]
19270472	fantasy	[]
19274338	young-adult	[]
19276709	young-adult	[]
19278261	fantasy	[25027828]
19279000	young-adult	[]
19286527	young-adult	[]
19286536	horror	[]
19286603	vampires	[21807312]
19286673	time-travel	[]
19288809	mystery	[]
19290513	young-adult	[22457380, 25785780]
19290947	romance	[10126734]
19295525	young-adult	[23398402, 22351237]
19298820	romance	[]
19299992	fantasy	[]
19300594	young-adult	[4725929, 23900737, 479471]
19302585	young-adult	[20654888]
19305628	mythology	[]
19307858	horror	[6933488, 7171771, 22540210]
19314543	fantasy	[]
19314566	young-adult	[]
19317074	young-adult	[]
19321413	fantasy	[19099414]
19321427	young-adult	[]
19322229	young-adult	[17061490]
19322262	young-adult	[23438401, 29484309]
19336133	young-adult	[23592260]
19336135	young-adult	[]
19337381	young-adult	[]
19338181	young-adult	[]
19342568	fantasy	[12926216]
19345602	fantasy	[]
19346424	young-adult	[24577489, 29094675]
19346438	fantasy	[20789538]
19346451	young-adult	[20483114, 23012167, 23119797, 24313147, 26012242, 19830589]
19346457	zombies	[19099550]
19346469	fantasy	[21532949]
19346471	horror	[20721979, 19500467, 25048277]
19346537	fantasy	[]
19347972	young-adult	[]
19349278	fantasy	[]
19351259	fantasy	[11301266, 17155449, 10815662, 21611451]
19351480	soul-guardians	[]
19351845	soul-guardians	[]
19351953	soul-guardians	[]
19352028	soul-guardians	[]
19352550	young-adult	[19084391, 17286787]
19355359	time-travel	[23572990]
19358767	young-adult	[24782345]
19359110	first-reads	[]
19360303	young-adult	[]
19364719	paranormal	[]
19367128	young-adult	[22586252, 25675437]
19367204	fantasy	[]
19367312	young-adult	[]
19368253	young-adult	[]
19370304	young-adult	[]
19378243	young-adult	[]
19380077	netgalley	[]
19380317	fantasy	[]
19381122	young-adult	[]
19382577	young-adult	[]
19383531	horror	[]
19383537	fantasy	[]
19383634	fantasy	[]
19384539	fantasy	[]
19386875	young-adult	[]
19387150	young-adult	[18218575]
19387834	giveaways	[]
19389484	young-adult	[]
19390926	romance	[]
19395559	fantasy	[19349278]
19397673	young-adult	[20458880]
19400102	mystery	[]
19401029	young-adult	[22907117, 23347193, 24775139, 23346597, 25569678]
19401848	young-adult	[]
19406095	romance	[]
19415228	fantasy	[]
19416491	pretty-little-liars	[]
19416817	fantasy	[2123645]
19420188	mystery	[]
19422822	young-adult	[]
19428763	netgalley	[]
19429169	dystopian	[]
19430954	fantasy	[17449197, 17290243, 20701975, 25823959, 27253926]
19432036	young-adult	[]
19432805	dystopia	[]
19434518	fantasy	[]
19436054	young-adult	[]
19437970	fantasy	[17570144]
19444061	mythology	[]
19444309	young-adult	[]
19444902	young-adult	[18805531]
19445725	young-adult	[22535452, 31247017]
19446711	fantasy	[15785253]
19447523	young-adult	[]
19448434	young-adult	[29620468]
19448543	steampunk	[25697595]
19449208	science-fiction	[]
19452645	young-adult	[]
19452719	fantasy	[18490838, 22675924, 20246699, 23436597, 19660697]
19456618	young-adult	[19482033]
19466533	fantasy	[22583003]
19468116	fantasy	[]
19469554	young-adult	[]
19472183	fantasy	[]
19473601	sci-fi	[]
19477359	young-adult	[]
19480550	pretty-little-liars	[]
19480624	young-adult	[]
19481404	fantasy	[20176793]
19481931	fantasy	[]
19482033	young-adult	[]
19484529	young-adult	[20880279, 17234575]
19486400	romance	[]
19486754	young-adult	[18464598]
19486759	young-adult	[]
19489001	young-adult	[]
19491618	young-adult	[]
19492698	young-adult	[19489001]
19499756	young-adult	[]
19500467	horror	[25048277]
19501684	dystopia	[22698051, 22738044, 23400365, 24514980, 18606526, 22702886, 25367304, 22021811, 20559162]
19502459	fantasy	[]
19508389	contemporary	[]
19508953	young-adult	[22172497]
19513409	science-fiction	[30225763, 21519747]
19515017	dystopian	[]
19520256	romance	[]
19520494	young-adult	[]
19520993	young-adult	[22268507]
19532886	dystopian	[]
19535998	young-adult	[]
19540832	dystopian	[]
19541871	steampunk	[25450931, 19448543, 25697595]
19542808	young-adult	[20910326, 21443484, 22038278, 22019444, 18713720, 18960669, 21143500, 18267158]
19542841	young-adult	[]
19546544	m-m	[]
19546915	angels	[]
19546931	paranormal	[]
19547058	young-adult	[23386391]
19547856	young-adult	[]
19548182	young-adult	[20631803]
19548973	young-adult	[25778091]
19549158	star-trek	[]
19549841	fantasy	[16054806, 23832047, 19579777]
19561925	young-adult	[26799781]
19571554	young-adult	[]
19571909	zombies	[]
19579777	fantasy	[]
19597604	young-adult	[]
19608816	young-adult	[]
19616454	fantasy	[22096570]
19643306	young-adult	[]
19660697	fantasy	[]
19673266	dystopia	[]
19681731	young-adult	[]
19688379	young-adult	[]
19705750	young-adult	[17706540]
19712929	first-reads	[]
19721475	paranormal	[21964105]
19722869	young-adult	[]
19736444	horror	[20706268]
19742774	young-adult	[1655536, 47926, 6367280]
19763246	fantasy	[19255137]
19780412	fantasy	[]
19830589	young-adult	[]
19835286	fantasy	[]
19856142	young-adult	[]
19865355	romance	[]
19877735	fantasy	[]
19891041	young-adult	[]
19892106	young-adult	[18114638, 26111537, 19608816]
19924185	realistic-fiction	[]
19938038	dystopian	[]
19974208	romance	[20746218]
20007654	christian	[]
20039902	young-adult	[]
20049500	arc	[]
20096054	young-adult	[]
20135397	young-adult	[]
20173814	horror	[]
20176793	fantasy	[]
20180099	young-adult	[]
20196412	young-adult	[2557920, 7169603, 9649388, 7306746, 10120539, 23589406, 15722012]
20243078	young-adult	[955157, 828623]
20244992	soul-seekers	[]
20246699	fantasy	[23436597, 19660697]
20256238	young-adult	[]
20256261	young-adult	[23257558]
20256556	fantasy	[24602133]
20256570	fantasy	[23719272]
20256579	science-fiction	[18524283]
20256696	dystopian	[18807846]
20256699	young-adult	[]
20256703	fantasy	[]
20256737	young-adult	[22838301]
20257177	fantasy	[19189768]
20257289	young-adult	[21785636]
20257291	young-adult	[]
20262398	has	[]
20262598	young-adult	[19480624]
20297004	young-adult	[]
20299660	young-adult	[]
20300221	angels	[]
20300224	angels	[24469267]
20300225	mystery	[]
20308308	netgalley	[]
20309175	christmas	[]
20310632	young-adult	[]
20310633	young-adult	[]
20310634	young-adult	[20310633]
20312874	young-adult	[20516886]
20319801	young-adult	[17978510, 25346611]
20319898	fantasy	[21825384, 21817700, 21469090, 25755451, 25858041]
20319954	demons	[19215579]
20320441	fantasy	[]
20320494	vampires	[]
20320869	romance	[19486400]
20321138	romance	[]
20321320	young-adult	[23440553, 23508800]
20321680	sub	[26879954]
20321703	young-adult	[20616283]
20321706	mermaids	[]
20321742	young-adult	[]
20321952	young-adult	[]
20322429	zombies	[]
20323033	young-adult	[19037409]
20323393	young-adult	[]
20326834	romance	[]
20328820	romance	[]
20329091	fantasy	[]
20329614	fantasy	[23395716, 23566613, 23598679, 24965713, 24885851, 27220578, 28427014]
20331482	fantasy	[22450140, 23527509, 25644677, 24944889, 25893213, 20870695]
20337393	young-adult	[]
20338988	romance	[]
20342133	m-m	[]
20342504	fantasy	[]
20342723	young-adult	[]
20343460	young-adult	[21424813, 23213031]
20344869	young-adult	[]
20345202	fantasy	[22585896, 26891475, 30306235, 24356060]
20345368	fantasy	[20647443, 20647459]
20347173	young-adult	[]
20347209	fantasy	[]
20349117	fantasy	[]
20350983	mafia	[]
20351498	young-adult	[]
20351637	superhero	[]
20359138	contemporary	[]
20359647	young-adult	[20877295, 24186626]
20359661	young-adult	[20416089]
20360041	fantasy	[]
20360301	young-adult	[21798565, 23342511, 25010920]
20361772	angels	[21358368]
20368339	young-adult	[20616993]
20380287	young-adult	[]
20380942	young-adult	[22907574]
20381546	young-adult	[]
20384786	fantasy	[]
20384954	young-adult	[24885861]
20385636	young-adult	[]
20385734	time-travel	[19355359, 23572990]
20387343	dystopian	[29146645]
20391541	paranormal	[]
20405624	netgalley	[]
20405829	young-adult	[]
20406559	dystopian	[23705071, 20950649]
20407391	young-adult	[]
20409231	mystery	[23491611, 23395773, 24233526, 25066961]
20409400	young-adult	[17334525, 15818308, 17451210]
20409692	mystery	[22500959]
20410977	fantasy	[20786438, 26074194, 26072589, 29875413, 28445995, 20812065, 27267112]
20413411	horror	[23489019]
20413430	horror	[]
20413494	zombies	[23197277]
20413502	horror	[]
20413645	young-adult	[]
20416065	young-adult	[25816737]
20416089	young-adult	[]
20416427	fantasy	[]
20416469	sci-fi	[]
20417132	young-adult	[]
20417847	fantasy	[]
20417907	morganville-vampires	[]
20417986	young-adult	[]
20418179	mystery	[]
20419003	young-adult	[]
20419044	fantasy	[23282679, 23739458]
20420174	vampires	[20984818]
20421040	romance	[20486255]
20422833	young-adult	[]
20423826	fantasy	[20791334]
20424731	young-adult	[]
20425512	m-m	[26828161]
20425939	young-adult	[]
20427668	dystopian	[20985505]
20429226	dystopian	[20577546, 19113966]
20434547	romance	[]
20435394	romance	[]
20435721	romance	[20435394]
20438715	young-adult	[]
20438788	young-adult	[]
20439048	steampunk	[]
20442109	on-kindle	[]
20442190	young-adult	[]
20443207	fantasy	[22908448, 23276983, 25332062, 21469060, 24979831]
20443235	fantasy	[30816686, 26102562]
20444477	dystopian	[]
20445168	dystopian	[]
20448958	young-adult	[]
20449714	young-adult	[]
20451964	fantasy	[]
20452184	young-adult	[20452217]
20452217	young-adult	[]
20452372	young-adult	[]
20453329	m-m	[]
20453411	young-adult	[]
20453985	romance	[31551605]
20454051	young-adult	[25890712]
20454056	mystery	[]
20454076	young-adult	[20454958, 22924002, 23364970, 24733410, 24393989, 24308920, 22038465, 23297931]
20454082	middle-grade	[18619857]
20454116	fantasy	[]
20454525	teacher-student	[]
20454572	fantasy	[]
20454573	fantasy	[21793411]
20454958	young-adult	[22924002, 23364970, 24733410, 24393989, 24308920, 22038465, 23297931]
20455682	science-fiction	[22138376]
20456671	fantasy	[20708670]
20458880	young-adult	[]
20464654	fantasy	[]
20464946	dystopian	[]
20483018	science-fiction	[20917827]
20483058	fantasy	[]
20483075	young-adult	[]
20483089	young-adult	[21816327, 23127434, 24941106]
20483113	young-adult	[22693203]
20483114	young-adult	[23012167, 23119797, 24313147, 26012242, 19830589]
20486255	romance	[]
20486404	young-adult	[22799344, 20764638, 22877451, 32757551]
20488854	young-adult	[20821763]
20490080	young-adult	[21783622]
20490484	young-adult	[18998814, 20653745]
20492095	fantasy	[]
20492239	zombies	[]
20492469	young-adult	[20714567, 30621558, 25484994]
20492486	young-adult	[20492469, 20714567, 30621558, 25484994]
20493019	paranormal	[21962068]
20493695	young-adult	[21911416, 22738932, 4374400]
20493997	young-adult	[]
20495438	young-adult	[]
20495530	young-adult	[18757672]
20498455	fantasy	[21817274]
20499652	young-adult	[]
20500053	young-adult	[20873166]
20501948	first-reads	[]
20506151	paranormal	[]
20506382	fantasy	[19384539]
20509070	new-adult	[]
20510241	young-adult	[22757475, 23171978, 23288892, 23200839, 23298142, 23294789, 23342670, 22664220]
20512062	young-adult	[]
20515740	young-adult	[18295875]
20516643	young-adult	[16134049, 9761778, 19000376, 34598146]
20516698	young-adult	[23245306, 25739735, 20632770]
20516886	young-adult	[]
20517466	young-adult	[21425514]
20517739	young-adult	[]
20518837	young-adult	[]
20518838	young-adult	[23589469, 23310789]
20518884	fantasy	[]
20518889	young-adult	[]
20518890	dystopian	[25677660]
20518918	fantasy	[]
20518949	fantasy	[]
20519011	fantasy	[]
20521902	young-adult	[20652108]
20522077	fantasy	[22408353, 25716099]
20522640	fantasy	[20800199]
20523103	young-adult	[13160745, 321941]
20524085	dystopian	[25747431]
20524851	fantasy	[13449693, 18376563]
20525588	young-adult	[]
20525618	fantasy	[20555453]
20526785	young-adult	[1547105, 25801341, 3060415]
20526817	young-adult	[]
20526820	fantasy	[18957530]
20527160	young-adult	[21570389, 23593923, 23604415, 33016965]
20527595	young-adult	[20512062]
20527683	romance	[]
20527824	young-adult	[]
20535329	young-adult	[22302682]
20535475	aliens	[]
20542832	retellings	[]
20542942	fantasy	[21461200, 21542040]
20549288	young-adult	[20877291]
20549965	1-owning	[]
20550277	zombies	[23341829]
20550280	horror	[30399166, 26089227]
20551638	fantasy	[]
20553661	young-adult	[11329540, 8084114]
20553857	fantasy	[23746099, 23545094, 24443426]
20554165	fantasy	[20319898, 21825384, 21817700, 21469090, 25755451, 25858041]
20555453	fantasy	[]
20555564	zombies	[]
20556780	young-adult	[22912942]
20557173	paranormal	[]
20557540	young-adult	[]
20558350	dystopian	[]
20558569	fantasy	[20646336]
20558767	fantasy	[23665226]
20559162	dystopia	[]
20559783	young-adult	[]
20560137	fantasy	[22529162, 23286931, 23555215, 23569524, 25755939, 26225491, 28487403, 27774758, 28446392]
20561649	mystery	[]
20561819	fantasy	[24958415, 32178678, 25337867]
20561849	fantasy	[23273163]
20565061	young-adult	[13188077]
20566684	young-adult	[29102898, 33791316]
20567229	zombies	[18038294]
20569266	thriller	[]
20570389	young-adult	[]
20572939	young-adult	[23356086, 22934411, 26831401, 18917179, 21895889]
20573773	young-adult	[17257028, 21755390, 17694259]
20573955	young-adult	[]
20574524	new-adult	[29839527]
20576632	animals	[]
20576895	young-adult	[6738968]
20577546	dystopian	[19113966]
20578974	young-adult	[]
20579287	young-adult	[21896631, 26123675, 24944860]
20579291	historical-fiction	[]
20580588	young-adult	[23429750]
20580988	young-adult	[]
20581358	young-adult	[]
20582519	zombies	[18889924, 17839435]
20587108	sci-fi	[]
20590654	fantasy	[25818033, 22074322]
20590708	zombies	[18886678]
20596632	young-adult	[33222702, 30614775]
20600036	middle-grade	[]
20601504	science-fiction	[]
20602999	fantasy	[24331409, 28053589, 29876198, 30164772, 35228095]
20604155	young-adult	[19213071]
20607739	young-adult	[20645842]
20612037	young-adult	[]
20612051	dystopian	[20829565, 22722814, 21920669, 23802202]
20612975	young-adult	[30621563, 25485002]
20613455	to-buy	[]
20613470	fantasy	[20658347, 20617636, 23847976, 25661765, 29077667, 22084157]
20613491	fantasy	[23172473, 20818984, 22064067, 22920063, 23310784, 26064760]
20613538	young-adult	[]
20613550	young-adult	[]
20613581	young-adult	[18480474, 21469039, 20613538]
20613625	young-adult	[]
20613701	young-adult	[]
20614378	to-be-released	[]
20614987	m-m	[]
20616283	young-adult	[]
20616977	romance	[]
20616993	young-adult	[]
20617061	young-adult	[]
20617170	steampunk	[25257169, 21407176]
20617636	fantasy	[23847976, 25661765, 29077667, 22084157]
20617860	zombies	[18656187]
20617980	young-adult	[]
20618013	contemporary	[28502699, 23481937]
20618061	young-adult	[15741928]
20618110	young-adult	[22588585]
20618118	kindle-unlimited	[]
20618864	young-adult	[22007856]
20620056	young-adult	[12403797]
20620060	fantasy	[18371573]
20620100	young-adult	[23942249]
20620652	young-adult	[30337935, 20706588]
20621397	dystopian	[20917830]
20621490	fantasy	[17930465, 26175968, 27468538, 26150650, 9460487]
20626277	dystopia	[23288472]
20626304	young-adult	[]
20628320	young-adult	[21469054, 30343353, 30833399, 33249532, 18896874]
20628895	romance	[22567870]
20631803	young-adult	[]
20632268	young-adult	[26220221]
20632770	young-adult	[]
20632892	mythology	[18051965, 22075322, 26882346]
20636715	young-adult	[9841693]
20640755	young-adult	[23265889, 25455536]
20641763	netgalley	[]
20641771	young-adult	[30120578]
20642788	fantasy	[22057944, 22699480, 23361028, 23551245, 23197608]
20643052	fantasy	[23398607, 25090918, 25889417, 27068793, 25814724]
20644764	young-adult	[]
20645842	young-adult	[]
20646295	young-adult	[]
20646336	fantasy	[]
20646690	fantasy	[28234367, 27069085]
20646696	fantasy	[]
20646965	romance	[]
20647319	dystopian	[22371868, 22608435]
20647443	fantasy	[20647459]
20647459	fantasy	[]
20648060	paranormal	[]
20648285	fantasy	[21445816, 20833389]
20649195	young-adult	[28931511]
20651525	young-adult	[22753573, 25458325]
20651787	new-adult	[]
20651953	fantasy	[]
20652088	fantasy	[24957563]
20652096	fantasy	[28259022]
20652108	young-adult	[]
20652376	young-adult	[21547975, 20957276, 18077840, 23388663, 25719310]
20653745	young-adult	[]
20653878	zombies	[20708244]
20654223	vampires	[29616672]
20654544	fantasy	[]
20654888	young-adult	[]
20655582	dystopia	[]
20655593	young-adult	[27473676]
20656288	young-adult	[]
20657059	netgalley	[20405624]
20657437	young-adult	[26212693, 24669590]
20657806	young-adult	[29862937]
20658347	fantasy	[20617636, 23847976, 25661765, 29077667, 22084157]
20658816	new-adult	[]
20659824	young-adult	[]
20661211	2014-empty-bookshelf-challenge	[]
20661244	romance	[]
20662291	young-adult	[24885824]
20665621	young-adult	[]
20673754	young-adult	[]
20687064	mystery	[]
20691029	young-adult	[]
20693061	young-adult	[]
20694229	young-adult	[10349192]
20694358	young-adult	[]
20694805	fantasy	[]
20694947	romance	[29073948]
20694950	romance	[29522125]
20696040	young-adult	[23307642, 20559783]
20696434	sci-fi	[]
20697424	fantasy	[18817075]
20697813	fantasy	[]
20698530	young-adult	[22840858, 24261890, 24236522, 31444765]
20698546	zombies	[22638410, 20932044]
20698989	romance	[]
20699706	young-adult	[]
20700286	steampunk	[]
20701277	young-adult	[]
20701398	mythology	[]
20701975	fantasy	[25823959, 27253926]
20701994	young-adult	[]
20702025	young-adult	[21527232, 26239314, 24033946]
20702029	fantasy	[24356258, 23068265, 24532877, 24795904, 29539878, 22447220]
20702035	young-adult	[]
20702151	young-adult	[]
20702546	young-adult	[]
20703033	dystopian	[23395320, 24827241, 22749842, 33520436, 20887494]
20703245	angels	[25519287]
20703287	fantasy	[]
20705736	contemporary	[]
20706266	young-adult	[22937185, 21283134]
20706268	horror	[]
20706293	fantasy	[]
20706307	young-adult	[23207631, 24396868, 32052075]
20706313	mystery	[20706774, 24396883, 20829758]
20706588	young-adult	[]
20706715	young-adult	[25123907]
20706774	mystery	[24396883, 20829758]
20707669	2014-release	[]
20707729	young-adult	[]
20707791	horror	[23281646]
20707942	young-adult	[]
20708244	zombies	[]
20708670	fantasy	[]
20708754	young-adult	[25186631]
20709628	first-reads	[]
20714567	young-adult	[30621558, 25484994]
20721979	horror	[19500467, 25048277]
20725021	m-m	[22011554, 23553204, 34661269]
20726924	young-adult	[]
20727380	young-adult	[]
20727649	vampire-diaries	[18004534, 20889360, 25727991]
20727888	young-adult	[]
20729164	zombies	[20555564]
20733000	young-adult	[]
20733600	young-adult	[19322262, 23438401, 29484309]
20733620	young-adult	[16085468, 16085496, 18189461]
20733636	romance	[25764589, 33305024]
20734002	young-adult	[]
20734103	time-travel	[22882161]
20734195	young-adult	[]
20734692	fantasy	[]
20736260	young-adult	[]
20736985	young-adult	[24965090, 25326308, 24341343, 32569027]
20739303	netgalley	[]
20739318	zombies	[20745126]
20739400	young-adult	[]
20739555	science-fiction	[]
20743262	young-adult	[25224637]
20743686	fantasy	[22247252]
20744564	young-adult	[18589115, 20927211, 22381495, 20572939, 23356086, 22934411, 26831401, 18917179, 21895889]
20745126	zombies	[]
20746218	romance	[]
20747284	fantasy	[24700827]
20747680	young-adult	[20747787]
20747787	young-adult	[]
20748874	young-adult	[21567627]
20749119	new-adult	[20509070]
20750327	romance	[]
20753330	young-adult	[23281868]
20754848	romance	[]
20757532	horror	[23280526, 25819492]
20757763	young-adult	[]
20758103	young-adult	[]
20758104	young-adult	[3167229]
20758105	young-adult	[18814304]
20759393	young-adult	[]
20759445	young-adult	[]
20759481	young-adult	[21820128]
20759495	young-adult	[20535329, 22302682]
20759498	young-adult	[18732883, 23309648]
20759631	horror	[]
20759635	young-adult	[]
20759641	young-adult	[23129185]
20759749	young-adult	[23232301, 21411912, 20743262, 25224637]
20759913	young-adult	[28159835]
20762259	young-adult	[]
20764288	fantasy	[20986301]
20764638	young-adult	[22877451, 32757551]
20764755	science-fiction	[]
20766082	young-adult	[]
20768111	young-adult	[18912102]
20769219	fantasy	[]
20770646	young-adult	[]
20772346	not-interested	[]
20782805	fantasy	[21841598, 18668021]
20782933	young-adult	[20759495, 20535329, 22302682]
20786438	fantasy	[26074194, 26072589, 29875413, 28445995, 20812065, 27267112]
20788224	young-adult	[20766082]
20789538	fantasy	[]
20791334	fantasy	[]
20791885	young-adult	[20929561, 22319107, 22536600, 23441800, 21517151, 26509898, 30263024]
20795141	fantasy	[23460404]
20798572	time-travel	[23116865]
20799013	young-adult	[19367128, 22586252, 25675437]
20799109	young-adult	[]
20799220	fantasy	[20602999, 24331409, 28053589, 29876198, 30164772, 35228095]
20799722	fantasy	[18758917]
20799751	fantasy	[18897865, 18282060, 24337842, 23310212]
20799891	fantasy	[]
20799926	young-adult	[24393880]
20800199	fantasy	[]
20800584	young-adult	[]
20801166	romance	[]
20801439	fantasy	[]
20802650	young-adult	[]
20805267	kindle-unlimited	[]
20808581	young-adult	[]
20808615	young-adult	[]
20808857	new-adult	[]
20809183	fantasy	[18681547]
20809397	m-m	[21463321]
20809904	spanish	[]
20810165	young-adult	[]
20810174	young-adult	[]
20810860	young-adult	[18833589]
20812065	fantasy	[27267112]
20813195	reverse-harem	[22388490]
20813789	young-adult	[]
20814989	fantasy	[22429853, 25305109, 25795759, 25485803, 25716575]
20814993	fantasy	[29749673, 29352966, 29738162, 30038017, 30687555]
20816036	young-adult	[22418857]
20817134	first-reads	[]
20817320	young-adult	[]
20817358	young-adult	[196671]
20818790	fantasy	[]
20818832	young-adult	[]
20818984	fantasy	[22064067, 22920063, 23310784, 26064760]
20819649	fantasy	[20703287]
20819713	young-adult	[]
20820994	young-adult	[]
20821091	fantasy	[]
20821111	fantasy	[17984141, 23354036, 28247706, 29281476, 29561711, 30110234, 24611432]
20821121	young-adult	[]
20821149	young-adult	[25087345, 25065631]
20821306	fantasy	[21850355, 24273964, 25489188, 24941501]
20821339	young-adult	[21399432, 17412895, 25489415]
20821376	young-adult	[]
20821473	fantasy	[]
20821546	young-adult	[18627634]
20821763	young-adult	[]
20823207	dystopian	[]
20826779	young-adult	[20826785]
20826785	young-adult	[]
20827184	young-adult	[]
20827345	fantasy	[22028519]
20828001	young-adult	[]
20828081	horror	[]
20829565	dystopian	[22722814, 21920669, 23802202]
20829758	mystery	[]
20830614	time-travel	[21448622]
20833389	fantasy	[]
20833781	young-adult	[20693061]
20836409	young-adult	[]
20839584	young-adult	[20839588]
20839588	young-adult	[]
20849558	young-adult	[21806785]
20860126	young-adult	[]
20860316	young-adult	[23287166]
20860637	fantasy	[35009784]
20868374	vampires	[]
20868595	young-adult	[22021193, 21944038]
20868738	dystopian	[25970470, 21900914, 25966045]
20869378	young-adult	[]
20870695	fantasy	[]
20871635	retellings	[]
20872439	young-adult	[25816619]
20872989	young-adult	[]
20873145	fantasy	[25741467, 27295136, 26081688, 25864111]
20873154	mystery	[19400102]
20873160	young-adult	[25491768, 27995119, 30619137]
20873166	young-adult	[]
20873188	fantasy	[]
20873540	young-adult	[21949983]
20875585	horror	[24844825]
20876898	new-adult	[20933645]
20877291	young-adult	[]
20877295	young-adult	[24186626]
20877332	young-adult	[25246053, 26851979, 35114519, 25971281]
20877378	zombies	[13563221]
20877471	zombies	[20879059]
20877929	young-adult	[]
20878979	young-adult	[22573508]
20879059	zombies	[]
20879586	young-adult	[]
20880279	young-adult	[17234575]
20880620	horror	[]
20880981	romance	[21518013]
20881936	catholic-fiction	[26130058]
20882802	dystopian	[21856795]
20885228	young-adult	[]
20887494	dystopian	[]
20888156	young-adult	[23174802, 23202721]
20888572	young-adult	[35007760, 35300659, 16066586]
20889360	vampire-diaries	[25727991]
20890243	paranormal	[]
20890250	dystopian	[21474162]
20893458	fantasy	[22633620, 22922172, 23780474, 15850937]
20893509	dystopian	[25215116]
20893791	paranormal	[]
20893894	young-adult	[]
20894022	young-adult	[]
20896304	fantasy	[18866743, 23433223]
20899178	young-adult	[35648521, 25658857]
20899300	fantasy	[11558268]
20899850	young-adult	[]
20906693	abuse	[]
20907407	fantasy	[20911767]
20910326	young-adult	[21443484, 22038278, 22019444, 18713720, 18960669, 21143500, 18267158]
20910533	romance	[32717145, 22493457]
20911403	young-adult	[]
20911450	fantasy	[]
20911660	arc	[]
20911767	fantasy	[]
20914274	fantasy	[24885531, 29356118, 3777732]
20917191	vampires	[20929541, 23345839, 30120666]
20917827	science-fiction	[]
20917830	dystopian	[]
20919760	romance	[]
20920324	fantasy	[18104128]
20922525	young-adult	[26883049, 22071386]
20922567	young-adult	[]
20922678	dystopian	[]
20922826	young-adult	[]
20923920	science-fiction	[]
20927211	young-adult	[22381495, 20572939, 23356086, 22934411, 26831401, 18917179, 21895889]
20928974	young-adult	[25204053, 22055507]
20929530	young-adult	[]
20929541	vampires	[23345839, 30120666]
20929561	young-adult	[22319107, 22536600, 23441800, 21517151, 26509898, 30263024]
20929586	young-adult	[23719212]
20929842	horror	[20875585, 24844825]
20929907	fantasy	[22571273]
20931169	new-adult	[]
20932044	zombies	[]
20932608	paranormal	[18500716, 13582718]
20932616	fantasy	[22005755]
20933305	young-adult	[20974384]
20933645	new-adult	[]
20934582	netgalley	[]
20935089	young-adult	[]
20935141	dystopian	[]
20935599	paranormal	[]
20937791	young-adult	[23844129]
20938901	time-travel	[13011828, 18633867, 12701618]
20942357	romance	[21898034]
20944615	vampires	[26151879, 19286603, 21807312]
20947360	fantasy	[21469136, 28004076, 30843039, 19415228]
20950080	reviewed	[]
20950649	dystopian	[]
20950716	young-adult	[]
20956668	new-adult	[22031557]
20957276	young-adult	[18077840, 23388663, 25719310]
20957429	divergent	[22666215]
20957924	m-m	[]
20958632	to-buy	[]
20958987	dystopian	[]
20959851	young-adult	[]
20960464	young-adult	[17726564, 20407391]
20967388	young-adult	[]
20969698	young-adult	[17234658, 20877332, 25246053, 26851979, 35114519, 25971281]
20969700	young-adult	[]
20972117	romance	[]
20974384	young-adult	[]
20980648	steampunk	[20617170, 25257169, 21407176]
20981049	romance	[22090656]
20982535	young-adult	[18812511, 22029728]
20982578	new-adult	[22365931]
20982841	fantasy	[18079804, 17730088, 18621194, 22009555, 22034981, 22613044, 22389386, 22860122, 22521580]
20982939	young-adult	[22616468, 20518889]
20983310	fantasy	[29092955]
20983351	young-adult	[]
20983362	fantasy	[25326838, 29338023, 31684018, 34112823, 33411479]
20983366	fantasy	[31306288]
20983987	contemporary	[]
20984818	vampires	[]
20985505	dystopian	[]
20986041	dystopian	[18241651, 13412377, 19182233]
20986301	fantasy	[]
20986914	dystopian	[]
20990490	romance	[]
20995607	fantasy	[21401478]
21000786	fantasy	[25321022, 21801079]
21013383	young-adult	[]
21018154	contemporary	[28177122]
21020525	young-adult	[]
21028311	realistic-fiction	[22558034, 22323015, 21936986, 15749186, 25131427, 21887396, 29542555, 31823927, 32945382]
21029365	young-adult	[]
21051615	fantasy	[22108738]
21051717	young-adult	[24930387, 20580588, 23429750]
21051725	young-adult	[]
21054834	cathy-cassidy	[21939081]
21061037	young-adult	[]
21061684	young-adult	[]
21061789	fantasy	[]
21062449	young-adult	[]
21066034	romance	[15986284, 17567504]
21073824	young-adult	[24980633, 21448831, 23768216, 25452150]
21082129	fantasy	[25501487]
21093828	young-adult	[22838025, 22369464, 19432036]
21112814	angels	[]
21116887	have	[]
21130121	young-adult	[]
21138170	vampires	[]
21143500	young-adult	[18267158]
21150383	fantasy	[]
21154524	netgalley	[]
21165617	freebies	[]
21171882	fantasy	[]
21186045	young-adult	[]
21239555	young-adult	[19688379]
21243216	young-adult	[18490660]
21248833	young-adult	[]
21268459	science-fiction	[]
21273511	young-adult	[]
21283134	young-adult	[]
21293411	young-adult	[]
21341039	fantasy	[21082129, 25501487]
21341548	fantasy	[]
21342647	young-adult	[]
21358368	angels	[]
21385579	young-adult	[]
21393345	fantasy	[25155872]
21393504	young-adult	[22529159, 25431243]
21393526	fantasy	[23215491, 22864490, 27064342]
21394255	young-adult	[10407121, 2938728, 18079910, 12029011, 7541858, 6999776, 6820997, 9782708, 9692831, 9025186, 16074780, 24885537, 26542880, 29356081]
21394573	young-adult	[]
21395264	young-adult	[]
21396155	fantasy	[25733660, 29095127, 30160760, 26047679]
21399241	young-adult	[20448958]
21399432	young-adult	[17412895, 25489415]
21399738	first-reads	[23120301]
21401478	fantasy	[]
21402007	young-adult	[12958707, 28599556]
21402784	paranormal	[]
21407176	steampunk	[]
21408319	romance	[]
21408380	young-adult	[]
21411034	young-adult	[]
21411246	young-adult	[19216865]
21411912	young-adult	[20743262, 25224637]
21412259	young-adult	[]
21412441	young-adult	[17409299, 18453108]
21412526	young-adult	[6479286]
21412697	paranormal	[]
21413206	short-stories	[17280082]
21413261	young-adult	[]
21413814	dystopian	[24973415, 18808853]
21413855	young-adult	[23634169, 29100907, 28400575, 25898210]
21413922	lgbtq	[]
21414439	fantasy	[25187640, 26802894, 28355848, 33125819, 29939389]
21414789	netgalley	[22606634, 22698843]
21415849	disney	[]
21416891	fantasy	[28329632]
21416910	steampunk	[8500544]
21416935	western	[]
21416945	young-adult	[]
21417381	young-adult	[20791885, 20929561, 22319107, 22536600, 23441800, 21517151, 26509898, 30263024]
21419593	young-adult	[22677731]
21420065	fantasy	[]
21420137	romance	[]
21421559	young-adult	[]
21421609	fantasy	[32058008, 31449377]
21422053	fantasy	[18302133, 20454116]
21423614	young-adult	[]
21423893	christian-fiction	[24887416]
21424813	young-adult	[23213031]
21425080	young-adult	[]
21425514	young-adult	[]
21434730	young-adult	[25878229]
21443484	young-adult	[22038278, 22019444, 18713720, 18960669, 21143500, 18267158]
21444884	young-adult	[]
21445816	fantasy	[20833389]
21448622	time-travel	[]
21448697	fantasy	[]
21448831	young-adult	[23768216, 25452150]
21454159	young-adult	[]
21454376	young-adult	[]
21456821	fantasy	[]
21457212	paranormal	[29490957, 22433396]
21458175	young-adult	[24995028, 22492901, 18810188]
21460578	young-adult	[]
21461200	fantasy	[21542040]
21461632	fantasy	[18601430, 20642788, 22057944, 22699480, 23361028, 23551245, 23197608]
21463321	m-m	[]
21464106	horror	[25263927]
21465418	vampires	[]
21466228	young-adult	[22342096, 18000548]
21466354	young-adult	[26205510]
21466608	young-adult	[]
21466631	fantasy	[]
21466802	the-french-girl-series	[]
21469039	young-adult	[20613538]
21469049	sci-fi	[]
21469053	science-fiction	[]
21469054	young-adult	[30343353, 30833399, 33249532, 18896874]
21469060	fantasy	[24979831]
21469068	young-adult	[]
21469090	fantasy	[25755451, 25858041]
21469102	young-adult	[]
21469108	young-adult	[]
21469136	fantasy	[28004076, 30843039, 19415228]
21469142	science-fiction	[]
21469162	young-adult	[]
21469933	steampunk	[]
21470612	classics	[]
21471358	young-adult	[22040649, 34499902]
21472900	fantasy	[]
21473233	young-adult	[26033988, 26026376]
21473404	fantasy	[28187, 893172, 7581796, 6935607, 6692896, 9692846, 7816926, 18190302, 22456224, 7848832, 7848833, 2167829]
21473632	m-m	[]
21473777	young-adult	[17241734, 15717651, 17317597, 18684377, 17333239, 18392499]
21473811	young-adult	[]
21474162	dystopian	[]
21474959	fantasy	[23339603, 23599995, 26031132, 27826177, 18889300, 21341039, 21082129, 25501487]
21480311	fantasy	[24646108]
21480854	fantasy	[22723234]
21480858	young-adult	[23848242]
21482237	new-adult	[24285076, 20808857]
21483248	young-adult	[22033043]
21485683	romance	[22080441]
21485940	fantasy	[18162472, 22622580, 28234308]
21493022	new-adult	[]
21493775	paranormal	[]
21498759	fantasy	[9649924, 7171748]
21499049	netgalley	[18905108]
21517151	young-adult	[26509898, 30263024]
21518013	romance	[]
21518344	fantasy	[]
21519129	fantasy	[21976265]
21519379	young-adult	[22065331]
21519425	young-adult	[]
21519747	science-fiction	[]
21521240	young-adult	[]
21521965	lgbtq	[]
21522102	young-adult	[22896538]
21524446	fantasy	[25244111, 24820300, 29076057, 30134512, 25337864, 25474363]
21525975	young-adult	[27280428]
21527232	young-adult	[26239314, 24033946]
21529166	zombies	[23493104, 22552095]
21529297	realistic-fiction	[17571752, 15801353, 22596018, 30304769, 35126335, 19924185]
21529344	dystopia	[]
21529626	young-adult	[28504109, 31374864]
21529783	young-adult	[]
21529934	dystopian	[25739275]
21532015	young-adult	[]
21532100	young-adult	[16034313]
21532188	romance	[17565984, 33028767]
21532348	romance	[21851705]
21532949	fantasy	[]
21535293	netgalley	[]
21536592	sci-fi	[32820386]
21539441	young-adult	[22737979]
21541794	young-adult	[21521240]
21542040	fantasy	[]
21546201	young-adult	[]
21547358	contemporary	[]
21547854	romance	[22054905]
21547855	young-adult	[23209437, 23291620, 25166806]
21547975	young-adult	[20957276, 18077840, 23388663, 25719310]
21550426	fantasy	[20558767, 23665226]
21560400	young-adult	[23596851, 22215758, 25326651]
21567627	young-adult	[]
21568710	lorien-legacies	[]
21568719	young-adult	[]
21569527	fantasy	[25851812]
21569869	young-adult	[22006520]
21570172	young-adult	[]
21570244	young-adult	[20959851]
21570318	fantasy	[]
21570389	young-adult	[23593923, 23604415, 33016965]
21570677	young-adult	[6990471, 9568542, 7038582, 15810691, 12182839, 6990472, 6740549, 6740548, 10924852, 8602079, 10438778, 13405246, 15992908, 20493695, 21911416, 22738932, 4374400]
21582034	paranormal	[]
21602508	mystery	[12190187]
21605837	young-adult	[12148444]
21611451	fantasy	[]
21612284	mermaids	[11425250]
21620329	fantasy	[5981496]
21681394	reviewed	[20950080]
21686158	young-adult	[13580846, 19107949, 31370419]
21690283	fantasy	[]
21692325	mystery	[21936391]
21727411	romance	[12395883]
21730246	dystopian	[]
21740594	young-adult	[17563021, 18046743]
21750448	young-adult	[22826099]
21755390	young-adult	[17694259]
21766289	young-adult	[18920371]
21766294	young-adult	[]
21776709	young-adult	[18753202, 28235555]
21777537	fantasy	[]
21782077	netgalley	[18781463, 21154524]
21782422	dystopia	[16211288]
21783622	young-adult	[]
21784177	young-adult	[20449714]
21785636	young-adult	[]
21787562	young-adult	[]
21792969	fantasy	[]
21793182	sci-fi	[28226605]
21793221	house-of-night	[18739887]
21793411	fantasy	[]
21793597	dystopian	[13600213]
21794115	fantasy	[23119672, 23156018]
21795658	young-adult	[18693883]
21795961	vampires	[]
21797067	arc	[]
21797165	young-adult	[33838479]
21798383	first-reads	[21840047]
21798470	fantasy	[25572274]
21798565	young-adult	[23342511, 25010920]
21800559	young-adult	[]
21800619	paranormal	[22077306]
21800998	young-adult	[]
21801079	fantasy	[]
21802177	fantasy	[]
21802272	young-adult	[]
21802639	young-adult	[]
21803253	young-adult	[]
21805213	fantasy	[]
21805399	young-adult	[22021094]
21805717	young-adult	[]
21806047	vampires	[24352803]
21806369	fantasy	[]
21806785	young-adult	[]
21807312	vampires	[]
21816250	young-adult	[]
21816327	young-adult	[23127434, 24941106]
21816749	young-adult	[]
21817274	fantasy	[]
21817700	fantasy	[21469090, 25755451, 25858041]
21819466	read-2015	[]
21820128	young-adult	[]
21825384	fantasy	[21817700, 21469090, 25755451, 25858041]
21825607	young-adult	[28490361, 22616635]
21825776	2018-releases	[]
21825918	new-adult	[29085793]
21826050	fantasy	[34610680, 34750379, 22698406]
21826330	fantasy	[]
21840047	first-reads	[]
21841598	fantasy	[18668021]
21843172	fantasy	[23344415, 26047678]
21843647	dystopian	[]
21845122	science-fiction	[24181993, 24004387]
21845849	new-adult	[23441296]
21847609	reverse-harem	[20813195, 22388490]
21848017	young-adult	[]
21848164	first-reads	[]
21848195	first-reads	[]
21850308	young-adult	[16153521, 25561068, 24611770]
21850355	fantasy	[24273964, 25489188, 24941501]
21851226	young-adult	[]
21851705	romance	[]
21853097	young-adult	[23197010]
21853420	young-adult	[]
21853636	young-adult	[]
21853677	horror	[]
21853685	young-adult	[]
21853753	fantasy	[]
21853967	young-adult	[]
21853985	dystopian	[]
21854629	dystopian	[]
21856795	dystopian	[]
21857830	fantasy	[22553270]
21859363	romance	[22917215, 23716844, 23470729]
21859420	dystopian	[]
21860508	young-adult	[33918589, 22450463]
21863930	young-adult	[20656288]
21865577	v-c-andrews	[21888183, 22051953]
21870989	romance	[16401232, 18893985]
21873092	fantasy	[29231437]
21873331	if-i-stay	[24803360]
21878049	young-adult	[]
21882090	young-adult	[]
21882134	young-adult	[126431, 22396330]
21882262	romance	[23680798]
21882602	young-adult	[25057760]
21882766	new-adult	[]
21887396	realistic-fiction	[29542555, 31823927, 32945382]
21888183	v-c-andrews	[22051953]
21888184	v-c-andrews	[22757080]
21888231	young-adult	[]
21888233	young-adult	[22613466]
21888731	zombies	[]
21888732	zombies	[11768919]
21888733	zombies	[18824548, 8183949]
21889954	dystopian	[]
21890759	young-adult	[]
21890781	young-adult	[]
21892496	young-adult	[]
21894356	young-adult	[23206131]
21894540	hunger-games	[]
21894650	paranormal	[]
21895889	young-adult	[]
21896076	contemporary	[23140153, 25356225]
21896631	young-adult	[26123675, 24944860]
21896811	distopici	[]
21897654	sci-fi	[]
21898034	romance	[]
21898683	young-adult	[]
21900138	fantasy	[]
21900914	dystopian	[25966045]
21901453	fantasy	[18926673, 22535408, 19006304, 24379760, 24925552, 22718800, 21341548]
21911416	young-adult	[22738932, 4374400]
21912421	mystery	[22073653]
21920669	dystopian	[23802202]
21920943	james-patterson	[]
21921030	young-adult	[28505844]
21926625	jamie-mcguire	[25231700, 23574285]
21928848	young-adult	[24682771, 25818363, 19053172]
21929537	fantasy	[]
21932898	young-adult	[21892496]
21933437	young-adult	[]
21935528	young-adult	[27133250]
21936152	science-fiction	[]
21936187	arc	[]
21936391	mystery	[]
21936683	horror	[22306278, 23667177]
21936800	young-adult	[]
21936807	dystopian	[]
21936937	historical-fiction	[25733272]
21936986	realistic-fiction	[15749186, 25131427, 21887396, 29542555, 31823927, 32945382]
21936988	fantasy	[22536448, 23411347, 24215135, 25174998]
21937130	fantasy	[18775657, 20331482, 22450140, 23527509, 25644677, 24944889, 25893213, 20870695]
21937246	sci-fi	[]
21937282	zombies	[]
21938192	young-adult	[]
21939081	cathy-cassidy	[]
21939269	fantasy	[18001518, 18244506, 22729350, 23731820]
21939833	young-adult	[22750782]
21940203	fantasy	[20551638]
21942464	fantasy	[]
21942465	young-adult	[]
21942787	romance	[22717186]
21943021	young-adult	[]
21943246	young-adult	[]
21944038	young-adult	[]
21944665	young-adult	[]
21946861	dystopian	[]
21948194	dystopian	[23152979]
21948626	fantasy	[28869898]
21949375	young-adult	[17798679, 29612976, 35684527, 18834651]
21949983	young-adult	[]
21951245	young-adult	[]
21951312	young-adult	[25521501]
21952712	dystopian	[]
21952769	fantasy	[]
21954462	fantasy	[22610732, 18525661, 23123246, 22141040]
21955187	paranormal	[]
21957476	young-adult	[21938192]
21962068	paranormal	[]
21964105	paranormal	[]
21965351	maze-runner	[22918299]
21969488	horse-books	[]
21969786	young-adult	[]
21971874	young-adult	[22353341]
21972742	fantasy	[24201318, 24885506, 31946400]
21973270	young-adult	[22114263]
21975940	young-adult	[]
21975949	fantasy	[]
21976265	fantasy	[]
21976510	netgalley	[23447677]
21979832	fantasy	[25950053, 30363330, 25733270]
21988996	young-adult	[22032327, 21417381, 20791885, 20929561, 22319107, 22536600, 23441800, 21517151, 26509898, 30263024]
21996398	young-adult	[24316140]
22005755	fantasy	[]
22006520	young-adult	[]
22007856	young-adult	[]
22008478	fantasy	[28016370, 30792604]
22008489	young-adult	[]
22009372	time-travel	[]
22009384	time-travel	[]
22009555	fantasy	[22034981, 22613044, 22389386, 22860122, 22521580]
22009560	fantasy	[22978079, 23216567, 25967038, 24612656, 28477293]
22009769	fantasy	[20342504]
22010889	contemporary	[]
22011229	fantasy	[23307351]
22011554	m-m	[23553204, 34661269]
22011614	young-adult	[24532910, 22535384]
22011936	young-adult	[23567695]
22012747	fantasy	[23157090]
22015022	dystopian	[23378962]
22016203	fantasy	[]
22017147	dystopian	[]
22018094	dystopian	[22378921]
22018255	young-adult	[]
22019274	contemporary	[]
22019279	contemporary	[27765945]
22019444	young-adult	[18713720, 18960669, 21143500, 18267158]
22019704	young-adult	[20828001]
22021094	young-adult	[]
22021193	young-adult	[21944038]
22021611	young-adult	[22024210]
22021627	new-adult	[]
22021725	young-adult	[25932917, 25824455]
22021811	dystopia	[20559162]
22023086	fantasy	[22603399]
22023638	young-adult	[]
22024061	new-adult	[33784597, 22072550]
22024210	young-adult	[]
22024480	fantasy	[]
22026706	mystery	[22907251]
22027907	fantasy	[24329742]
22028207	fantasy	[20256556, 24602133]
22028519	fantasy	[]
22029529	fantasy	[]
22029714	young-adult	[]
22029728	young-adult	[]
22030244	young-adult	[29619229]
22031557	new-adult	[]
22032327	young-adult	[21417381, 20791885, 20929561, 22319107, 22536600, 23441800, 21517151, 26509898, 30263024]
22033043	young-adult	[]
22033318	angels	[]
22034981	fantasy	[22613044, 22389386, 22860122, 22521580]
22037759	pretty-little-liars	[]
22037912	science-fiction	[22925849, 22062976]
22038278	young-adult	[22019444, 18713720, 18960669, 21143500, 18267158]
22038465	young-adult	[23297931]
22038811	young-adult	[]
22040226	mystery	[24611703]
22040649	young-adult	[34499902]
22040968	young-adult	[29915951]
22041701	young-adult	[23995302, 19064110, 23344468]
22045954	fantasy	[20257177, 19189768]
22046915	fantasy	[27969866]
22047344	young-adult	[]
22048520	ebooks	[]
22048837	dystopia	[18781203]
22050314	netgalley	[]
22050853	dystopia	[]
22051720	young-adult	[20879586]
22051953	v-c-andrews	[]
22052095	young-adult	[22596856]
22052168	freebies	[22398364]
22052170	young-adult	[23474057]
22052700	young-adult	[]
22052760	netgalley	[22050314]
22053004	young-adult	[22490977]
22053410	young-adult	[22546115]
22054102	young-adult	[]
22054340	young-adult	[25093498, 22108736]
22054433	maybe	[]
22054463	young-adult	[]
22054905	romance	[]
22055507	young-adult	[]
22055732	romance	[]
22056524	on-kindle	[20442109]
22056601	paranormal	[]
22056791	fantasy	[24503187]
22057437	romance	[18893982]
22057944	fantasy	[22699480, 23361028, 23551245, 23197608]
22059376	mystery	[21912421, 22073653]
22059486	kindle-books	[]
22059569	time-travel	[24886355]
22059784	young-adult	[]
22060502	dystopian	[25158508, 22424057]
22061231	thriller	[]
22061830	new-adult	[]
22061971	dystopian	[22544113, 23262564]
22062231	young-adult	[22551390]
22062976	science-fiction	[]
22062977	young-adult	[]
22063856	fantasy	[24885521, 21061789]
22063916	young-adult	[18668057, 22673819]
22064067	fantasy	[22920063, 23310784, 26064760]
22065063	new-adult	[]
22065067	fantasy	[33244151]
22065331	young-adult	[]
22066090	young-adult	[]
22067637	young-adult	[28794690]
22067696	fantasy	[22783634]
22069492	young-adult	[]
22070080	young-adult	[10766057]
22070943	young-adult	[2970898]
22070953	fantasy	[]
22071386	young-adult	[]
22071882	young-adult	[]
22071887	young-adult	[23163935]
22072550	new-adult	[]
22073653	mystery	[]
22074322	fantasy	[]
22075322	mythology	[26882346]
22075460	romance	[22706995]
22076576	young-adult	[]
22077289	fantasy	[18145491]
22077306	paranormal	[]
22078263	young-adult	[]
22080441	romance	[]
22081410	time-travel	[20385734, 19355359, 23572990]
22081829	steampunk	[]
22084157	fantasy	[]
22084431	young-adult	[22911350]
22086467	romance	[28006481]
22087268	fantasy	[20613491, 23172473, 20818984, 22064067, 22920063, 23310784, 26064760]
22089441	m-m	[20453329]
22089478	young-adult	[7624095, 8689301, 7953094]
22089601	romance	[]
22090656	romance	[]
22091258	young-adult	[23197484]
22091995	young-adult	[]
22094961	fantasy	[]
22094965	fantasy	[]
22095243	young-adult	[23645690]
22095339	fantasy	[20697424, 18817075]
22095547	fantasy	[22095552]
22095552	fantasy	[]
22095666	young-adult	[17452020]
22096015	romance	[28502788, 25664412]
22096205	fantasy	[]
22096222	young-adult	[]
22096570	fantasy	[]
22096878	young-adult	[]
22103716	fantasy	[22420287]
22106358	contemporary	[]
22108736	young-adult	[]
22108738	fantasy	[]
22112248	dystopian	[]
22114263	young-adult	[]
22125441	first-reads	[21399738, 23120301]
22138376	science-fiction	[]
22139767	young-adult	[]
22141040	fantasy	[]
22166276	ebooks	[]
22172497	young-adult	[]
22204865	young-adult	[]
22206698	young-adult	[29097766]
22206798	dystopia	[]
22206799	science-fiction	[]
22208238	young-adult	[24366953]
22215758	young-adult	[25326651]
22216603	young-adult	[22216604, 22047344]
22216604	young-adult	[22047344]
22223789	young-adult	[]
22230019	dystopian	[]
22230947	young-adult	[]
22231395	contemporary-romance	[18214192]
22231876	young-adult	[23541252]
22236506	dystopian	[17898516, 16007911]
22236535	fantasy	[]
22239157	dystopian	[]
22247252	fantasy	[]
22247695	young-adult	[23533128]
22249710	young-adult	[22249711, 25010975]
22249711	young-adult	[25010975]
22249765	dystopian	[]
22249766	dystopian	[22701783]
22260666	young-adult	[18485862]
22268507	young-adult	[]
22271138	science-fiction	[]
22284069	young-adult	[17846767]
22285187	dystopian	[22772408]
22292788	young-adult	[]
22294867	dream-series	[]
22294935	fantasy	[23006119, 26642116, 26836052, 26843776, 26191000, 29395172, 34866056, 26011489]
22295304	fantasy	[23719521, 25868457]
22296822	fantasy	[31170713, 29566060]
22297138	young-adult	[22718814, 24549765, 28253346, 25832927, 25901556]
22298502	young-adult	[]
22299642	dystopian	[]
22299648	fantasy	[36203912]
22299763	fantasy	[28933383, 35116827, 28937572]
22302682	young-adult	[]
22304062	young-adult	[23375146]
22306278	horror	[23667177]
22306618	young-adult	[22673208]
22308716	fantasy	[22369406, 23623862, 25504618, 22369418, 25796670, 29243438, 22706899, 22328558]
22308738	fantasy	[22308716, 22369406, 23623862, 25504618, 22369418, 25796670, 29243438, 22706899, 22328558]
22308769	young-adult	[17278396]
22310743	young-adult	[21928848, 24682771, 25818363, 19053172]
22311017	young-adult	[18684870]
22311987	young-adult	[26046868]
22313756	young-adult	[22613285]
22314942	romance	[]
22317508	young-adult	[24638201, 22749550, 23589464, 24570820, 23686712]
22317828	summer	[25973207]
22318570	fantasy	[]
22318571	young-adult	[]
22318573	fantasy	[22856374]
22319051	young-adult	[]
22319107	young-adult	[22536600, 23441800, 21517151, 26509898, 30263024]
22319540	young-adult	[13648]
22320091	romance	[22557696]
22320214	time-travel	[]
22320457	young-adult	[]
22320502	fantasy	[]
22322089	new-adult	[]
22323015	realistic-fiction	[21936986, 15749186, 25131427, 21887396, 29542555, 31823927, 32945382]
22323658	fantasy	[25404882]
22323929	mystery	[22040226, 24611703]
22324857	fantasy	[]
22324971	young-adult	[23208848]
22328546	fantasy	[17878931, 22308738, 22308716, 22369406, 23623862, 25504618, 22369418, 25796670, 29243438, 22706899, 22328558]
22328549	young-adult	[]
22328558	fantasy	[]
22333608	romance	[]
22339002	young-adult	[]
22340261	young-adult	[]
22341272	young-adult	[26296884, 22066090]
22342096	young-adult	[18000548]
22342670	fantasy	[]
22351171	fantasy	[]
22351237	young-adult	[]
22353341	young-adult	[]
22358760	romance	[]
22358846	romance	[26615686, 27153891]
22359983	fantasy	[]
22361166	romance	[]
22365931	new-adult	[]
22369406	fantasy	[23623862, 25504618, 22369418, 25796670, 29243438, 22706899, 22328558]
22369418	fantasy	[25796670, 29243438, 22706899, 22328558]
22369464	young-adult	[19432036]
22371036	dystopia	[]
22371868	dystopian	[22608435]
22372184	young-adult	[]
22374406	fantasy	[]
22376932	young-adult	[]
22377307	young-adult	[26138096, 30328189, 27251214]
22378921	dystopian	[]
22379835	dystopia	[]
22381495	young-adult	[20572939, 23356086, 22934411, 26831401, 18917179, 21895889]
22383128	young-adult	[24251502]
22385288	young-adult	[23364533]
22386425	young-adult	[23341575, 23601801, 20180099]
22386426	romance	[18894667]
22388490	reverse-harem	[]
22389386	fantasy	[22860122, 22521580]
22391592	fantasy	[23016004]
22391912	romance	[23448457]
22392431	paranormal	[23795320]
22392755	fantasy	[]
22393038	young-adult	[26211045]
22393948	dystopian	[20612051, 20829565, 22722814, 21920669, 23802202]
22396330	young-adult	[]
22396591	horror	[]
22398327	young-adult	[23118936, 25231729, 23173011]
22398328	romance	[25231769]
22398364	freebies	[]
22400015	fantasy	[27426221, 26795646, 31283042, 28165529]
22400091	netgalley	[23437859]
22401692	young-adult	[32495446]
22402154	romance	[22086467, 28006481]
22402524	romance	[]
22403051	dystopian	[]
22405928	young-adult	[]
22408353	fantasy	[25716099]
22418857	young-adult	[]
22420287	fantasy	[]
22423557	new-adult	[22065063]
22424057	dystopian	[]
22425484	paranormal	[25343597]
22426676	netgalley	[23690541]
22427505	zombies	[22730306]
22428707	fantasy	[25788145]
22428828	fantasy	[25250559, 24405575]
22429350	young-adult	[]
22429623	fantasy	[]
22429853	fantasy	[25305109, 25795759, 25485803, 25716575]
22432577	young-adult	[23526543]
22432999	mystery	[23148091, 25670510]
22433396	paranormal	[]
22437523	young-adult	[24383999]
22443451	young-adult	[18713356, 21458175, 24995028, 22492901, 18810188]
22443698	fantasy	[]
22443964	romance	[23010889, 24316923]
22444090	young-adult	[]
22444677	fantasy	[22323658, 25404882]
22444806	dystopian	[]
22445807	young-adult	[]
22445886	young-adult	[22934448]
22445986	kindle-unlimited	[]
22446013	paranormal	[]
22447220	fantasy	[]
22449285	young-adult	[22557518, 25785718]
22449288	fantasy	[]
22449393	young-adult	[]
22449800	fantasy	[26115230]
22450140	fantasy	[23527509, 25644677, 24944889, 25893213, 20870695]
22450288	young-adult	[]
22450335	dystopian	[22537705]
22450463	young-adult	[]
22451025	aliens	[22555554]
22452354	fantasy	[]
22456224	fantasy	[7848832, 7848833, 2167829]
22456292	fantasy	[7941797]
22456714	fantasy	[]
22456905	time-travel	[]
22457061	young-adult	[23395811, 24895536, 25377533]
22457109	young-adult	[22703968, 31985854, 30166599, 30166209]
22457315	fantasy	[]
22457380	young-adult	[25785780]
22458368	dystopian	[22817493]
22459608	young-adult	[]
22460532	young-adult	[]
22461583	mystery	[22323929, 22040226, 24611703]
22461683	young-adult	[]
22465083	science-fiction	[25861792]
22465102	dystopian	[22444806]
22465352	young-adult	[]
22465597	young-adult	[]
22465605	young-adult	[]
22465726	dystopian	[]
22465896	horror	[34212610]
22466255	young-adult	[]
22466429	young-adult	[]
22466620	fantasy	[17244064, 17162156, 18798818, 20621490, 17930465, 26175968, 27468538, 26150650, 9460487]
22468132	young-adult	[]
22469323	fantasy	[23310718, 27251372]
22469524	young-adult	[]
22469648	new-adult	[22473783, 22829721]
22471541	young-adult	[]
22471545	young-adult	[]
22472172	fantasy	[22023086, 22603399]
22473277	young-adult	[1346345]
22473783	new-adult	[22829721]
22475352	fantasy	[31408308, 31439237]
22483750	young-adult	[25823072, 29232194]
22489107	young-adult	[24789575, 22489597, 22561230, 23414250, 35900300, 22499754]
22489597	young-adult	[22561230, 23414250, 35900300, 22499754]
22489693	young-adult	[18754118]
22490977	young-adult	[]
22492901	young-adult	[18810188]
22493457	romance	[]
22494087	fantasy	[22608063]
22494146	freebies	[]
22499313	m-m	[20957924]
22499754	young-adult	[]
22500587	fantasy	[22016203]
22500613	short-stories	[]
22500624	sci-fi	[22674217]
22500959	mystery	[]
22501052	young-adult	[22466255]
22501053	young-adult	[23012527]
22501055	historical-fiction	[]
22504696	fantasy	[]
22504705	young-adult	[]
22510983	young-adult	[23705519, 22557512, 25089112]
22511892	fantasy	[23509123]
22521558	young-adult	[]
22521560	dystopian	[]
22521562	dystopian	[]
22521580	fantasy	[]
22521588	young-adult	[]
22521589	young-adult	[]
22521591	steampunk	[]
22521951	young-adult	[]
22522202	romance	[24885704, 25044118, 29976253, 27206466, 25090159, 25485468]
22523293	young-adult	[22885434]
22524302	young-adult	[]
22525534	have	[24513338, 22642927, 26216193, 23394805, 21116887]
22529151	young-adult	[]
22529159	young-adult	[25431243]
22529162	fantasy	[23286931, 23555215, 23569524, 25755939, 26225491, 28487403, 27774758, 28446392]
22529351	fantasy	[32715248, 33174801, 20416427]
22535190	fantasy	[]
22535384	young-adult	[]
22535398	fantasy	[]
22535408	fantasy	[19006304, 24379760, 24925552, 22718800, 21341548]
22535440	young-adult	[22468132]
22535452	young-adult	[31247017]
22535481	fantasy	[17930904, 33258356]
22536448	fantasy	[23411347, 24215135, 25174998]
22536600	young-adult	[23441800, 21517151, 26509898, 30263024]
22537667	young-adult	[17913295]
22537705	dystopian	[]
22537729	fantasy	[24059777, 24502546]
22539894	young-adult	[22754651]
22540210	horror	[]
22540276	fantasy	[24384397]
22542534	ya-romance	[22724889]
22542584	fantasy	[]
22542586	fantasy	[22693119]
22543570	young-adult	[]
22544113	dystopian	[23262564]
22545158	fantasy	[]
22545955	young-adult	[]
22546087	young-adult	[25825932, 30290110, 36353058]
22546115	young-adult	[]
22546577	fantasy	[]
22546700	young-adult	[]
22546791	young-adult	[]
22548197	romance	[28008718, 18216844]
22548199	young-adult	[]
22550320	dystopian	[23168760]
22551390	young-adult	[]
22552095	zombies	[]
22552583	young-adult	[22739096]
22553270	fantasy	[]
22555473	young-adult	[]
22555554	aliens	[]
22555925	young-adult	[9568989]
22556062	dystopian	[23353516]
22557512	young-adult	[25089112]
22557518	young-adult	[25785718]
22557696	romance	[]
22558034	realistic-fiction	[22323015, 21936986, 15749186, 25131427, 21887396, 29542555, 31823927, 32945382]
22558842	young-adult	[]
22559712	young-adult	[25691570, 26865967]
22559726	sherrilyn-kenyon	[32479175]
22559756	chronicles-of-nick	[]
22559985	young-adult	[23597691, 17797357]
22561230	young-adult	[23414250, 35900300, 22499754]
22561320	young-adult	[25524631]
22561373	m-m	[17609249]
22562579	young-adult	[27019388]
22564139	young-adult	[196643]
22564142	young-adult	[]
22564657	young-adult	[22051720, 20879586]
22567870	romance	[]
22568718	fantasy	[17623976]
22569333	romance	[]
22570441	fantasy	[]
22571053	fantasy	[]
22571251	young-adult	[]
22571252	adventure	[23735867]
22571272	read-in-2014	[23665971, 25595267]
22571273	fantasy	[]
22571275	young-adult	[18115187, 22928735, 24830401]
22571278	young-adult	[24961521]
22571365	fantasy	[23281737, 26150790]
22572719	young-adult	[]
22572728	summer	[22317828, 25973207]
22573508	young-adult	[]
22574139	christian	[]
22582344	fantasy	[18936816]
22582361	time-travel	[]
22583003	fantasy	[]
22583196	time-travel	[25497030]
22584503	young-adult	[22558842]
22584517	young-adult	[18909647, 23310156, 27259133, 25194131, 24924155]
22585896	fantasy	[26891475, 30306235, 24356060]
22586252	young-adult	[25675437]
22586830	young-adult	[]
22586972	fantasy	[24366531]
22586973	fantasy	[25891601]
22587685	young-adult	[]
22588585	young-adult	[]
22589133	freebie	[]
22590228	young-adult	[8043288, 17877914]
22590773	young-adult	[28214003]
22590893	romance	[]
22591634	romance	[24862103, 31215586, 25266817]
22591993	dragons	[]
22593010	romance	[22754810]
22595886	romance	[]
22596018	realistic-fiction	[30304769, 35126335, 19924185]
22596494	young-adult	[]
22596495	christian	[]
22596856	young-adult	[]
22596955	mystery	[25933711]
22598400	romance	[]
22603399	fantasy	[]
22603818	first-reads	[25155211]
22603827	first-reads	[22603818, 25155211]
22604578	wattpad	[22856740]
22604923	young-adult	[]
22606634	netgalley	[22698843]
22608063	fantasy	[]
22608073	dystopian	[22663281]
22608108	fantasy	[31448205]
22608435	dystopian	[]
22608499	young-adult	[]
22609297	v-c-andrews	[21888184, 22757080]
22610732	fantasy	[18525661, 23123246, 22141040]
22613044	fantasy	[22389386, 22860122, 22521580]
22613285	young-adult	[]
22613466	young-adult	[]
22614886	young-adult	[]
22616196	mermaids	[]
22616468	young-adult	[20518889]
22616620	arthuriana	[]
22616635	young-adult	[]
22619628	horses	[22674837]
22622580	fantasy	[28234308]
22622762	young-adult	[28093567, 28601218]
22626336	young-adult	[22461683]
22633620	fantasy	[22922172, 23780474, 15850937]
22635831	young-adult	[]
22638095	young-adult	[]
22638200	fantasy	[33293383]
22638410	zombies	[20932044]
22641937	dystopia	[11997278]
22642667	short-stories	[]
22642927	have	[26216193, 23394805, 21116887]
22654589	dystopian	[23719249, 22719259, 30264807]
22663281	dystopian	[]
22663320	young-adult	[]
22663515	young-adult	[23281938]
22663629	young-adult	[]
22664220	young-adult	[]
22666215	divergent	[]
22668917	fantasy	[]
22669934	vampires	[11820702]
22670059	kumpulan-cerpen	[]
22670108	lgbtq	[]
22673208	young-adult	[]
22673819	young-adult	[]
22673888	young-adult	[24676879]
22674217	sci-fi	[]
22674815	young-adult	[22891928]
22674837	horses	[]
22675149	fantasy	[24874726]
22675924	fantasy	[20246699, 23436597, 19660697]
22676013	romance	[23291971]
22677469	to-buy	[]
22677731	young-adult	[]
22678141	fantasy	[]
22678308	fantasy	[]
22691066	action	[]
22692144	steampunk	[18308621, 24886346]
22692312	fantasy	[23228879, 23552230]
22692740	young-adult	[]
22693119	fantasy	[]
22693181	fantasy	[]
22693203	young-adult	[]
22694777	fantasy	[18906460]
22698031	young-adult	[]
22698051	dystopia	[22738044, 23400365, 24514980, 18606526, 22702886, 25367304, 22021811, 20559162]
22698406	fantasy	[]
22698843	netgalley	[]
22699480	fantasy	[23361028, 23551245, 23197608]
22701783	dystopian	[]
22701805	science-fiction	[]
22701879	young-adult	[]
22702886	dystopia	[25367304, 22021811, 20559162]
22703567	fantasy	[]
22703968	young-adult	[31985854, 30166599, 30166209]
22706669	dystopian	[22907980]
22706899	fantasy	[22328558]
22706995	romance	[]
22707082	romance	[22841106]
22708867	wattpad	[]
22713044	dystopian	[]
22715134	romance	[]
22715908	urban-fantasy	[22885868, 25686705]
22717186	romance	[]
22717640	young-adult	[]
22718077	young-adult	[22739984]
22718684	mystery	[]
22718710	young-adult	[]
22718736	young-adult	[25819495]
22718738	fantasy	[18046288]
22718793	contemporary	[]
22718798	fantasy	[26040218, 29571405, 33383822]
22718800	fantasy	[21341548]
22718810	young-adult	[]
22718814	young-adult	[24549765, 28253346, 25832927, 25901556]
22718822	vampires	[23292194]
22719259	dystopian	[30264807]
22719283	young-adult	[25507868]
22722814	dystopian	[21920669, 23802202]
22723234	fantasy	[]
22723776	new-adult	[]
22724488	romance	[35001687, 23203752]
22724889	ya-romance	[]
22726660	young-adult	[]
22728451	horror	[23732403, 23479431]
22728670	young-adult	[]
22729343	contemporary	[]
22729350	fantasy	[23731820]
22730306	zombies	[]
22733612	fantasy	[]
22734368	first-reads	[]
22736484	science-fiction	[]
22736584	young-adult	[23293202, 24762394, 23219553]
22736613	young-adult	[22831655]
22737979	young-adult	[]
22738044	dystopia	[23400365, 24514980, 18606526, 22702886, 25367304, 22021811, 20559162]
22738932	young-adult	[4374400]
22739096	young-adult	[]
22739224	fantasy	[25429929, 23501159]
22739984	young-adult	[]
22740072	young-adult	[25636267]
22740196	fantasy	[22950419, 23330013, 21474959, 23339603, 23599995, 26031132, 27826177, 18889300, 21341039, 21082129, 25501487]
22740204	fantasy	[25528246]
22741183	vampire-diaries	[]
22741571	young-adult	[33584564]
22747793	young-adult	[]
22747829	fantasy	[]
22748022	arc	[20911660]
22749550	young-adult	[23589464, 24570820, 23686712]
22749698	fantasy	[]
22749788	young-adult	[18275638]
22749842	dystopian	[33520436, 20887494]
22750782	young-adult	[]
22752127	young-adult	[]
22752758	young-adult	[30973019, 24479309]
22752817	young-adult	[17612618, 20657806, 29862937]
22753573	young-adult	[25458325]
22753658	vampires	[]
22753693	young-adult	[25835474]
22754050	young-adult	[]
22754651	young-adult	[]
22754810	romance	[]
22755094	time-travel	[29226236]
22755233	young-adult	[24903355]
22757044	sci-fi	[]
22757080	v-c-andrews	[]
22757316	young-adult	[30632995, 9888775]
22757475	young-adult	[23171978, 23288892, 23200839, 23298142, 23294789, 23342670, 22664220]
22757923	young-adult	[23301112, 22877720]
22772408	dystopian	[]
22780060	netgalley	[]
22783634	fantasy	[]
22797416	fantasy	[9462889]
22798303	m-m	[29401125]
22798836	young-adult	[26245091]
22799344	young-adult	[20764638, 22877451, 32757551]
22802739	fantasy	[23340748, 23430627, 22457315]
22812331	fantasy	[]
22813154	young-adult	[20873540, 21949983]
22813444	lgbt	[]
22817368	2018	[]
22817400	time-travel	[22864205]
22817401	time-travel	[22817400, 22864205]
22817493	dystopian	[]
22819449	fantasy	[33193822, 35384793]
22819890	fantasy	[]
22820998	young-adult	[]
22822650	fantasy	[24885649, 10644236, 8700058]
22822687	dystopia	[]
22823042	new-adult	[25532108, 23770998]
22824383	vampires	[24550691, 23245627]
22825384	young-adult	[]
22826099	young-adult	[]
22829721	new-adult	[]
22831655	young-adult	[]
22836271	romance	[]
22836563	young-adult	[26074057]
22836575	young-adult	[23401147, 22864818, 28218816, 35484417]
22836576	young-adult	[]
22837969	young-adult	[]
22838025	young-adult	[22369464, 19432036]
22838301	young-adult	[]
22838892	fantasy	[]
22839728	fantasy	[]
22839900	young-adult	[]
22840182	young-adult	[]
22840374	fantasy	[27065539]
22840402	young-adult	[22836563, 26074057]
22840858	young-adult	[24261890, 24236522, 31444765]
22841106	romance	[]
22843267	science-fiction	[]
22843652	young-adult	[22836576]
22844203	new-adult	[]
22845194	young-adult	[]
22845365	science-fiction	[23162471, 17607719]
22845414	sci-fi	[13138734, 21536592, 32820386]
22845459	young-adult	[]
22846823	young-adult	[29347915]
22847838	eva-pohler	[]
22848548	young-adult	[24283536]
22849060	young-adult	[23617835]
22849277	young-adult	[23629060, 18918102, 11802865]
22849487	young-adult	[]
22851315	sci-fi	[]
22852890	young-adult	[]
22855717	young-adult	[]
22856374	fantasy	[]
22856538	sci-fi	[]
22856740	wattpad	[]
22858056	young-adult	[]
22858364	college	[32507774]
22858765	young-adult	[]
22859138	young-adult	[25065889]
22859531	young-adult	[13830]
22860122	fantasy	[22521580]
22864205	time-travel	[]
22864422	new-adult	[]
22864423	young-adult	[]
22864473	young-adult	[]
22864474	romance	[22880493]
22864490	fantasy	[27064342]
22864755	young-adult	[]
22864767	young-adult	[22864755]
22864818	young-adult	[28218816, 35484417]
22871024	fantasy	[]
22872556	fantasy	[]
22873037	young-adult	[26074113]
22873354	need	[]
22873623	dystopian	[24788984]
22873803	dystopian	[22895361, 22922929]
22875372	young-adult	[21395264]
22875564	m-m	[23010260]
22877451	young-adult	[32757551]
22877720	young-adult	[]
22880493	romance	[]
22880504	young-adult	[22864473]
22880946	young-adult	[]
22881255	romance	[22910973]
22882069	fantasy	[]
22882161	time-travel	[]
22884154	fantasy	[]
22884568	young-adult	[]
22885434	young-adult	[]
22885868	urban-fantasy	[25686705]
22886868	discworld	[25398409, 25391616, 27823743]
22887469	young-adult	[]
22887908	young-adult	[]
22889912	urban-fantasy	[]
22890485	young-adult	[]
22890934	fantasy	[30900327]
22891924	fantasy	[32786586]
22891927	paranormal	[30211897]
22891928	young-adult	[]
22891929	fantasy	[]
22891930	fantasy	[]
22892100	colleen-hoover	[]
22892325	short-stories	[]
22892461	romance	[]
22892464	romance	[]
22892477	romance	[18893988]
22892487	romance	[16401102, 18308240]
22895249	young-adult	[]
22895323	young-adult	[22934459]
22895360	young-adult	[]
22895361	dystopian	[22922929]
22896451	young-adult	[21939833, 22750782]
22896538	young-adult	[]
22896551	young-adult	[]
22896573	young-adult	[]
22900495	romance	[24428515]
22901202	ebooks	[23158413]
22901217	netgalley	[]
22907117	young-adult	[23347193, 24775139, 23346597, 25569678]
22907221	young-adult	[20707942]
22907251	mystery	[]
22907574	young-adult	[]
22907980	dystopian	[]
22908448	fantasy	[23276983, 25332062, 21469060, 24979831]
22908923	young-adult	[30632701]
22909128	dystopian	[25307819, 25433097, 21952712]
22909144	fantasy	[23082547]
22909758	fantasy	[]
22909806	fantasy	[23718758]
22909812	fantasy	[]
22909818	fantasy	[]
22909825	young-adult	[23252136, 30749495, 27882977]
22909829	fantasy	[]
22909838	fantasy	[26000259]
22910308	fantasy	[]
22910900	young-adult	[]
22910973	romance	[]
22911293	young-adult	[]
22911299	fantasy	[]
22911350	young-adult	[]
22911719	fantasy	[26105540, 31328960, 32574174, 28204529]
22912919	young-adult	[]
22912942	young-adult	[]
22913240	young-adult	[]
22913616	young-adult	[]
22914802	fantasy	[22608108, 31448205]
22917215	romance	[23716844, 23470729]
22917292	young-adult	[24465725, 27212000]
22917641	romance	[]
22917879	fantasy	[28795244, 23437100]
22918050	young-adult	[23019291, 23215489, 25009763, 25489638, 25548681, 25485697, 24965992, 25357350, 25237040, 25537756]
22918299	maze-runner	[]
22918597	young-adult	[]
22920063	fantasy	[23310784, 26064760]
22920573	young-adult	[]
22921655	young-adult	[]
22921756	romance	[]
22922172	fantasy	[23780474, 15850937]
22922929	dystopian	[]
22923359	young-adult	[19321427]
22923722	fantasy	[28000518]
22924002	young-adult	[23364970, 24733410, 24393989, 24308920, 22038465, 23297931]
22924345	young-adult	[]
22925849	science-fiction	[22062976]
22928735	young-adult	[24830401]
22928829	new-adult	[]
22929092	young-adult	[18847890]
22929523	young-adult	[]
22929574	young-adult	[20649195, 28931511]
22929578	young-adult	[25781800]
22929591	young-adult	[]
22930322	fantasy	[22027907, 24329742]
22930604	young-adult	[]
22931047	horror	[]
22934411	young-adult	[26831401, 18917179, 21895889]
22934448	young-adult	[]
22934459	young-adult	[]
22937185	young-adult	[21283134]
22950419	fantasy	[23330013, 21474959, 23339603, 23599995, 26031132, 27826177, 18889300, 21341039, 21082129, 25501487]
22957044	young-adult	[]
22957534	summer-reads	[]
22960598	young-adult	[]
22960599	young-adult	[18952667]
22960609	young-adult	[18249082, 26074110]
22960811	fantasy	[]
22974410	young-adult	[]
22978079	fantasy	[23216567, 25967038, 24612656, 28477293]
22980103	reviewed	[]
22999141	contemporary	[30655547, 31855700]
22999142	young-adult	[]
22999528	romance	[]
22999921	young-adult	[]
23003785	young-adult	[13279038]
23004842	reverse-harem	[25181189]
23004844	reverse-harem	[27108707]
23004848	reverse-harem	[30065209, 29579309]
23005588	young-adult	[20549288, 20877291]
23005688	young-adult	[28871560, 32197111, 24904572, 34377908]
23006119	fantasy	[26642116, 26836052, 26843776, 26191000, 29395172, 34866056, 26011489]
23007747	fantasy	[13604342, 15831071]
23008469	fantasy	[35063652, 30048617]
23009402	young-adult	[]
23009578	maya-banks	[]
23009579	romance	[]
23010260	m-m	[]
23010889	romance	[24316923]
23012167	young-adult	[23119797, 24313147, 26012242, 19830589]
23012527	young-adult	[]
23014101	young-adult	[22041701, 23995302, 19064110, 23344468]
23014305	dystopian	[]
23014610	young-adult	[]
23014695	young-adult	[]
23014840	young-adult	[]
23014901	steampunk	[25392394]
23014905	steampunk	[25392395]
23015686	young-adult	[]
23015872	young-adult	[24885886, 25225913]
23016004	fantasy	[]
23016659	young-adult	[23080571]
23016756	young-adult	[22529151]
23018723	young-adult	[16247986]
23019265	dystopian	[30096722]
23019291	young-adult	[23215489, 25009763, 25489638, 25548681, 25485697, 24965992, 25357350, 25237040, 25537756]
23058402	lgbt	[]
23066634	young-adult	[22754050]
23068265	fantasy	[24532877, 24795904, 29539878, 22447220]
23080571	young-adult	[]
23082547	fantasy	[]
23093577	romance	[]
23109035	young-adult	[23509109]
23110067	young-adult	[22999142]
23110163	young-adult	[24957063]
23111822	netgalley	[]
23112588	young-adult	[]
23116808	young-adult	[]
23116865	time-travel	[]
23117815	young-adult	[]
23118840	must-reads	[]
23118936	young-adult	[25231729, 23173011]
23119672	fantasy	[23156018]
23119797	young-adult	[24313147, 26012242, 19830589]
23120301	first-reads	[]
23121889	netgalley	[]
23122971	young-adult	[]
23122980	new-adult	[23604618]
23123246	fantasy	[22141040]
23124475	romance	[32717093, 23128113]
23124721	young-adult	[16060904, 18631188, 22909825, 23252136, 30749495, 27882977]
23124956	young-adult	[25567608, 24383023]
23126188	young-adult	[26721743]
23127434	young-adult	[24941106]
23128113	romance	[]
23128456	dystopian	[23149561, 21413814, 24973415, 18808853]
23129158	young-adult	[]
23129185	young-adult	[]
23129879	fantasy	[26870701]
23130360	dystopian	[27876243]
23140153	contemporary	[25356225]
23146408	young-adult	[]
23148091	mystery	[25670510]
23148899	romance	[15734349, 20661244]
23149128	young-adult	[]
23149561	dystopian	[21413814, 24973415, 18808853]
23151530	fantasy	[]
23152360	fantasy	[]
23152378	fantasy	[23522287]
23152979	dystopian	[]
23154286	m-m	[23349656]
23155226	horror	[18774009]
23156018	fantasy	[]
23156034	fantasy	[]
23157090	fantasy	[]
23157773	young-adult	[32163359]
23158258	young-adult	[26165215]
23158342	fantasy	[]
23158413	ebooks	[]
23159675	fantasy	[33158522, 32571738]
23159778	fantasy	[]
23159927	fantasy	[]
23159949	young-adult	[32795823, 29100948]
23159964	paranormal	[]
23160677	short-stories	[]
23160681	short-stories	[23172027]
23160684	young-adult	[]
23161323	young-adult	[24805743, 26105850, 27246855]
23162056	fantasy	[25709044]
23162471	science-fiction	[17607719]
23162817	fantasy	[23835477, 25421561]
23163305	sci-fi	[23986225]
23163935	young-adult	[]
23164707	young-adult	[]
23166686	dystopia	[]
23167465	young-adult	[]
23168396	young-adult	[18627642]
23168399	contemporary	[]
23168406	fantasy	[17342749, 23613731, 26851867]
23168760	dystopian	[]
23168765	fantasy	[]
23168806	young-adult	[17620523, 28220711]
23168828	young-adult	[]
23168992	young-adult	[]
23169190	mystery	[]
23171368	mystery	[23215438, 23717186, 25326225]
23171978	young-adult	[23288892, 23200839, 23298142, 23294789, 23342670, 22664220]
23172027	short-stories	[]
23172473	fantasy	[20818984, 22064067, 22920063, 23310784, 26064760]
23173011	young-adult	[]
23173254	sci-fi	[23197609]
23174274	fantasy	[25944389, 27255774, 28423811, 30048984, 28941550, 30822575, 30183904, 32607149, 25645546, 26021603, 30170686]
23174802	young-adult	[23202721]
23179355	fantasy	[]
23197010	young-adult	[]
23197277	zombies	[]
23197289	fantasy	[]
23197484	young-adult	[]
23197511	young-adult	[]
23197608	fantasy	[]
23197609	sci-fi	[]
23197837	2018-releases	[]
23198675	dystopian	[23208521]
23198876	young-adult	[23605006, 26808363, 27239146, 24405297]
23199305	young-adult	[23586159]
23199314	young-adult	[]
23199759	young-adult	[28007929, 24375704]
23200839	young-adult	[23298142, 23294789, 23342670, 22664220]
23201793	young-adult	[25688000, 31682994]
23202721	young-adult	[]
23202968	dystopia	[23304572]
23203091	young-adult	[30301066, 24293390]
23203095	young-adult	[]
23203106	young-adult	[]
23203172	fantasy	[25749700]
23203325	romance	[]
23203542	young-adult	[23255386, 26268381]
23203752	romance	[]
23203989	fantasy	[23245130, 27170764, 33007680, 28818217, 27308881, 33787961]
23204489	young-adult	[25169765]
23205512	young-adult	[19089172]
23206131	young-adult	[]
23207027	fantasy	[28960218, 30240773, 33949258, 31181294]
23207631	young-adult	[24396868, 32052075]
23208406	young-adult	[27271640, 29863217, 26781912]
23208417	young-adult	[23719423, 25787863, 28382536, 28604440, 28645251, 28232073, 31699782, 30787739, 28114400]
23208521	dystopian	[]
23208848	young-adult	[]
23209437	young-adult	[23291620, 25166806]
23210078	young-adult	[23783930]
23210898	first-reads	[20817134]
23211137	young-adult	[]
23212708	young-adult	[]
23212980	young-adult	[]
23213031	young-adult	[]
23213517	horror	[]
23213803	young-adult	[]
23213836	science-fiction	[]
23215438	mystery	[23717186, 25326225]
23215450	young-adult	[25825737]
23215471	romance	[]
23215489	young-adult	[25009763, 25489638, 25548681, 25485697, 24965992, 25357350, 25237040, 25537756]
23215491	fantasy	[22864490, 27064342]
23215601	fantasy	[23262813]
23216567	fantasy	[25967038, 24612656, 28477293]
23216572	the-iron-fey	[]
23217721	young-adult	[]
23218662	paranormal	[]
23219553	young-adult	[]
23222016	dystopian	[26178912, 33519654, 24662709]
23222132	fantasy	[25454683, 26225457, 27834976, 25654599]
23222516	young-adult	[22849487]
23223566	fantasy	[]
23226421	young-adult	[23359151, 23592228, 24727210, 25660831, 25194192, 19891041]
23228879	fantasy	[23552230]
23232301	young-adult	[21411912, 20743262, 25224637]
23235330	young-adult	[]
23235680	fantasy	[21456821]
23245130	fantasy	[27170764, 33007680, 28818217, 27308881, 33787961]
23245306	young-adult	[25739735, 20632770]
23245593	young-adult	[]
23245627	vampires	[]
23246792	young-adult	[]
23248692	young-adult	[]
23250087	young-adult	[32719960]
23250655	new-adult	[]
23251245	young-adult	[]
23251754	young-adult	[]
23251878	fantasy	[]
23251931	young-adult	[]
23252115	kindle-unlimited	[23720996]
23252136	young-adult	[30749495, 27882977]
23252406	angels	[]
23252555	romance	[]
23253921	fantasy	[25512260, 35236798]
23254391	fantasy	[]
23255127	want-to-read	[]
23255150	dystopian	[]
23255386	young-adult	[26268381]
23255448	paranormal	[]
23255773	young-adult	[]
23256285	young-adult	[24277989, 24860645, 23222516, 22849487]
23257464	young-adult	[]
23257558	young-adult	[]
23259327	fantasy	[]
23261540	young-adult	[]
23261585	romance	[25105531, 23215471]
23262564	dystopian	[]
23262675	young-adult	[]
23262813	fantasy	[]
23263328	young-adult	[26341984]
23263567	fantasy	[]
23263757	young-adult	[]
23264438	netgalley	[25094985]
23264825	young-adult	[23590831, 25063573, 25011102, 30184778, 24371623, 28422208]
23264900	romance	[22358760]
23265488	new-adult	[]
23265492	new-adult	[]
23265494	new-adult	[]
23265671	young-adult	[23594683]
23265889	young-adult	[25455536]
23266188	fantasy	[]
23266260	fantasy	[]
23266378	young-adult	[31491266, 33208075]
23266680	dystopian	[23562843]
23267424	mystery	[23267441]
23267441	mystery	[]
23267628	young-adult	[32498154, 32868642, 28285244, 30742473, 35157207]
23269128	young-adult	[]
23269790	young-adult	[23731166]
23271231	young-adult	[]
23271279	young-adult	[24366530]
23272028	mystery	[25795281]
23272134	young-adult	[]
23273163	fantasy	[]
23273259	young-adult	[24936491]
23275512	young-adult	[36168225]
23275954	contemporary	[]
23276983	fantasy	[25332062, 21469060, 24979831]
23277377	wattpad	[28551950]
23278280	fantasy	[23278546, 25603695, 25001544, 29150227, 29358306]
23278518	young-adult	[19597604]
23278532	young-adult	[25025554, 25920002, 23199759, 28007929, 24375704]
23278546	fantasy	[25603695, 25001544, 29150227, 29358306]
23280059	to-buy	[23280079]
23280079	to-buy	[]
23280186	fantasy	[29934863]
23280526	horror	[25819492]
23281646	horror	[]
23281652	young-adult	[]
23281737	fantasy	[26150790]
23281778	young-adult	[]
23281858	young-adult	[]
23281868	young-adult	[]
23281893	young-adult	[]
23281902	fantasy	[]
23281932	young-adult	[]
23281938	young-adult	[]
23282679	fantasy	[23739458]
23285789	new-adult	[]
23286931	fantasy	[23555215, 23569524, 25755939, 26225491, 28487403, 27774758, 28446392]
23287087	young-adult	[]
23287145	mystery	[]
23287166	young-adult	[]
23287168	young-adult	[23717233, 27064325]
23287177	young-adult	[]
23287180	young-adult	[]
23288472	dystopia	[]
23288804	contemporary	[28226597]
23288892	young-adult	[23200839, 23298142, 23294789, 23342670, 22664220]
23288995	young-adult	[21413261]
23289273	steampunk	[20439048]
23291161	need	[]
23291620	young-adult	[25166806]
23291971	romance	[]
23292194	vampires	[]
23292999	young-adult	[22929591]
23293202	young-adult	[24762394, 23219553]
23294789	young-adult	[23342670, 22664220]
23295974	fantasy	[]
23296910	young-adult	[23349111, 25394455, 24533080]
23297931	young-adult	[]
23298142	young-adult	[23294789, 23342670, 22664220]
23298700	young-adult	[23966661]
23299007	young-adult	[]
23299217	young-adult	[25859289]
23299219	young-adult	[]
23299225	young-adult	[19245811, 20706307, 23207631, 24396868, 32052075]
23299512	fantasy	[26074170, 33023175, 34872166, 30249934]
23299513	fantasy	[25788284, 25742683, 28175701, 30496870]
23301112	young-adult	[22877720]
23301454	horror	[]
23302416	young-adult	[17210363, 17382805, 17119852, 25298678, 27790915]
23302521	dystopian	[23677039]
23302838	fantasy	[29414640]
23304572	dystopia	[]
23304663	fantasy	[]
23305614	young-adult	[]
23306084	young-adult	[12695443]
23307351	fantasy	[]
23307441	high-school	[]
23307642	young-adult	[20559783]
23308087	fantasy	[31393403, 33785923, 34410197]
23309562	adventure	[]
23309579	fantasy	[]
23309610	young-adult	[]
23309646	mystery	[]
23309648	young-adult	[]
23309650	fantasy	[27221928]
23309674	young-adult	[]
23309705	young-adult	[]
23309707	young-adult	[]
23309795	young-adult	[23309796]
23309796	young-adult	[]
23309818	young-adult	[]
23309862	fantasy	[29219747, 28762109, 28954141, 30062256]
23310156	young-adult	[27259133, 25194131, 24924155]
23310212	fantasy	[]
23310649	young-adult	[25597122, 23848384]
23310689	fantasy	[]
23310692	young-adult	[]
23310718	fantasy	[27251372]
23310722	young-adult	[]
23310749	horror	[25597213]
23310751	young-adult	[]
23310761	contemporary	[]
23310763	contemporary	[]
23310784	fantasy	[26064760]
23310789	young-adult	[]
23312002	dystopian	[]
23312393	sub	[25536752, 23454258]
23314708	romance	[20972117]
23314948	young-adult	[27806652]
23315755	young-adult	[]
23316633	contemporary	[]
23330013	fantasy	[21474959, 23339603, 23599995, 26031132, 27826177, 18889300, 21341039, 21082129, 25501487]
23331726	young-adult	[22450288]
23339603	fantasy	[23599995, 26031132, 27826177, 18889300, 21341039, 21082129, 25501487]
23339995	young-adult	[]
23340748	fantasy	[23430627, 22457315]
23341575	young-adult	[23601801, 20180099]
23341829	zombies	[]
23341894	young-adult	[]
23342511	young-adult	[25010920]
23342518	young-adult	[23362872]
23342670	young-adult	[22664220]
23344222	fantasy	[23309862, 29219747, 28762109, 28954141, 30062256]
23344338	fantasy	[29637775]
23344352	fantasy	[]
23344415	fantasy	[26047678]
23344457	fantasy	[]
23344468	young-adult	[]
23344658	young-adult	[]
23344752	young-adult	[]
23345215	romance	[]
23345583	indonesia	[]
23345839	vampires	[30120666]
23346358	young-adult	[]
23346503	fantasy	[23346531]
23346531	fantasy	[]
23346539	fantasy	[]
23346597	young-adult	[25569678]
23346956	fantasy	[25478567, 25893561, 20911450]
23346995	young-adult	[]
23347193	young-adult	[24775139, 23346597, 25569678]
23347755	ya-fantasy	[]
23349111	young-adult	[25394455, 24533080]
23349304	young-adult	[23586935]
23349656	m-m	[]
23351810	dystopian	[23398933]
23352085	young-adult	[23487625, 23487690, 29912789]
23352424	fantasy	[23529156, 25226192, 25858039, 23179355]
23353516	dystopian	[]
23354036	fantasy	[28247706, 29281476, 29561711, 30110234, 24611432]
23354047	young-adult	[25951462, 27209370]
23354342	romance	[]
23354348	young-adult	[]
23355798	young-adult	[25495683]
23356086	young-adult	[22934411, 26831401, 18917179, 21895889]
23356672	high-school	[]
23357071	horror	[28855782, 32905492]
23357360	new-adult	[]
23358109	young-adult	[25654381]
23359151	young-adult	[23592228, 24727210, 25660831, 25194192, 19891041]
23359246	house-of-night	[]
23359992	young-adult	[24421479]
23361016	fantasy	[25166253, 23947597]
23361028	fantasy	[23551245, 23197608]
23361172	young-adult	[]
23362529	fantasy	[]
23362839	dystopian	[23849151]
23362872	young-adult	[]
23364341	young-adult	[27268998, 28248182]
23364533	young-adult	[]
23364779	romance	[23526326]
23364927	young-adult	[]
23364969	dystopian	[]
23364970	young-adult	[24733410, 24393989, 24308920, 22038465, 23297931]
23365221	fantasy	[]
23367130	young-adult	[]
23367169	dystopia	[]
23367261	fantasy	[29589436]
23367270	fantasy	[31812082]
23369370	young-adult	[]
23373012	m-m	[23154286, 23349656]
23375146	young-adult	[]
23378466	young-adult	[18817772, 19220248]
23378962	dystopian	[]
23380051	science-fiction	[]
23380120	fantasy	[22320502]
23380228	fantasy	[]
23380296	reverse-harem	[]
23380998	fantasy	[25439404, 24365183]
23380999	fantasy	[25616705, 24365186]
23381005	fantasy	[24365185]
23381006	fantasy	[23492319, 26239205]
23381009	fantasy	[25110853, 27408632, 24967405]
23381014	fantasy	[25110824, 24967406, 25327190, 28377130]
23382840	young-adult	[]
23382858	young-adult	[23382840]
23384157	young-adult	[16051601, 22590773, 28214003]
23384380	young-adult	[11103043]
23384431	science-fiction	[]
23385196	young-adult	[]
23386391	young-adult	[]
23386429	young-adult	[]
23388581	paranormal	[]
23388663	young-adult	[25719310]
23389307	young-adult	[22030244, 29619229]
23390493	young-adult	[23210078, 23783930]
23391315	young-adult	[23396390, 12082998]
23391795	paranormal	[23388581]
23393134	young-adult	[]
23393368	science-fiction	[]
23394805	have	[21116887]
23395320	dystopian	[24827241, 22749842, 33520436, 20887494]
23395366	young-adult	[24367637, 23395665]
23395664	young-adult	[25777143]
23395665	young-adult	[]
23395677	fantasy	[]
23395680	sci-fi	[24390078, 28452462, 25877135, 25524728, 29103799, 32669472, 23395681]
23395681	sci-fi	[]
23395716	fantasy	[23566613, 23598679, 24965713, 24885851, 27220578, 28427014]
23395773	mystery	[24233526, 25066961]
23395811	young-adult	[24895536, 25377533]
23395819	fantasy	[28001622, 27821769, 25541572, 32370233, 35121746, 33231720]
23396390	young-adult	[12082998]
23396673	young-adult	[]
23397596	dystopian	[]
23398087	fantasy	[]
23398402	young-adult	[22351237]
23398607	fantasy	[25090918, 25889417, 27068793, 25814724]
23398742	science-fiction	[26893468]
23398775	romance	[24376960, 30363505, 31122390]
23398933	dystopian	[]
23399166	fantasy	[]
23399192	young-adult	[]
23399202	young-adult	[]
23399901	steampunk	[]
23399911	steampunk	[]
23400365	dystopia	[24514980, 18606526, 22702886, 25367304, 22021811, 20559162]
23401147	young-adult	[22864818, 28218816, 35484417]
23403242	young-adult	[]
23411347	fantasy	[24215135, 25174998]
23414250	young-adult	[35900300, 22499754]
23420876	netgalley	[]
23429355	horror	[23871125, 29978007, 24723305]
23429364	horror	[28671220]
23429750	young-adult	[]
23430471	fantasy	[29993983]
23430627	fantasy	[22457315]
23432102	m-m	[]
23432139	dystopian	[]
23433222	fantasy	[25633837]
23433223	fantasy	[]
23433823	fantasy	[23812905]
23434432	steampunk	[15723286, 23289273, 20439048]
23435737	young-adult	[]
23436597	fantasy	[19660697]
23436633	romance	[23733727]
23436942	young-adult	[]
23437100	fantasy	[]
23437156	fantasy	[22294935, 23006119, 26642116, 26836052, 26843776, 26191000, 29395172, 34866056, 26011489]
23437630	contemporary	[]
23437859	netgalley	[]
23438288	young-adult	[31353659, 31940710, 30970773, 25659392, 29102816, 25859216, 28425994, 26790915]
23438401	young-adult	[29484309]
23440553	young-adult	[23508800]
23441296	new-adult	[]
23441800	young-adult	[21517151, 26509898, 30263024]
23443297	fantasy	[]
23444087	romance	[29083156]
23447677	netgalley	[]
23447923	young-adult	[]
23448457	romance	[]
23450710	young-adult	[25027964]
23453083	young-adult	[]
23454258	sub	[]
23459509	young-adult	[25354188]
23460404	fantasy	[]
23460954	young-adult	[]
23460967	young-adult	[]
23461868	dystopian	[]
23461884	alpha-male	[]
23461945	young-adult	[]
23462230	paranormal	[]
23463467	dystopian	[24467025]
23464147	science-fiction	[25055647, 25129233]
23465064	fantasy	[]
23467329	science-fiction	[31158771]
23470729	romance	[]
23470761	young-adult	[23561166, 24384661, 26113890, 24731327]
23471740	dystopian	[25325258]
23471994	fantasy	[23222132, 25454683, 26225457, 27834976, 25654599]
23472301	young-adult	[]
23473284	mythology	[24885576]
23474057	young-adult	[]
23475201	young-adult	[30225777]
23475666	young-adult	[]
23477520	young-adult	[12664948, 9776441, 954674, 7101257, 9293309]
23479431	horror	[]
23480844	young-adult	[]
23481937	contemporary	[]
23482681	young-adult	[25526491, 35627120, 22078263]
23484469	young-adult	[17342700, 20821149, 25087345, 25065631]
23484511	young-adult	[13057003]
23485097	dystopia	[]
23485160	netgalley	[]
23485328	time-travel	[30525020, 23716431]
23486206	reverse-harem	[]
23486955	fantasy	[]
23487321	time-travel	[]
23487625	young-adult	[23487690, 29912789]
23487690	young-adult	[29912789]
23489019	horror	[]
23489098	young-adult	[]
23490430	fantasy	[25173142]
23490929	young-adult	[30323739, 301022, 1259132]
23491605	want-to-read	[23255127]
23491611	mystery	[23395773, 24233526, 25066961]
23492281	young-adult	[24764073]
23492282	young-adult	[25448247, 23470761, 23561166, 24384661, 26113890, 24731327]
23492319	fantasy	[26239205]
23492735	contemporary	[]
23493101	zombies	[]
23493104	zombies	[22552095]
23493729	maya-banks	[]
23493731	maya-banks	[24360093]
23495112	fantasy	[32997092]
23497214	dystopian	[23432139]
23497566	lgbt	[31938167]
23498879	young-adult	[26845678, 22626336, 22461683]
23501159	fantasy	[]
23502345	romance	[]
23503117	fantasy	[22739224, 25429929, 23501159]
23505867	fantasy	[25837221, 23626663]
23505943	dystopian	[]
23506117	young-adult	[]
23506180	fantasy	[]
23506947	romance	[23567040]
23507358	fantasy	[]
23507369	young-adult	[24363336]
23507377	fantasy	[24504286]
23507677	fantasy	[]
23508203	mystery	[]
23508692	fantasy	[23197289]
23508800	young-adult	[]
23508803	dystopia	[23631227]
23509109	young-adult	[]
23509123	fantasy	[]
23510548	fantasy	[]
23511497	fantasy	[]
23514896	fantasy	[23640083]
23515866	angels	[]
23516045	fantasy	[7120584, 13179413, 67660]
23518323	new-adult	[]
23519286	young-adult	[]
23519340	fantasy	[27352419, 27253602, 29632506, 30176662, 32943878, 31145176]
23520697	young-adult	[25225169]
23522181	fantasy	[25644081]
23522287	fantasy	[]
23524077	dystopia	[]
23524610	young-adult	[]
23524966	young-adult	[]
23525495	young-adult	[24745488, 26804443, 9754815, 19508953, 22172497]
23526326	romance	[]
23526543	young-adult	[]
23527476	fantasy	[]
23527509	fantasy	[25644677, 24944889, 25893213, 20870695]
23529156	fantasy	[25226192, 25858039, 23179355]
23532981	science-fiction	[27262793, 31119095, 28507972]
23533128	young-adult	[]
23534277	young-adult	[]
23534995	fantasy	[]
23541252	young-adult	[]
23544441	vampires	[]
23545022	young-adult	[24539156]
23545094	fantasy	[24443426]
23546634	young-adult	[]
23546669	young-adult	[]
23546726	fantasy	[25208726, 25780872, 25208723]
23549564	fantasy	[25308261]
23550903	netgalley	[25875461]
23551245	fantasy	[23197608]
23551607	to-buy	[]
23552230	fantasy	[]
23553204	m-m	[34661269]
23553286	fantasy	[21422053, 18302133, 20454116]
23555215	fantasy	[23569524, 25755939, 26225491, 28487403, 27774758, 28446392]
23555543	young-adult	[]
23555577	mermaids	[]
23556036	science-fiction	[]
23557114	m-m	[23432102]
23557133	ghosts	[23946677]
23561166	young-adult	[24384661, 26113890, 24731327]
23561884	young-adult	[28796671, 33015163]
23562843	dystopian	[]
23562847	romance	[34304284]
23564763	young-adult	[22820998]
23566613	fantasy	[23598679, 24965713, 24885851, 27220578, 28427014]
23566793	mythology	[]
23566919	young-adult	[]
23567040	romance	[]
23567293	fantasy	[]
23567695	young-adult	[]
23567756	fantasy	[]
23568266	fantasy	[23395677]
23569076	young-adult	[]
23569334	young-adult	[23569374, 23569348]
23569348	young-adult	[]
23569374	young-adult	[23569348]
23569524	fantasy	[25755939, 26225491, 28487403, 27774758, 28446392]
23569787	fantasy	[25668875]
23572990	time-travel	[]
23573898	young-adult	[25180939]
23574285	jamie-mcguire	[]
23574665	young-adult	[]
23574796	new-adult	[23792053]
23575041	young-adult	[23574665]
23575434	young-adult	[]
23580766	romance	[33352972]
23581139	romance	[]
23582485	young-adult	[]
23584923	fantasy	[23534995]
23585287	dystopian	[]
23586159	young-adult	[]
23586935	young-adult	[]
23587893	fantasy	[]
23588492	young-adult	[]
23588879	young-adult	[27509501, 24842332]
23589225	need	[]
23589406	young-adult	[15722012]
23589464	young-adult	[24570820, 23686712]
23589469	young-adult	[23310789]
23589918	new-adult	[24356273]
23589935	new-adult	[24477209]
23590831	young-adult	[25063573, 25011102, 30184778, 24371623, 28422208]
23592228	young-adult	[24727210, 25660831, 25194192, 19891041]
23592235	young-adult	[26017107]
23592260	young-adult	[]
23592619	maya-banks	[24328398]
23593923	young-adult	[23604415, 33016965]
23594461	lgbt	[29810309, 23667559]
23594683	young-adult	[]
23594872	zombies	[]
23596851	young-adult	[22215758, 25326651]
23597099	young-adult	[18870676]
23597353	mermaids	[]
23597691	young-adult	[17797357]
23597960	young-adult	[]
23598011	young-adult	[23884473]
23598679	fantasy	[24965713, 24885851, 27220578, 28427014]
23598680	young-adult	[]
23599995	fantasy	[26031132, 27826177, 18889300, 21341039, 21082129, 25501487]
23601801	young-adult	[20180099]
23602195	fantasy	[17999091, 23280186, 29934863]
23603548	new-adult	[30792951, 26532073]
23604415	young-adult	[33016965]
23604618	new-adult	[]
23605006	young-adult	[26808363, 27239146, 24405297]
23607866	young-adult	[]
23609791	fantasy	[7003332, 28685408]
23613731	fantasy	[26851867]
23615716	young-adult	[]
23617512	young-adult	[34604601]
23617835	young-adult	[]
23619730	sports	[24471356, 27332953]
23622242	horror	[]
23623862	fantasy	[25504618, 22369418, 25796670, 29243438, 22706899, 22328558]
23626326	young-adult	[]
23626663	fantasy	[]
23626921	young-adult	[22095243, 23645690]
23627067	dystopian	[]
23627834	young-adult	[28814864, 25056799]
23628953	young-adult	[20573955]
23629060	young-adult	[18918102, 11802865]
23631227	dystopia	[]
23632639	fantasy	[]
23632673	tenho	[29243275]
23634169	young-adult	[29100907, 28400575, 25898210]
23634416	dystopian	[23881147]
23634440	dystopian	[25305882]
23634610	young-adult	[29080179]
23634613	m-m	[]
23636078	young-adult	[]
23636086	young-adult	[23943343]
23636524	fantasy	[27774408]
23636700	to-buy	[]
23636761	young-adult	[]
23640083	fantasy	[]
23643127	young-adult	[]
23645690	young-adult	[]
23646651	fantasy	[]
23654535	fantasy	[25460957, 23395819, 28001622, 27821769, 25541572, 32370233, 35121746, 33231720]
23656448	new-adult	[]
23657995	fantasy	[23898594, 20747284, 24700827]
23662029	young-adult	[]
23665226	fantasy	[]
23665932	young-adult	[]
23665971	read-in-2014	[25595267]
23666147	young-adult	[28175654, 22586830]
23666204	young-adult	[23834109, 24000808]
23667177	horror	[]
23667559	lgbt	[]
23667919	young-adult	[16028116, 15744840, 17225592, 17348327, 18588085, 23378466, 18817772, 19220248]
23672144	romance	[27606473]
23676624	netgalley	[]
23677039	dystopian	[]
23677316	fantasy	[25788337]
23677341	young-adult	[]
23680798	romance	[]
23686004	fantasy	[23511497]
23686712	young-adult	[]
23688067	fantasy	[25946680]
23688608	romance	[24835769]
23688842	fantasy	[34743211]
23689875	netgalley	[25218679]
23690041	fantasy	[]
23690541	netgalley	[]
23695094	romance	[]
23699195	young-adult	[]
23703190	fantasy	[24886378, 26797154, 27819897, 26245063]
23703248	young-adult	[24519887]
23703457	young-adult	[23799667]
23705071	dystopian	[20950649]
23705140	young-adult	[]
23705519	young-adult	[22557512, 25089112]
23708560	fantasy	[]
23710701	ebooks	[24111098]
23713762	fantasy	[24131108, 23346956, 25478567, 25893561, 20911450]
23714082	young-adult	[]
23714109	young-adult	[23719241]
23714521	young-adult	[]
23715978	young-adult	[32790458]
23716401	young-adult	[]
23716431	time-travel	[]
23716844	romance	[23470729]
23717161	young-adult	[]
23717186	mystery	[25326225]
23717233	young-adult	[27064325]
23717252	young-adult	[]
23718225	zombies	[24484348]
23718697	paranormal	[]
23718758	fantasy	[]
23719212	young-adult	[]
23719231	fantasy	[]
23719240	young-adult	[]
23719241	young-adult	[]
23719249	dystopian	[22719259, 30264807]
23719270	historical-fiction	[24818946, 31125570]
23719272	fantasy	[]
23719423	young-adult	[25787863, 28382536, 28604440, 28645251, 28232073, 31699782, 30787739, 28114400]
23719452	young-adult	[]
23719521	fantasy	[25868457]
23720996	kindle-unlimited	[]
23721140	young-adult	[]
23723793	fantasy	[25114442]
23731166	young-adult	[]
23731820	fantasy	[]
23732403	horror	[23479431]
23733149	dystopian	[25054097]
23733727	romance	[]
23734462	young-adult	[]
23734628	romance	[]
23735606	fantasy	[23636524, 27774408]
23735867	adventure	[]
23739458	fantasy	[]
23742838	fantasy	[]
23743761	humor	[]
23743762	young-adult	[]
23746099	fantasy	[23545094, 24443426]
23750981	young-adult	[]
23755450	young-adult	[]
23768216	young-adult	[25452150]
23770294	fantasy	[]
23770998	new-adult	[]
23780474	fantasy	[15850937]
23783793	fantasy	[]
23783807	dystopian	[]
23783930	young-adult	[]
23784807	young-adult	[21273511]
23784978	young-adult	[]
23787028	dystopian	[]
23787882	eating-disorders	[]
23792053	new-adult	[]
23795320	paranormal	[]
23797015	fantasy	[]
23799667	young-adult	[]
23802202	dystopian	[]
23805689	y-romance-contemporary	[27917875]
23812905	fantasy	[]
23814158	young-adult	[]
23816108	young-adult	[32998350]
23817849	dystopian	[]
23832047	fantasy	[19579777]
23834109	young-adult	[24000808]
23835477	fantasy	[25421561]
23838694	new-adult	[29509860]
23842764	young-adult	[]
23844129	young-adult	[]
23845997	young-adult	[30048552]
23846013	young-adult	[24366952, 29539351, 31416639, 29281507, 35907679, 28186254]
23846024	steampunk	[25601464]
23846037	young-adult	[]
23847966	young-adult	[]
23847976	fantasy	[25661765, 29077667, 22084157]
23847993	young-adult	[20734195]
23848058	horror	[26236387]
23848094	young-adult	[23848197]
23848145	fantasy	[25071003, 26055409, 24999714, 28260585]
23848185	young-adult	[23848186]
23848186	young-adult	[]
23848197	young-adult	[]
23848242	young-adult	[]
23848367	fantasy	[]
23848384	young-adult	[]
23848533	fantasy	[670339]
23848560	horror	[]
23849151	dystopian	[]
23866541	fantasy	[]
23866547	young-adult	[]
23867175	dragons	[]
23870576	audible	[]
23871021	young-adult	[27161116, 24488476]
23871125	horror	[29978007, 24723305]
23881147	dystopian	[]
23884473	young-adult	[]
23890740	fantasy	[]
23894061	young-adult	[]
23894295	young-adult	[23894061]
23898354	fantasy	[]
23898594	fantasy	[20747284, 24700827]
23899848	fantasy	[]
23900737	young-adult	[479471]
23901077	young-adult	[24431666]
23907641	young-adult	[]
23917923	werewolves	[]
23918260	werewolves	[23917923]
23923007	young-adult	[24910547, 30130032, 28943822]
23928133	contemporary	[]
23929388	young-adult	[24380247, 31919339, 23987063]
23940909	fantasy	[25132578]
23942249	young-adult	[]
23943343	young-adult	[]
23946677	ghosts	[]
23947194	young-adult	[17887282]
23947523	fantasy	[]
23947597	fantasy	[]
23949606	young-adult	[9783811]
23964824	romance	[]
23966661	young-adult	[]
23966802	young-adult	[]
23976054	young-adult	[32616871]
23976764	young-adult	[24357302]
23980253	leidos	[]
23986225	sci-fi	[]
23987063	young-adult	[]
23989889	young-adult	[24885636, 25644595, 26832474]
23995301	young-adult	[]
23995302	young-adult	[19064110, 23344468]
24000808	young-adult	[]
24004387	science-fiction	[]
24005179	new-adult	[]
24016773	first-reads	[]
24033058	young-adult	[28814924]
24033946	young-adult	[]
24036070	young-adult	[22096878]
24036084	young-adult	[24036070, 22096878]
24037735	to-buy	[23636700]
24037969	reverse-harem	[]
24039396	young-adult	[]
24059777	fantasy	[24502546]
24061013	young-adult	[]
24088823	young-adult	[]
24110210	young-adult	[24253369]
24111098	ebooks	[]
24111690	fantasy	[26405897, 27259009, 24352021]
24120519	fantasy	[25914821, 26840204, 27853190, 28693067, 30357881, 28439664, 31283050, 24453444]
24131108	fantasy	[23346956, 25478567, 25893561, 20911450]
24146076	young-adult	[]
24156231	eeee	[]
24157098	fantasy	[28588092]
24157159	2017-releases	[]
24159300	fantasy	[]
24172101	fantasy	[25090719, 24476994, 27841669, 31423372, 24621110]
24180037	young-adult	[21466608]
24180418	fantasy	[26130645]
24181993	science-fiction	[24004387]
24186626	young-adult	[]
24201318	fantasy	[24885506, 31946400]
24202895	science-fiction	[]
24203536	new-adult	[]
24208295	fantasy	[24180418, 26130645]
24215135	fantasy	[25174998]
24233526	mystery	[25066961]
24233695	fantasy	[]
24235271	young-adult	[]
24236522	young-adult	[31444765]
24237009	fantasy	[26793022]
24242959	mermaids	[23555577]
24248906	young-adult	[28961827, 26817142]
24251502	young-adult	[]
24253369	young-adult	[]
24261555	romance	[27228533, 25864266, 22917641]
24261890	young-adult	[24236522, 31444765]
24262190	steampunk	[]
24263233	fantasy	[]
24269629	fantasy	[23506180]
24273964	fantasy	[25489188, 24941501]
24277989	young-adult	[24860645, 23222516, 22849487]
24278739	young-adult	[]
24280767	young-adult	[]
24283536	young-adult	[]
24283688	dystopian	[22450335, 22537705]
24285076	new-adult	[20808857]
24288288	dystopian	[]
24292376	young-adult	[]
24293390	young-adult	[]
24306090	fantasy	[]
24308920	young-adult	[22038465, 23297931]
24313147	young-adult	[26012242, 19830589]
24313673	fantasy	[]
24314925	new-adult	[25706104]
24316140	young-adult	[]
24316923	romance	[]
24321005	young-adult	[19705750, 17706540]
24325638	young-adult	[25030135]
24328398	maya-banks	[]
24329026	new-adult	[]
24329742	fantasy	[]
24331409	fantasy	[28053589, 29876198, 30164772, 35228095]
24331460	fantasy	[]
24336355	young-adult	[22471541]
24337842	fantasy	[23310212]
24338298	young-adult	[]
24340711	young-adult	[24924424, 24474911]
24341343	young-adult	[32569027]
24345709	fantasy	[]
24345935	young-adult	[24727118, 31308817]
24352021	fantasy	[]
24352226	young-adult	[]
24352803	vampires	[]
24356060	fantasy	[]
24356258	fantasy	[23068265, 24532877, 24795904, 29539878, 22447220]
24356273	new-adult	[]
24356511	horror	[]
24357302	young-adult	[]
24360093	maya-banks	[]
24363336	young-adult	[]
24365183	fantasy	[]
24365185	fantasy	[]
24365186	fantasy	[]
24365190	fantasy	[25820740]
24366530	young-adult	[]
24366531	fantasy	[]
24366952	young-adult	[29539351, 31416639, 29281507, 35907679, 28186254]
24366953	young-adult	[]
24367637	young-adult	[23395665]
24368550	young-adult	[]
24371623	young-adult	[28422208]
24375704	young-adult	[]
24376549	romance	[]
24376960	romance	[30363505, 31122390]
24378015	romance	[24871713]
24379760	fantasy	[24925552, 22718800, 21341548]
24380140	fantasy	[]
24380247	young-adult	[31919339, 23987063]
24381699	new-adult	[26096597]
24383023	young-adult	[]
24383999	young-adult	[]
24384397	fantasy	[]
24384661	young-adult	[26113890, 24731327]
24390078	sci-fi	[28452462, 25877135, 25524728, 29103799, 32669472, 23395681]
24393880	young-adult	[]
24393989	young-adult	[24308920, 22038465, 23297931]
24396204	science-fiction	[]
24396868	young-adult	[32052075]
24396880	fantasy	[27431813]
24396883	mystery	[20829758]
24396989	horror	[]
24397040	fantasy	[30634094, 31552953, 26031262, 30127551, 25896777]
24397041	fantasy	[25712879]
24397043	young-adult	[25147787, 25613431, 27659268, 25447312]
24397067	fantasy	[25866451]
24402509	arc	[]
24402708	fantasy	[30332541, 29213834, 24630456]
24403863	contemporary	[25452813]
24405297	young-adult	[]
24405575	fantasy	[]
24418975	cathy-cassidy	[]
24419968	young-adult	[30333261]
24421479	young-adult	[]
24422492	romance	[24987826, 25352247]
24428515	romance	[]
24428706	young-adult	[]
24431666	young-adult	[]
24439164	time-travel	[]
24443426	fantasy	[]
24453444	fantasy	[]
24464898	young-adult	[]
24465662	young-adult	[24585370, 26862747, 27993650]
24465724	young-adult	[24585402, 25393667, 27882152, 24970637, 25497762, 25621746]
24465725	young-adult	[27212000]
24465799	young-adult	[24345935, 24727118, 31308817]
24466484	dystopian	[]
24467025	dystopian	[]
24469267	angels	[]
24469717	young-adult	[9783478, 1190505, 1189515]
24471356	sports	[27332953]
24471961	fantasy	[]
24474911	young-adult	[]
24476465	fantasy	[18132925, 23490430, 25173142]
24476994	fantasy	[27841669, 31423372, 24621110]
24477209	new-adult	[]
24479309	young-adult	[]
24479575	young-adult	[24885666, 25232816]
24481697	young-adult	[]
24483807	young-adult	[25225835]
24484348	zombies	[]
24485589	fantasy	[]
24488476	young-adult	[]
24497125	new-adult	[24203536]
24500775	romance	[25059516]
24502546	fantasy	[]
24503187	fantasy	[]
24504286	fantasy	[]
24509473	romance	[24378015, 24871713]
24513338	have	[22642927, 26216193, 23394805, 21116887]
24514006	giveaways-entered	[26302257]
24514370	young-adult	[]
24514980	dystopia	[18606526, 22702886, 25367304, 22021811, 20559162]
24515668	dystopia	[32665692]
24519887	young-adult	[]
24528469	dystopian	[25138577]
24528778	fantasy	[]
24529123	young-adult	[]
24531398	dystopian	[18089966]
24532877	fantasy	[24795904, 29539878, 22447220]
24532910	young-adult	[22535384]
24533080	young-adult	[]
24536856	young-adult	[]
24539156	young-adult	[]
24549765	young-adult	[28253346, 25832927, 25901556]
24550691	vampires	[23245627]
24550848	young-adult	[]
24563870	angels	[]
24566624	young-adult	[]
24567793	young-adult	[]
24570820	young-adult	[23686712]
24573163	fantasy	[]
24573794	young-adult	[]
24574656	fantasy	[]
24575280	sci-fi	[21937246]
24577489	young-adult	[29094675]
24580075	young-adult	[]
24585267	fantasy	[25925892, 30108229]
24585370	young-adult	[26862747, 27993650]
24585402	young-adult	[25393667, 27882152, 24970637, 25497762, 25621746]
24587759	young-adult	[]
24594401	fantasy	[25077214]
24595250	young-adult	[25903205]
24595372	young-adult	[]
24602133	fantasy	[]
24602631	young-adult	[29743549, 31306759, 35239333, 33252527, 25573818]
24602702	young-adult	[]
24609718	fantasy	[]
24609851	young-adult	[24955557, 24870103, 29547949, 32599218, 33358692]
24611432	fantasy	[]
24611640	fantasy	[]
24611703	mystery	[]
24611770	young-adult	[]
24612119	young-adult	[]
24612656	fantasy	[28477293]
24614849	fantasy	[35595950]
24621110	fantasy	[]
24630456	fantasy	[]
24632071	fantasy	[12983626]
24638201	young-adult	[22749550, 23589464, 24570820, 23686712]
24641800	fantasy	[25988677, 26028716]
24641801	science-fiction	[]
24641825	paranormal	[24741644]
24642583	young-adult	[16180479, 34729351]
24643126	young-adult	[28695329]
24644285	young-adult	[]
24644729	young-adult	[]
24644814	young-adult	[25528544, 26016282]
24646108	fantasy	[]
24650439	romance	[]
24657660	young-adult	[25577715, 29407298, 29875399, 30110244]
24660093	sci-fi	[]
24661234	fantasy	[]
24662709	dystopian	[]
24664352	young-adult	[]
24669590	young-adult	[]
24675122	m-m	[25472222]
24675524	young-adult	[27256347]
24676384	fantasy	[]
24676879	young-adult	[]
24678893	new-adult	[29509866, 24722273]
24681154	paranormal	[]
24682771	young-adult	[25818363, 19053172]
24683167	young-adult	[24928959, 29542513]
24684478	young-adult	[]
24685472	young-adult	[26826210]
24686482	m-m	[24807455]
24686734	fantasy	[25203121]
24687626	young-adult	[12049148, 26036246]
24690468	started-stopped	[24690914]
24690795	fantasy	[25493826]
24690914	started-stopped	[]
24700827	fantasy	[]
24703961	dystopian	[18815693]
24705195	james-patterson	[24819501]
24721153	angels	[]
24721702	young-adult	[26189138]
24722065	young-adult	[]
24722273	new-adult	[]
24723305	horror	[]
24724627	young-adult	[]
24727117	horror	[18657657]
24727118	young-adult	[31308817]
24727210	young-adult	[25660831, 25194192, 19891041]
24729556	young-adult	[25066493]
24731327	young-adult	[]
24732043	fantasy	[26798985]
24733410	young-adult	[24393989, 24308920, 22038465, 23297931]
24735974	young-adult	[28106, 3986864]
24737785	fantasy	[]
24741644	paranormal	[]
24745488	young-adult	[26804443, 9754815, 19508953, 22172497]
24748667	romance	[23580766, 33352972]
24749977	reverse-harem	[]
24750282	young-adult	[]
24751478	fantasy	[]
24752904	dystopia	[28673198, 19673266]
24762394	young-adult	[23219553]
24763293	young-adult	[]
24763621	fantasy	[29763799, 35542029, 33393824]
24764073	young-adult	[]
24764918	young-adult	[]
24771622	aleya-michelle	[]
24775139	young-adult	[23346597, 25569678]
24781113	time-travel	[]
24782345	young-adult	[]
24788984	dystopian	[]
24789575	young-adult	[22489597, 22561230, 23414250, 35900300, 22499754]
24789796	horror	[25359427]
24790901	lgbt	[31682109, 28476385]
24794288	fantasy	[]
24795517	youtubers	[24970982]
24795882	young-adult	[]
24795904	fantasy	[29539878, 22447220]
24795952	young-adult	[]
24799229	fantasy	[25890755, 26184936]
24803360	if-i-stay	[]
24804505	young-adult	[25874478, 28220970]
24805743	young-adult	[26105850, 27246855]
24807455	m-m	[]
24809013	young-adult	[22559712, 25691570, 26865967]
24816175	fantasy	[25335761, 25394054]
24817353	dystopian	[]
24818946	historical-fiction	[31125570]
24819501	james-patterson	[]
24820291	fantasy	[]
24820300	fantasy	[29076057, 30134512, 25337864, 25474363]
24822667	netgalley	[27160561]
24822944	mystery	[]
24823825	young-adult	[25162834]
24827241	dystopian	[22749842, 33520436, 20887494]
24830401	young-adult	[]
24830447	mythology	[]
24835769	romance	[]
24837093	young-adult	[]
24837202	netgalley	[]
24842332	young-adult	[]
24844825	horror	[]
24846331	fantasy	[33135084, 29366528]
24846548	young-adult	[26849865]
24846577	young-adult	[]
24848077	young-adult	[]
24849026	mystery	[25873191]
24849226	young-adult	[23272134]
24850589	2017-releases	[]
24853199	contemporary	[]
24853856	young-adult	[30386987, 20644764]
24860645	young-adult	[23222516, 22849487]
24861357	yabancı	[]
24862103	romance	[31215586, 25266817]
24864280	young-adult	[]
24870103	young-adult	[29547949, 32599218, 33358692]
24871713	romance	[]
24871719	romance	[]
24873664	steampunk	[22521591]
24874210	cathy-cassidy	[25858369, 24418975]
24874726	fantasy	[]
24880166	fantasy	[]
24880514	young-adult	[]
24881075	new-adult	[27254027]
24885506	fantasy	[31946400]
24885507	fantasy	[29356073, 18104059]
24885508	fantasy	[18222170]
24885521	fantasy	[21061789]
24885524	fantasy	[29356121]
24885527	sci-fi	[]
24885531	fantasy	[29356118, 3777732]
24885532	zombies	[24885685]
24885537	young-adult	[26542880, 29356081]
24885576	mythology	[]
24885599	young-adult	[]
24885623	fantasy	[]
24885634	young-adult	[28589322]
24885636	young-adult	[25644595, 26832474]
24885649	fantasy	[10644236, 8700058]
24885666	young-adult	[25232816]
24885685	zombies	[]
24885704	romance	[25044118, 29976253, 27206466, 25090159, 25485468]
24885747	young-adult	[]
24885765	horror	[]
24885790	mystery	[26828087, 26586990]
24885824	young-adult	[]
24885851	fantasy	[27220578, 28427014]
24885861	young-adult	[]
24885886	young-adult	[25225913]
24885890	fantasy	[]
24886346	steampunk	[]
24886355	time-travel	[]
24886378	fantasy	[26797154, 27819897, 26245063]
24887416	christian-fiction	[]
24890986	young-adult	[]
24893241	to-buy	[25887310]
24895536	young-adult	[25377533]
24898963	young-adult	[24916102]
24899175	young-adult	[]
24903355	young-adult	[]
24903940	adventure	[27781125, 28097535]
24904572	young-adult	[34377908]
24909346	sci-fi	[29236298, 30318306, 29364863, 35291218, 29236299]
24909347	2018-releases	[]
24909485	young-adult	[25261903, 28685774, 25054384]
24910026	fantasy	[25902942]
24910547	young-adult	[30130032, 28943822]
24911347	young-adult	[22895249]
24916102	young-adult	[]
24917919	young-adult	[25774272, 24602631, 29743549, 31306759, 35239333, 33252527, 25573818]
24918404	young-adult	[25057369]
24921954	young-adult	[28218953, 30836280, 33550249, 34941516, 31244354]
24922289	young-adult	[25596662]
24924110	young-adult	[25964044]
24924155	young-adult	[]
24924424	young-adult	[24474911]
24925056	science-fiction	[25052612]
24925552	fantasy	[22718800, 21341548]
24928959	young-adult	[29542513]
24930075	young-adult	[28815514]
24930387	young-adult	[20580588, 23429750]
24931250	young-adult	[25348875, 29604907, 30242270]
24934065	fantasy	[25776221, 29489019, 32869873, 35230545, 26159610]
24936491	young-adult	[]
24941100	fantasy	[24880166]
24941106	young-adult	[]
24941501	fantasy	[]
24942699	young-adult	[25537232]
24942809	young-adult	[]
24943556	paranormal	[]
24944860	young-adult	[]
24944889	fantasy	[25893213, 20870695]
24949193	tbr	[]
24951851	fantasy	[25284575]
24952665	paranormal	[]
24955557	young-adult	[24870103, 29547949, 32599218, 33358692]
24957063	young-adult	[]
24957546	young-adult	[26374950]
24957551	fantasy	[]
24957563	fantasy	[]
24958415	fantasy	[32178678, 25337867]
24959247	steampunk	[23399901]
24961472	contemporary	[]
24961521	young-adult	[]
24963098	young-adult	[563765]
24965090	young-adult	[25326308, 24341343, 32569027]
24965436	young-adult	[25042980]
24965713	fantasy	[24885851, 27220578, 28427014]
24965992	young-adult	[25357350, 25237040, 25537756]
24967405	fantasy	[]
24967406	fantasy	[25327190, 28377130]
24969678	funny	[26044839, 27872964]
24970637	young-adult	[25497762, 25621746]
24970982	youtubers	[]
24972861	arc	[]
24972870	new-adult	[25144761]
24973415	dystopian	[18808853]
24974965	mystery	[]
24974996	young-adult	[]
24975595	fantasy	[]
24979417	fantasy	[]
24979831	fantasy	[]
24980186	science-fiction	[]
24980595	young-adult	[]
24980610	romance	[]
24980633	young-adult	[21448831, 23768216, 25452150]
24983973	not-out-yet	[]
24987826	romance	[25352247]
24988477	young-adult	[]
24991013	mystery	[]
24993222	young-adult	[23208406, 27271640, 29863217, 26781912]
24995028	young-adult	[22492901, 18810188]
24999714	fantasy	[28260585]
25001544	fantasy	[29150227, 29358306]
25004482	for-review	[]
25005214	fantasy	[25158257]
25006244	young-adult	[]
25006641	romance	[]
25009763	young-adult	[25489638, 25548681, 25485697, 24965992, 25357350, 25237040, 25537756]
25010920	young-adult	[]
25010975	young-adult	[]
25011102	young-adult	[30184778, 24371623, 28422208]
25012088	mystery	[24991013]
25014114	young-adult	[]
25016375	short-stories	[]
25017130	fantasy	[24594401, 25077214]
25019692	lgbt	[25879855]
25021443	fantasy	[29405192, 29547960, 35133527]
25022128	young-adult	[]
25023342	fantasy	[17415685, 18460633, 16170580, 21954462, 22610732, 18525661, 23123246, 22141040]
25025554	young-adult	[25920002, 23199759, 28007929, 24375704]
25025671	young-adult	[]
25026403	young-adult	[33927654]
25027785	young-adult	[]
25027828	fantasy	[]
25027964	young-adult	[]
25029108	fantasy	[]
25030135	young-adult	[]
25031269	fantasy	[]
25035979	dystopian	[26254124]
25042980	young-adult	[]
25044118	romance	[29976253, 27206466, 25090159, 25485468]
25047297	young-adult	[24684478]
25048277	horror	[]
25050783	dystopian	[]
25052612	science-fiction	[]
25052770	young-adult	[23498879, 26845678, 22626336, 22461683]
25052977	dystopian	[]
25054097	dystopian	[]
25054384	young-adult	[]
25055647	science-fiction	[25129233]
25055692	sci-fi	[]
25055701	science-fiction	[25769521]
25056008	young-adult	[25176736]
25056799	young-adult	[]
25057369	young-adult	[]
25057760	young-adult	[]
25058139	new-adult	[25219742]
25058403	young-adult	[34813011]
25059516	romance	[]
25059637	young-adult	[31555221]
25060087	young-adult	[23199305, 23586159]
25060480	young-adult	[]
25060778	young-adult	[]
25062038	young-adult	[]
25063013	young-adult	[25063023, 25006244]
25063023	young-adult	[25006244]
25063573	young-adult	[25011102, 30184778, 24371623, 28422208]
25063750	romance	[25883610, 27399731, 29410814, 30072946, 28073610, 29872618, 28636525]
25063781	short-stories	[]
25064648	young-adult	[26104281, 31905325, 30061003, 32709053]
25065631	young-adult	[]
25065889	young-adult	[]
25066109	sci-fi	[]
25066493	young-adult	[]
25066961	mystery	[]
25067046	star-wars	[27842381, 28183568]
25071003	fantasy	[26055409, 24999714, 28260585]
25071782	young-adult	[25446202]
25075513	young-adult	[]
25077214	fantasy	[]
25078033	young-adult	[21454376]
25078334	young-adult	[25525765]
25081261	fantasy	[30011014, 33838248]
25086524	young-adult	[26040680]
25087345	young-adult	[25065631]
25088424	paranormal	[25344800]
25089112	young-adult	[]
25090159	romance	[25485468]
25090719	fantasy	[24476994, 27841669, 31423372, 24621110]
25090918	fantasy	[25889417, 27068793, 25814724]
25091997	fantasy	[]
25093274	dystopian	[]
25093498	young-adult	[22108736]
25094985	netgalley	[]
25097208	dystopian	[25093274]
25097522	young-adult	[25447921]
25098440	young-adult	[]
25100742	young-adult	[]
25103677	young-adult	[]
25104766	fantasy	[]
25105196	fantasy	[25110513, 29222858]
25105531	romance	[23215471]
25109563	fantasy	[]
25110513	fantasy	[29222858]
25110683	romance	[28815367, 27993938]
25110824	fantasy	[24967406, 25327190, 28377130]
25110853	fantasy	[27408632, 24967405]
25113325	young-adult	[13004168, 15995136, 15815945, 23302416, 17210363, 17382805, 17119852, 25298678, 27790915]
25113893	young-adult	[27802388]
25114442	fantasy	[]
25116648	young-adult	[25266240, 25354744]
25116857	young-adult	[]
25116933	fantasy	[]
25121674	science-fiction	[]
25122001	young-adult	[24644729]
25122002	young-adult	[25122001, 24644729]
25123907	young-adult	[]
25124193	young-adult	[25642029]
25127374	new-adult	[]
25129233	science-fiction	[]
25129403	fantasy	[]
25131427	realistic-fiction	[21887396, 29542555, 31823927, 32945382]
25131711	dystopian	[26184935]
25131766	paranormal	[25266665]
25132578	fantasy	[]
25138577	dystopian	[]
25138743	young-adult	[]
25144761	new-adult	[]
25145859	young-adult	[]
25147215	eeee	[24156231]
25147787	young-adult	[25613431, 27659268, 25447312]
25151797	young-adult	[26211183]
25154027	fantasy	[]
25155211	first-reads	[]
25155872	fantasy	[]
25158257	fantasy	[]
25158508	dystopian	[22424057]
25162834	young-adult	[]
25163654	science-fiction	[]
25164304	fantasy	[]
25165421	young-adult	[24864280]
25166253	fantasy	[23947597]
25166806	young-adult	[]
25168166	fantasy	[25578999]
25169765	young-adult	[]
25170545	dystopian	[]
25173142	fantasy	[]
25174874	fantasy	[25775333, 25984751]
25174998	fantasy	[]
25175898	fantasy	[25867767, 30046955]
25176736	young-adult	[]
25176786	young-adult	[24763293]
25178610	young-adult	[18880684, 27984411]
25180939	young-adult	[]
25181189	reverse-harem	[]
25181955	fantasy	[34726991, 35898340, 33787347]
25182269	dystopian	[25183778, 28463043, 28547827, 35340607, 33806043]
25182758	dystopian	[25170545]
25183778	dystopian	[28463043, 28547827, 35340607, 33806043]
25184383	young-adult	[]
25186591	fantasy	[]
25186631	young-adult	[]
25187579	sci-fi	[]
25187640	fantasy	[26802894, 28355848, 33125819, 29939389]
25189264	distopias	[]
25189584	fantasy	[29241212]
25194131	young-adult	[24924155]
25194192	young-adult	[19891041]
25198441	young-adult	[26071421]
25202098	netgalley	[]
25202767	young-adult	[20641771, 30120578]
25203121	fantasy	[]
25203675	fantasy	[28177121, 27158779, 25991136]
25203939	young-adult	[]
25204053	young-adult	[22055507]
25205312	romance	[]
25205864	young-adult	[25075513]
25206843	young-adult	[25176786, 24763293]
25208723	fantasy	[]
25208726	fantasy	[25780872, 25208723]
25208834	fantasy	[]
25209521	young-adult	[26529699, 25211840, 28571341, 25946985]
25210273	fantasy	[25673377]
25211840	young-adult	[28571341, 25946985]
25214707	young-adult	[]
25215116	dystopian	[]
25215710	fantasy	[25867839, 25304151]
25218070	young-adult	[25996644, 25567920]
25218679	netgalley	[]
25218998	netgalley	[]
25219388	fantasy	[]
25219742	new-adult	[]
25220100	need	[]
25220478	fantasy	[]
25223591	horror	[7823800]
25223919	science-fiction	[24925056, 25052612]
25224637	young-adult	[]
25225169	young-adult	[]
25225835	young-adult	[]
25225913	young-adult	[]
25226192	fantasy	[25858039, 23179355]
25226958	young-adult	[]
25228540	young-adult	[24036084, 24036070, 22096878]
25231700	jamie-mcguire	[23574285]
25231729	young-adult	[23173011]
25231769	romance	[]
25232816	young-adult	[]
25237040	young-adult	[25537756]
25244111	fantasy	[24820300, 29076057, 30134512, 25337864, 25474363]
25245425	dystopian	[]
25246053	young-adult	[26851979, 35114519, 25971281]
25246657	young-adult	[25886094]
25247133	horses	[]
25250559	fantasy	[24405575]
25255045	historical-fiction	[]
25255576	young-adult	[]
25256980	fantasy	[25301155]
25257169	steampunk	[21407176]
25259256	young-adult	[27283084]
25259796	young-adult	[25447326]
25260113	young-adult	[35224309]
25261903	young-adult	[28685774, 25054384]
25263399	young-adult	[29953778]
25263617	young-adult	[]
25263927	horror	[]
25264061	dystopia	[19432805]
25266240	young-adult	[25354744]
25266665	paranormal	[]
25266817	romance	[]
25269311	fantasy	[20873145, 25741467, 27295136, 26081688, 25864111]
25270235	fantasy	[25287521]
25272354	young-adult	[]
25273504	m-m	[20725021, 22011554, 23553204, 34661269]
25276650	fantasy	[]
25283575	fantasy	[26874351]
25284575	fantasy	[]
25287521	fantasy	[]
25292800	science-fiction	[]
25298678	young-adult	[27790915]
25300614	to-buy	[]
25301155	fantasy	[]
25302092	netgalley	[]
25302199	coming-soon	[]
25304151	fantasy	[]
25305109	fantasy	[25795759, 25485803, 25716575]
25305882	dystopian	[]
25305927	fantasy	[]
25307819	dystopian	[25433097, 21952712]
25308261	fantasy	[]
25308316	new	[]
25309283	young-adult	[]
25309770	fantasy	[25927452]
25314394	romance	[]
25314447	fantasy	[]
25315922	vampires	[25938458, 26131821, 26308436]
25317117	romance	[]
25317713	fantasy	[19314543]
25318430	r2r	[]
25320996	young-adult	[]
25321022	fantasy	[21801079]
25322449	young-adult	[]
25323427	historical	[]
25323707	young-adult	[]
25324129	discworld	[22886868, 25398409, 25391616, 27823743]
25325258	dystopian	[]
25326225	mystery	[]
25326308	young-adult	[24341343, 32569027]
25326651	young-adult	[]
25326838	fantasy	[29338023, 31684018, 34112823, 33411479]
25327190	fantasy	[28377130]
25327315	young-adult	[24325638, 25030135]
25327592	young-adult	[]
25332062	fantasy	[21469060, 24979831]
25335298	lgbt	[]
25335761	fantasy	[25394054]
25336050	young-adult	[]
25336218	young-adult	[31372235]
25336312	time-travel	[]
25337158	dystopian	[]
25337864	fantasy	[25474363]
25337867	fantasy	[]
25338152	fantasy	[25445500]
25341857	young-adult	[]
25343597	paranormal	[]
25344800	paranormal	[]
25346611	young-adult	[]
25347016	science-fiction	[22037912, 22925849, 22062976]
25348875	young-adult	[29604907, 30242270]
25351256	angels	[24563870]
25352247	romance	[]
25354184	young-adult	[25071782, 25446202]
25354188	young-adult	[]
25354744	young-adult	[]
25356225	contemporary	[]
25356269	post-apocalyptic	[]
25357350	young-adult	[25237040, 25537756]
25359355	science-fiction	[]
25359427	horror	[]
25362018	fantasy	[26010699]
25362229	fantasy	[25393610, 26857210]
25363756	young-adult	[]
25365390	fantasy	[]
25365584	fantasy	[28818369, 31369411]
25366075	romance	[25378659]
25367304	dystopia	[22021811, 20559162]
25370089	dystopian	[25615271]
25375859	young-adult	[]
25376893	thriller	[]
25377533	young-adult	[]
25378659	romance	[]
25378986	romance	[20942357, 21898034]
25382109	young-adult	[]
25385523	young-adult	[25597355]
25387441	humor	[]
25387442	humor	[]
25388580	young-adult	[26860990]
25390583	young-adult	[22546791]
25390965	young-adult	[]
25391616	discworld	[27823743]
25391630	new-adult	[24881075, 27254027]
25392394	steampunk	[]
25392395	steampunk	[]
25393478	young-adult	[]
25393610	fantasy	[26857210]
25393667	young-adult	[27882152, 24970637, 25497762, 25621746]
25393906	young-adult	[18889299]
25394054	fantasy	[]
25394455	young-adult	[24533080]
25394481	fantasy	[23253921, 25512260, 35236798]
25396352	fantasy	[24528778]
25397334	young-adult	[]
25397720	young-adult	[25937799, 25937800]
25398409	discworld	[25391616, 27823743]
25400928	fantasy	[]
25402802	science-fiction	[23380051]
25404882	fantasy	[]
25410497	young-adult	[26523013]
25413852	fantasy	[]
25414929	young-adult	[]
25414982	young-adult	[]
25416768	young-adult	[]
25418989	fantasy	[]
25420031	romance	[17254225, 18331807, 18362452]
25420532	science-fiction	[36250176]
25421308	young-adult	[30239436]
25421561	fantasy	[]
25422454	romance	[]
25426504	mystery	[]
25429929	fantasy	[23501159]
25430748	young-adult	[]
25431243	young-adult	[]
25431440	fantasy	[24585267, 25925892, 30108229]
25432252	ebooks	[]
25432577	young-adult	[]
25433097	dystopian	[21952712]
25433872	romance	[25314394]
25434032	fantasy	[22822650, 24885649, 10644236, 8700058]
25436641	young-adult	[]
25437747	contemporary	[]
25439404	fantasy	[24365183]
25439510	dystopian	[]
25439542	fantasy	[25773826]
25439754	young-adult	[]
25440127	fantasy	[25413852]
25441250	fantasy	[27396822, 25672071, 30529749]
25443847	young-adult	[]
25445500	fantasy	[]
25446202	young-adult	[]
25446297	sci-fi	[32941343]
25446343	fantasy	[]
25447312	young-adult	[]
25447326	young-adult	[]
25447694	young-adult	[]
25447921	young-adult	[]
25448247	young-adult	[23470761, 23561166, 24384661, 26113890, 24731327]
25448932	reverse-harem	[34992805]
25448939	reverse-harem	[]
25448994	reverse-harem	[]
25450479	fantasy	[]
25450931	steampunk	[19448543, 25697595]
25452125	romance	[24500775, 25059516]
25452150	young-adult	[]
25452813	contemporary	[]
25453187	young-adult	[]
25453345	romance	[25496305]
25453426	dystopian	[]
25454683	fantasy	[26225457, 27834976, 25654599]
25454883	romance	[26529942]
25455536	young-adult	[]
25458325	young-adult	[]
25459574	contemporary	[]
25459663	mermaids	[]
25460358	romance	[26041248]
25460957	fantasy	[23395819, 28001622, 27821769, 25541572, 32370233, 35121746, 33231720]
25463009	young-adult	[26861014]
25464140	young-adult	[]
25466126	horror	[25498757]
25467698	young-adult	[]
25470917	arc	[]
25471700	fantasy	[]
25472222	m-m	[]
25472772	science-fiction	[]
25473101	young-adult	[29806508, 30164003]
25474267	young-adult	[25746486]
25474363	fantasy	[]
25478293	young-adult	[18459855, 23923007, 24910547, 30130032, 28943822]
25478567	fantasy	[25893561, 20911450]
25479681	for-review	[25004482]
25479900	young-adult	[]
25482393	new-adult	[]
25483021	fantasy	[30303263]
25484159	witches	[]
25484458	young-adult	[]
25484579	young-adult	[29908464]
25484994	young-adult	[]
25485002	young-adult	[]
25485029	young-adult	[28954053]
25485468	romance	[]
25485697	young-adult	[24965992, 25357350, 25237040, 25537756]
25485803	fantasy	[25716575]
25486998	young-adult	[]
25487088	netgalley	[]
25487847	sci-fi	[]
25489021	science-fiction	[25472772]
25489188	fantasy	[24941501]
25489415	young-adult	[]
25489422	short-stories	[27303492]
25489638	young-adult	[25548681, 25485697, 24965992, 25357350, 25237040, 25537756]
25489886	mystery	[30037703, 25579630]
25491768	young-adult	[27995119, 30619137]
25493644	young-adult	[]
25493815	fantasy	[27430329, 28595006]
25493826	fantasy	[]
25495683	young-adult	[]
25496305	romance	[]
25497030	time-travel	[]
25497762	young-adult	[25621746]
25498060	fantasy	[]
25498757	horror	[]
25498889	romance	[]
25499658	first-reads	[]
25501487	fantasy	[]
25504618	fantasy	[22369418, 25796670, 29243438, 22706899, 22328558]
25504661	zombies	[]
25505556	young-adult	[]
25507403	young-adult	[]
25507868	young-adult	[]
25509492	young-adult	[24336355, 22471541]
25511474	sub	[]
25512260	fantasy	[35236798]
25517283	romance	[]
25518205	fantasy	[25938402, 28158891]
25518424	young-adult	[]
25519287	angels	[]
25521501	young-adult	[]
25524631	young-adult	[]
25524728	sci-fi	[29103799, 32669472, 23395681]
25525517	pal	[]
25525765	young-adult	[]
25526307	fantasy	[20443235, 30816686, 26102562]
25526491	young-adult	[35627120, 22078263]
25528246	fantasy	[]
25528544	young-adult	[26016282]
25528801	contemporary	[]
25531669	new-adult	[]
25532108	new-adult	[23770998]
25532533	science-fiction	[]
25534273	science-fiction	[25532533]
25535512	young-adult	[]
25536752	sub	[23454258]
25537232	young-adult	[]
25537576	dystopian	[33526691]
25537679	dystopian	[25537576, 33526691]
25537756	young-adult	[]
25538649	contemporary	[30760780]
25541572	fantasy	[32370233, 35121746, 33231720]
25543223	fantasy	[]
25543733	young-adult	[]
25544435	romance	[]
25548681	young-adult	[25485697, 24965992, 25357350, 25237040, 25537756]
25548744	young-adult	[]
25550357	sci-fi	[]
25551332	young-adult	[27408225, 25816595]
25552211	young-adult	[]
25555364	young-adult	[28386444]
25558608	fantasy	[25591568, 31077724, 33359446, 32021588]
25559253	contemporary-romance	[]
25560251	fantasy	[24885524, 29356121]
25560279	fantasy	[24885508, 18222170]
25561068	young-adult	[24611770]
25563870	romance	[]
25565261	young-adult	[25565361]
25565361	young-adult	[]
25565900	werewolves	[]
25566671	fantasy	[]
25567608	young-adult	[24383023]
25567920	young-adult	[]
25568631	young-adult	[25619751, 32672150]
25569678	young-adult	[]
25571889	fantasy	[]
25572274	fantasy	[]
25573818	young-adult	[]
25574672	young-adult	[25735515]
25577715	young-adult	[29407298, 29875399, 30110244]
25578558	fantasy	[]
25578999	fantasy	[]
25579630	mystery	[]
25591568	fantasy	[31077724, 33359446, 32021588]
25595267	read-in-2014	[]
25596662	young-adult	[]
25597122	young-adult	[23848384]
25597213	horror	[]
25597355	young-adult	[]
25601464	steampunk	[]
25602380	young-adult	[]
25603695	fantasy	[25001544, 29150227, 29358306]
25606638	post-apocalyptic	[]
25606910	young-adult	[]
25608937	science-fiction	[]
25609111	netgalley	[]
25611831	fantasy	[28601404]
25613431	young-adult	[27659268, 25447312]
25613472	young-adult	[]
25614023	sci-fi	[27384559]
25615271	dystopian	[]
25616705	fantasy	[24365186]
25617033	dystopian	[25370089, 25615271]
25619522	y-young-adult	[]
25619553	y-young-adult	[25619522]
25619751	young-adult	[32672150]
25620206	superheroes	[18631196]
25620450	young-adult	[]
25620458	fantasy	[]
25621746	young-adult	[]
25625965	young-adult	[34661898]
25627752	dystopian	[]
25633837	fantasy	[]
25635310	zombies	[]
25636267	young-adult	[]
25639296	young-adult	[]
25639457	young-adult	[26833325]
25639472	young-adult	[26872829]
25642029	young-adult	[]
25644081	fantasy	[]
25644595	young-adult	[26832474]
25644677	fantasy	[24944889, 25893213, 20870695]
25645546	fantasy	[26021603, 30170686]
25647018	tara-brown	[]
25647072	dystopian	[25989102]
25647596	young-adult	[34504693, 22096222]
25647630	young-adult	[]
25647879	historical-fiction	[]
25648000	young-adult	[]
25648079	young-adult	[]
25648179	historical-fiction	[]
25648205	fantasy	[31863541]
25649108	netgalley	[30333745]
25650772	fantasy	[]
25654020	fantasy	[]
25654381	young-adult	[]
25654599	fantasy	[]
25655110	young-adult	[16194584, 15714721]
25655143	post-apocalyptic	[15780556, 18897882]
25655157	post-apocalyptic	[15839526, 18921162]
25655175	dystopia	[16047619, 19054213]
25657130	young-adult	[]
25658531	read-in-2016	[]
25658857	young-adult	[]
25659258	young-adult	[25507403]
25659392	young-adult	[29102816, 25859216, 28425994, 26790915]
25659436	young-adult	[]
25660638	superheroes	[]
25660831	young-adult	[25194192, 19891041]
25661516	romance	[]
25661765	fantasy	[29077667, 22084157]
25662401	fantasy	[18486478, 21972742, 24201318, 24885506, 31946400]
25663437	fantasy	[25912108]
25663529	young-adult	[21411034]
25663572	young-adult	[]
25663575	young-adult	[25663572]
25663595	horror	[26826919]
25663637	young-adult	[]
25663775	fantasy	[]
25664288	young-adult	[25518424]
25664412	romance	[]
25664462	young-adult	[]
25664525	young-adult	[]
25664562	fantasy	[]
25664563	young-adult	[29714650, 18856964]
25665016	young-adult	[]
25666071	fantasy	[]
25668472	fantasy	[]
25668535	fantasy	[15756968, 18921929]
25668875	fantasy	[]
25669098	sci-fi	[]
25670510	mystery	[]
25671761	fantasy	[]
25672071	fantasy	[30529749]
25672272	young-adult	[]
25672332	young-adult	[]
25672501	young-adult	[]
25673377	fantasy	[]
25675437	young-adult	[]
25677660	dystopian	[]
25681160	wattpad	[]
25683596	contemporary	[25758991]
25684347	sci-fi	[]
25686705	urban-fantasy	[]
25688000	young-adult	[31682994]
25688995	young-adult	[]
25689033	young-adult	[]
25689041	young-adult	[]
25689056	fantasy	[27828518]
25689074	young-adult	[25732132, 28253832, 31152019, 34511898, 25782255]
25690076	mystery	[28691938]
25690185	fantasy	[25951482]
25690645	dystopian	[]
25691570	young-adult	[26865967]
25691985	young-adult	[25574672, 25735515]
25692844	dystopian	[]
25694060	superheroes	[29345470, 25660638]
25697595	steampunk	[]
25701463	contemporary	[]
25703752	young-adult	[33521694]
25706104	new-adult	[]
25706893	contemporary	[25683596, 25758991]
25707501	paranormal	[]
25708672	young-adult	[28412460]
25708877	young-adult	[18490570]
25709044	fantasy	[]
25710509	sci-fi	[25755610]
25710583	young-adult	[]
25712597	fantasy	[]
25712879	fantasy	[]
25716099	fantasy	[]
25716575	fantasy	[]
25716885	young-adult	[]
25719310	young-adult	[]
25721422	young-adult	[]
25721439	young-adult	[29934312]
25721483	fantasy	[]
25725631	young-adult	[]
25727991	vampire-diaries	[]
25728924	young-adult	[]
25729301	superheroes	[25620206, 18631196]
25729635	mythology	[26231359]
25729652	mythology	[]
25732113	fantasy	[25732163]
25732132	young-adult	[28253832, 31152019, 34511898, 25782255]
25732163	fantasy	[]
25733270	fantasy	[]
25733272	historical-fiction	[]
25733660	fantasy	[29095127, 30160760, 26047679]
25735515	young-adult	[]
25737209	fantasy	[31301569]
25739275	dystopian	[]
25739280	read-in-2016	[25658531]
25739589	netgalley	[25487088]
25739735	young-adult	[20632770]
25739749	young-adult	[20343460, 21424813, 23213031]
25739965	dystopian	[29950048]
25740412	fantasy	[33774390, 33225152]
25740472	young-adult	[31145053]
25741467	fantasy	[27295136, 26081688, 25864111]
25742250	fantasy	[]
25742635	young-adult	[]
25742683	fantasy	[28175701, 30496870]
25742694	young-adult	[]
25745858	fantasy	[]
25746486	young-adult	[]
25746600	romance	[23688608, 24835769]
25747431	dystopian	[]
25747713	young-adult	[]
25749700	fantasy	[]
25752041	fantasy	[33984297, 34546914]
25752730	fantasy	[]
25755451	fantasy	[25858041]
25755551	mythology	[]
25755610	sci-fi	[]
25755939	fantasy	[26225491, 28487403, 27774758, 28446392]
25756328	young-adult	[]
25756539	quinn-loftis	[25927691]
25757247	young-adult	[]
25758991	contemporary	[]
25759451	romance	[]
25760792	fantasy	[31082300]
25761057	2018-releases	[]
25762955	dystopian	[26095367]
25764445	young-adult	[]
25764589	romance	[33305024]
25767423	young-adult	[]
25769521	science-fiction	[]
25769701	dystopian	[]
25773067	young-adult	[25625965, 34661898]
25773335	young-adult	[]
25773826	fantasy	[]
25773842	mystery	[25489886, 30037703, 25579630]
25774072	young-adult	[]
25774272	young-adult	[24602631, 29743549, 31306759, 35239333, 33252527, 25573818]
25774765	romance	[24871719]
25775333	fantasy	[25984751]
25775878	young-adult	[25984131]
25776221	fantasy	[29489019, 32869873, 35230545, 26159610]
25777143	young-adult	[]
25778091	young-adult	[]
25778505	zombies	[26210016]
25780872	fantasy	[25208723]
25781691	fantasy	[26591922, 26102502]
25781707	horror	[]
25781800	young-adult	[]
25782255	young-adult	[]
25785357	fantasy	[27395574, 28868439, 28936090, 30687807, 35053955]
25785643	horror	[]
25785649	young-adult	[]
25785668	young-adult	[25987742, 30312841]
25785671	fantasy	[]
25785681	young-adult	[23734462]
25785718	young-adult	[]
25785763	young-adult	[]
25785780	young-adult	[]
25785848	young-adult	[29578257]
25786920	young-adult	[25872893]
25787863	young-adult	[28382536, 28604440, 28645251, 28232073, 31699782, 30787739, 28114400]
25787969	young-adult	[]
25788145	fantasy	[]
25788284	fantasy	[25742683, 28175701, 30496870]
25788337	fantasy	[]
25791679	young-adult	[27878464]
25792120	young-adult	[9533922, 13146226, 15463396]
25793458	lgbt	[]
25794188	young-adult	[]
25795281	mystery	[]
25795759	fantasy	[25485803, 25716575]
25796631	young-adult	[32605559]
25796643	fantasy	[27863764]
25796670	fantasy	[29243438, 22706899, 22328558]
25798596	fantasy	[25752730]
25800990	contemporary	[28116708]
25801341	young-adult	[3060415]
25801356	young-adult	[568609, 2997545]
25801832	fantasy	[]
25807028	paranormal	[]
25810884	time-travel	[]
25812109	young-adult	[]
25812632	young-adult	[29512334]
25813527	young-adult	[]
25814377	sci-fi	[25614023, 27384559]
25814724	fantasy	[]
25815788	young-adult	[]
25816163	romance	[26833014]
25816519	fantasy	[25362229, 25393610, 26857210]
25816595	young-adult	[]
25816619	young-adult	[]
25816737	young-adult	[]
25816999	fantasy	[]
25817078	young-adult	[]
25817310	young-adult	[]
25817407	fantasy	[]
25817463	fantasy	[]
25818033	fantasy	[22074322]
25818363	young-adult	[19053172]
25819492	horror	[]
25819495	young-adult	[]
25819497	young-adult	[]
25819835	paranormal	[]
25820740	fantasy	[]
25820836	young-adult	[31689306, 27201785, 27601999]
25820867	young-adult	[30635468]
25823072	young-adult	[29232194]
25823439	m-m	[]
25823959	fantasy	[27253926]
25824455	young-adult	[]
25825737	young-adult	[]
25825932	young-adult	[30290110, 36353058]
25826620	wattpad	[33126413]
25828486	young-adult	[25927482]
25832927	young-adult	[25901556]
25834523	fantasy	[25220478]
25835450	young-adult	[8165967]
25835474	young-adult	[]
25836501	young-adult	[]
25837221	fantasy	[23626663]
25840679	fantasy	[]
25843018	young-adult	[]
25843088	young-adult	[26245624]
25846185	young-adult	[]
25846943	young-adult	[]
25847104	young-adult	[]
25851812	fantasy	[]
25855415	fantasy	[]
25857262	young-adult	[]
25858039	fantasy	[23179355]
25858041	fantasy	[]
25858369	cathy-cassidy	[24418975]
25859216	young-adult	[28425994, 26790915]
25859289	young-adult	[]
25860053	romance	[]
25860843	m-m	[]
25861100	young-adult	[27224170, 27465774, 27210817, 26860475, 26858109, 28524709]
25861120	horror	[20413502]
25861792	science-fiction	[]
25863938	dystopian	[]
25864111	fantasy	[]
25864266	romance	[22917641]
25865313	fantasy	[34318746]
25866451	fantasy	[]
25867393	fantasy	[]
25867767	fantasy	[30046955]
25867839	fantasy	[25304151]
25868112	fantasy	[27431741, 32057213]
25868457	fantasy	[]
25869874	fantasy	[27421322]
25871069	young-adult	[]
25872893	young-adult	[]
25873191	mystery	[]
25873284	christian-fiction	[]
25874097	young-adult	[33386267, 30422576, 33224788]
25874478	young-adult	[28220970]
25875461	netgalley	[]
25876993	young-adult	[30654161]
25877135	sci-fi	[25524728, 29103799, 32669472, 23395681]
25877185	young-adult	[26502558]
25878229	young-adult	[]
25879070	sub	[28605697]
25879855	lgbt	[]
25881546	young-adult	[]
25883610	romance	[27399731, 29410814, 30072946, 28073610, 29872618, 28636525]
25885567	paranormal	[29861145, 25807028]
25886094	young-adult	[]
25887310	to-buy	[]
25889417	fantasy	[27068793, 25814724]
25890239	dystopian	[]
25890355	fantasy	[26804473, 27887873, 30651327]
25890712	young-adult	[]
25890755	fantasy	[26184936]
25891601	fantasy	[]
25892305	vampires	[]
25893213	fantasy	[20870695]
25893561	fantasy	[20911450]
25893579	young-adult	[24721702, 26189138]
25893582	young-adult	[]
25893749	young-adult	[]
25894938	young-adult	[]
25895286	young-adult	[27284375]
25895669	young-adult	[]
25896777	fantasy	[]
25897188	sci-fi	[]
25897792	young-adult	[23212980]
25898175	young-adult	[29355967]
25898210	young-adult	[]
25898435	young-adult	[29282402]
25898833	young-adult	[]
25898834	fantasy	[24573163]
25900493	read-in-2016	[]
25901556	young-adult	[]
25902942	fantasy	[]
25903205	young-adult	[]
25903354	young-adult	[]
25906908	dystopian	[]
25912108	fantasy	[]
25912358	young-adult	[]
25914821	fantasy	[26840204, 27853190, 28693067, 30357881, 28439664, 31283050, 24453444]
25914930	sci-fi	[25487847]
25916065	fantasy	[]
25916942	romance	[]
25917801	young-adult	[27189623, 26107387, 20425939]
25920002	young-adult	[23199759, 28007929, 24375704]
25923471	urban-fantasy	[29970677]
25925784	young-adult	[]
25925785	young-adult	[32756262, 27853567]
25925892	fantasy	[30108229]
25927107	romance	[25944505, 25916942]
25927452	fantasy	[]
25927482	young-adult	[]
25927691	quinn-loftis	[]
25928543	fantasy	[]
25932917	young-adult	[25824455]
25933711	mystery	[]
25933804	young-adult	[30103331]
25937799	young-adult	[25937800]
25937800	young-adult	[]
25938402	fantasy	[28158891]
25938458	vampires	[26131821, 26308436]
25944381	fantasy	[33358263, 27409389]
25944389	fantasy	[27255774, 28423811, 30048984, 28941550, 30822575, 30183904, 32607149, 25645546, 26021603, 30170686]
25944505	romance	[25916942]
25944798	fantasy	[31136826, 31145030, 28542772]
25946680	fantasy	[]
25946703	young-adult	[28958530]
25946891	fantasy	[]
25946985	young-adult	[]
25947097	young-adult	[29985347]
25950053	fantasy	[30363330, 25733270]
25951462	young-adult	[27209370]
25951482	fantasy	[]
25953603	netgalley	[25953614]
25953614	netgalley	[]
25962350	gena-showalter	[]
25963768	horror	[]
25964044	young-adult	[]
25965510	fantasy	[]
25966045	dystopian	[]
25967038	fantasy	[24612656, 28477293]
25969847	young-adult	[]
25970036	young-adult	[31216132]
25970470	dystopian	[21900914, 25966045]
25971281	young-adult	[]
25973207	summer	[]
25974901	netgalley	[]
25978565	fantasy	[]
25978819	young-adult	[26774974]
25980347	completed-series	[]
25982869	young-adult	[]
25984131	young-adult	[]
25984521	christian	[]
25984653	young-adult	[]
25984751	fantasy	[]
25986688	fantasy	[25997484]
25987742	young-adult	[30312841]
25987793	dystopian	[26020311]
25988677	fantasy	[26028716]
25989102	dystopian	[]
25989666	fantasy	[]
25991081	young-adult	[]
25991136	fantasy	[]
25992973	science-fiction	[]
25994263	fantasy	[29914890, 25712597]
25996644	young-adult	[25567920]
25997484	fantasy	[]
25999600	fantasy	[]
26000004	young-adult	[]
26000259	fantasy	[]
26004636	fantasy	[]
26008840	fantasy	[27775925]
26010699	fantasy	[]
26011212	adventure	[]
26011489	fantasy	[]
26012242	young-adult	[19830589]
26016282	young-adult	[]
26016506	young-adult	[]
26017107	young-adult	[]
26020311	dystopian	[]
26020438	netgalley	[]
26021603	fantasy	[30170686]
26026252	estantería	[28173013, 27871583]
26026271	pendientes	[29083084]
26026286	young-adult	[]
26026358	young-adult	[]
26026376	young-adult	[]
26028716	fantasy	[]
26031132	fantasy	[27826177, 18889300, 21341039, 21082129, 25501487]
26031261	fantasy	[31423543]
26031262	fantasy	[30127551, 25896777]
26031279	mythology	[27406261, 34707442, 28227410]
26032352	young-adult	[]
26032825	fantasy	[]
26032887	2019	[]
26033988	young-adult	[26026376]
26034275	fantasy	[]
26034882	fantasy	[18086534]
26036246	young-adult	[]
26039354	young-adult	[26044869, 26044900, 26044932]
26039537	dystopian	[]
26040218	fantasy	[29571405, 33383822]
26040680	young-adult	[]
26041248	romance	[]
26043421	netgalley	[26247187]
26044839	funny	[27872964]
26044869	young-adult	[26044900, 26044932]
26044900	young-adult	[26044932]
26044932	young-adult	[]
26046868	young-adult	[]
26046894	young-adult	[]
26047310	fantasy	[24934065, 25776221, 29489019, 32869873, 35230545, 26159610]
26047678	fantasy	[]
26047679	fantasy	[]
26048514	mystery	[]
26049078	young-adult	[]
26054568	young-adult	[]
26055409	fantasy	[24999714, 28260585]
26059132	young-adult	[]
26063651	young-adult	[18769970, 24853856, 30386987, 20644764]
26064760	fantasy	[]
26065653	fantasy	[28954139, 30973551]
26071421	young-adult	[]
26072589	fantasy	[29875413, 28445995, 20812065, 27267112]
26072627	young-adult	[]
26072983	young-adult	[]
26073058	middle-grade	[]
26073071	young-adult	[]
26073072	young-adult	[]
26073074	young-adult	[]
26074057	young-adult	[]
26074110	young-adult	[]
26074111	contemporary	[23928133]
26074113	young-adult	[]
26074114	young-adult	[]
26074170	fantasy	[33023175, 34872166, 30249934]
26074181	dystopian	[30060836, 29866260, 27557581, 34603501, 26150713, 27829330]
26074185	fantasy	[34031865, 26210018]
26074194	fantasy	[26072589, 29875413, 28445995, 20812065, 27267112]
26074213	young-adult	[13264468]
26075771	fantasy	[26079201, 26207970]
26077971	fantasy	[34753269]
26079201	fantasy	[26207970]
26081688	fantasy	[25864111]
26082205	giveaways	[29080419]
26082351	young-adult	[]
26085520	fantasy	[31573869]
26087299	young-adult	[]
26087582	fantasy	[26107388]
26088931	romance	[]
26089227	horror	[]
26090003	young-adult	[25969847]
26090390	young-adult	[]
26091228	young-adult	[33509085]
26092032	fantasy	[]
26094254	young-adult	[]
26094860	young-adult	[26817774]
26095367	dystopian	[]
26096597	new-adult	[]
26098510	fantasy	[]
26099506	dystopian	[]
26100693	science-fiction	[]
26101040	romance	[26183322]
26102502	fantasy	[]
26102562	fantasy	[]
26104281	young-adult	[31905325, 30061003, 32709053]
26105540	fantasy	[31328960, 32574174, 28204529]
26105850	young-adult	[27246855]
26106229	fantasy	[25855415]
26106502	young-adult	[26106509, 26106816, 33610252]
26106509	young-adult	[26106816, 33610252]
26106816	young-adult	[33610252]
26107387	young-adult	[20425939]
26107388	fantasy	[]
26109391	young-adult	[]
26111537	young-adult	[19608816]
26113890	young-adult	[24731327]
26114131	young-adult	[]
26114232	young-adult	[]
26114337	fantasy	[]
26114440	young-adult	[27411756, 20759913, 28159835]
26114479	dystopian	[23255150]
26114621	young-adult	[28443237]
26114677	mythology	[]
26115230	fantasy	[]
26116440	young-adult	[]
26116466	young-adult	[562762, 7671305, 13279074]
26116473	young-adult	[30020078, 27406253]
26117336	young-adult	[35457265]
26118005	horror	[]
26118981	young-adult	[]
26119065	young-adult	[26122691, 26831164]
26119845	netgalley	[26716188]
26122212	young-adult	[]
26122691	young-adult	[26831164]
26123675	young-adult	[24944860]
26123960	reverse-harem	[]
26125140	young-adult	[26253511]
26126404	young-adult	[]
26130058	catholic-fiction	[]
26130645	fantasy	[]
26131821	vampires	[26308436]
26132392	young-adult	[]
26135139	young-adult	[27206467, 27191341]
26137044	after	[]
26138096	young-adult	[30328189, 27251214]
26138975	fantasy	[]
26139640	realistic-fiction	[15782966, 18802143, 12225252, 18887715]
26143713	netgalley	[26043421, 26247187]
26143921	young-adult	[27264155]
26146013	science-fiction	[]
26146791	fantasy	[]
26150650	fantasy	[9460487]
26150713	dystopian	[27829330]
26150765	young-adult	[]
26150790	fantasy	[]
26151879	vampires	[19286603, 21807312]
26152839	fantasy	[]
26153925	young-adult	[]
26156443	sci-fi	[]
26156987	young-adult	[]
26158729	young-adult	[31145177]
26159157	contemporary	[27315791]
26159610	fantasy	[]
26164334	netgalley	[26699563]
26164546	young-adult	[]
26165084	ebooks	[]
26165215	young-adult	[]
26168646	fantasy	[30258320, 34852727, 30337432]
26168848	young-adult	[]
26170198	giveaways	[]
26172490	romance	[18209604]
26172533	romance	[24650439]
26173407	adventure	[26011212]
26173551	young-adult	[]
26174272	reverse-harem	[]
26175544	young-adult	[]
26175968	fantasy	[27468538, 26150650, 9460487]
26178912	dystopian	[33519654, 24662709]
26180279	sci-fi	[]
26182737	fantasy	[]
26183322	romance	[]
26183418	reverse-harem	[30200118]
26184935	dystopian	[]
26184936	fantasy	[]
26187089	romance	[26840639]
26189138	young-adult	[]
26191000	fantasy	[29395172, 34866056, 26011489]
26192381	vampires	[23544441]
26194593	young-adult	[]
26197298	fantasy	[30114906]
26198206	young-adult	[]
26198216	young-adult	[27246856, 32497869]
26198812	young-adult	[34861362]
26198825	young-adult	[]
26199131	young-adult	[27396534]
26200237	sci-fi	[]
26205510	young-adult	[]
26207122	fantasy	[26772907]
26207970	fantasy	[]
26209398	dystopian	[27419654]
26209456	fantasy	[27516579]
26209460	young-adult	[27279476]
26210016	zombies	[]
26210018	fantasy	[]
26211045	young-adult	[]
26211183	young-adult	[]
26211489	magic	[]
26212693	young-adult	[24669590]
26214439	fantasy	[]
26216193	have	[23394805, 21116887]
26218961	romance	[28373589]
26219313	netgalley	[24822667, 27160561]
26219455	lgbt	[]
26220221	young-adult	[]
26222810	fantasy	[]
26224571	young-adult	[]
26225457	fantasy	[27834976, 25654599]
26225491	fantasy	[28487403, 27774758, 28446392]
26227014	steampunk	[28053266]
26231018	mystery	[]
26231359	mythology	[]
26234193	dystopia	[]
26236387	horror	[]
26239205	fantasy	[]
26239314	young-adult	[24033946]
26240663	lgbt	[]
26242358	young-adult	[]
26242380	young-adult	[26244555]
26244548	contemporary	[]
26244555	young-adult	[]
26245063	fantasy	[]
26245091	young-adult	[]
26245098	young-adult	[]
26245624	young-adult	[]
26245953	romance	[26370757]
26247187	netgalley	[]
26247744	young-adult	[29474233]
26249287	kindle-unlimited	[]
26250412	young-adult	[25703752, 33521694]
26251365	romance	[28427314, 31284225, 30901698, 28076471, 28321049, 31826238]
26252475	young-adult	[]
26252859	rick-riordan	[26596236, 26881479, 27395510, 26872883, 30760390]
26253511	young-adult	[]
26254124	dystopian	[]
26255907	young-adult	[28389813]
26258306	young-adult	[32293966, 28686758, 28821818, 32766448]
26259874	fantasy	[23783793]
26259921	young-adult	[]
26263629	young-adult	[33222425, 33986784]
26268381	young-adult	[]
26296884	young-adult	[22066090]
26302257	giveaways-entered	[]
26305543	young-adult	[25058403, 34813011]
26308436	vampires	[]
26309873	to-buy	[]
26310525	young-adult	[27885118]
26341984	young-adult	[]
26345720	young-adult	[26164546]
26346620	fantasy	[]
26359062	romance	[26598312]
26360407	young-adult	[23271279, 24366530]
26365537	young-adult	[]
26370757	romance	[]
26374950	young-adult	[]
26395088	pretty	[]
26404752	young-adult	[]
26405897	fantasy	[27259009, 24352021]
26409580	young-adult	[28954125]
26457239	young-adult	[]
26459905	young-adult	[26059132]
26475146	romance	[26172533, 24650439]
26502558	young-adult	[]
26509898	young-adult	[30263024]
26514517	young-adult	[30823207]
26516187	young-adult	[]
26521200	young-adult	[24664352]
26521422	fantasy	[]
26522207	demons	[27262363]
26523013	young-adult	[]
26529609	contemporary	[28109100]
26529699	young-adult	[25211840, 28571341, 25946985]
26529942	romance	[]
26531259	young-adult	[1046362]
26532073	new-adult	[]
26532931	science-fiction	[]
26533261	fantasy	[25571889]
26534743	young-adult	[25747713]
26542880	young-adult	[29356081]
26566014	young-adult	[26122212]
26570048	fantasy	[]
26586990	mystery	[]
26591922	fantasy	[26102502]
26596236	rick-riordan	[26881479, 27395510, 26872883, 30760390]
26596705	m-m	[17340501]
26598312	romance	[]
26615686	romance	[27153891]
26625494	fantasy	[]
26626126	young-adult	[]
26626466	young-adult	[]
26627340	fantasy	[]
26631847	buffy	[]
26632892	giveaways	[]
26642116	fantasy	[26836052, 26843776, 26191000, 29395172, 34866056, 26011489]
26674459	zombies	[]
26698703	young-adult	[26873770]
26699563	netgalley	[]
26700263	young-adult	[24880514]
26716188	netgalley	[]
26721568	young-adult	[]
26721743	young-adult	[]
26722146	netgalley	[27846562]
26722944	young-adult	[29623213]
26731477	young-adult	[27396089]
26768693	young-adult	[17928147, 31940742, 30687805, 28437362]
26772907	fantasy	[]
26774974	young-adult	[]
26778126	lgbt	[]
26779340	contemporary	[]
26781912	young-adult	[]
26785339	romance	[]
26790915	young-adult	[]
26791235	young-adult	[]
26791238	fantasy	[35432276, 27877516]
26793022	fantasy	[]
26794931	thriller	[25376893]
26795646	fantasy	[31283042, 28165529]
26796052	young-adult	[]
26797154	fantasy	[27819897, 26245063]
26798597	young-adult	[]
26798701	young-adult	[]
26798985	fantasy	[]
26799781	young-adult	[]
26800383	young-adult	[]
26802894	fantasy	[28355848, 33125819, 29939389]
26803239	ebooks	[26165084]
26804443	young-adult	[9754815, 19508953, 22172497]
26804473	fantasy	[27887873, 30651327]
26805518	fantasy	[29370909, 29477759]
26807369	contemporary	[]
26808363	young-adult	[27239146, 24405297]
26808583	estantería	[26026252, 28173013, 27871583]
26808625	fantasy	[]
26809725	fantasy	[26827815]
26817142	young-adult	[]
26817774	young-adult	[]
26824582	fantasy	[26824716]
26824716	fantasy	[]
26826178	angels	[]
26826210	young-adult	[]
26826919	horror	[]
26827815	fantasy	[]
26828087	mystery	[26586990]
26828161	m-m	[]
26828513	fantasy	[28090787]
26828797	m-m	[25823439]
26829269	fantasy	[]
26829534	children-young-adult	[]
26829623	leidos	[]
26831164	young-adult	[]
26831401	young-adult	[18917179, 21895889]
26832472	young-adult	[29242720, 35661088]
26832474	young-adult	[]
26833014	romance	[]
26833325	young-adult	[]
26834157	science-fiction	[26844946]
26834719	fantasy	[26047310, 24934065, 25776221, 29489019, 32869873, 35230545, 26159610]
26836052	fantasy	[26843776, 26191000, 29395172, 34866056, 26011489]
26836910	young-adult	[28953922, 30542863, 31456637, 28955112, 31566998, 31282978, 35826418, 33842875, 33553235, 34735441]
26840204	fantasy	[27853190, 28693067, 30357881, 28439664, 31283050, 24453444]
26840488	science-fiction	[25992973]
26840639	romance	[]
26843776	fantasy	[26191000, 29395172, 34866056, 26011489]
26844946	science-fiction	[]
26845678	young-adult	[22626336, 22461683]
26847637	young-adult	[]
26849865	young-adult	[]
26851867	fantasy	[]
26851979	young-adult	[35114519, 25971281]
26853604	fantasy	[31226229, 28119663, 29896470]
26857210	fantasy	[]
26857520	romance	[27015414, 30548067, 30414875, 29479309, 28441428]
26858109	young-adult	[28524709]
26860475	young-adult	[26858109, 28524709]
26860990	young-adult	[]
26861014	young-adult	[]
26862747	young-adult	[27993650]
26864422	science-fiction	[25055701, 25769521]
26865967	young-adult	[]
26870701	fantasy	[]
26872829	young-adult	[]
26872883	rick-riordan	[30760390]
26873770	young-adult	[]
26874351	fantasy	[]
26876374	fantasy	[28677913, 28176902]
26879954	sub	[]
26881479	rick-riordan	[27395510, 26872883, 30760390]
26882346	mythology	[]
26883049	young-adult	[22071386]
26886843	young-adult	[28188994]
26889251	horror	[27221165]
26889886	fantasy	[23162056, 25709044]
26891475	fantasy	[30306235, 24356060]
26893468	science-fiction	[]
26894210	ya-scifi	[]
26928871	fantasy	[]
26958226	fantasy	[33385230]
26980196	young-adult	[]
27015385	young-adult	[30042982]
27015414	romance	[30548067, 30414875, 29479309, 28441428]
27019388	young-adult	[]
27020821	young-adult	[13362821]
27021956	young-adult	[]
27027146	series-trial	[]
27064282	young-adult	[]
27064325	young-adult	[]
27064342	fantasy	[]
27064385	young-adult	[27617938]
27064411	horror	[27064412]
27064412	horror	[]
27064441	horror	[27064411, 27064412]
27065539	fantasy	[]
27067085	to-buy	[]
27068793	fantasy	[25814724]
27069085	fantasy	[]
27071332	thriller	[]
27074937	fantasy	[]
27108707	reverse-harem	[]
27108722	werewolves	[]
27124891	mystery	[24885790, 26828087, 26586990]
27132749	young-adult	[29490265]
27133250	young-adult	[]
27134574	young-adult	[]
27152674	fantasy	[29910798]
27153891	romance	[]
27154455	young-adult	[]
27158739	young-adult	[29430644, 29349154]
27158779	fantasy	[25991136]
27158835	young-adult	[]
27160561	netgalley	[]
27161116	young-adult	[24488476]
27161189	young-adult	[29776977, 35703806, 27402651]
27161215	fantasy	[]
27163811	young-adult	[26168848]
27170764	fantasy	[33007680, 28818217, 27308881, 33787961]
27171883	fantasy	[27836111]
27174561	netgalley	[]
27176918	fantasy	[32705128]
27179196	young-adult	[]
27180530	2018-tbr-shrink	[]
27181052	fantasy	[25867393]
27187213	young-adult	[]
27188288	fantasy	[]
27188596	fantasy	[]
27189623	young-adult	[26107387, 20425939]
27190038	dystopian	[32619287]
27191194	young-adult	[19856142]
27191341	young-adult	[]
27201785	young-adult	[27601999]
27202450	young-adult	[28114366]
27204972	middle-grade	[]
27205855	young-adult	[]
27206466	romance	[25090159, 25485468]
27206467	young-adult	[27191341]
27206580	want-to-read	[]
27209110	young-adult	[27209230]
27209230	young-adult	[]
27209370	young-adult	[]
27209488	horror	[30066012]
27209626	young-adult	[]
27210817	young-adult	[26860475, 26858109, 28524709]
27212000	young-adult	[]
27215961	young-adult	[20969700]
27217344	contemporary	[]
27220377	fantasy	[27220438, 29501422]
27220438	fantasy	[29501422]
27220578	fantasy	[28427014]
27221165	horror	[]
27221591	young-adult	[24993222, 23208406, 27271640, 29863217, 26781912]
27221928	fantasy	[]
27224170	young-adult	[27465774, 27210817, 26860475, 26858109, 28524709]
27228533	romance	[25864266, 22917641]
27230428	fantasy	[]
27230789	young-adult	[]
27230933	fantasy	[]
27233749	magic	[]
27235785	fantasy	[]
27237339	romance	[]
27237694	young-adult	[]
27239146	young-adult	[24405297]
27240681	to-be-released	[]
27242802	2018-releases	[]
27242803	fantasy	[]
27245781	young-adult	[27245911]
27245910	fantasy	[27171883, 27836111]
27245911	young-adult	[]
27246855	young-adult	[]
27246856	young-adult	[32497869]
27251214	young-adult	[]
27251356	romance	[]
27251372	fantasy	[]
27252268	young-adult	[26700263, 24880514]
27253602	fantasy	[29632506, 30176662, 32943878, 31145176]
27253926	fantasy	[]
27254027	new-adult	[]
27254713	contemporary	[]
27255368	lena-valenti	[]
27255774	fantasy	[28423811, 30048984, 28941550, 30822575, 30183904, 32607149, 25645546, 26021603, 30170686]
27256091	young-adult	[]
27256347	young-adult	[]
27257518	horror	[30847392]
27259009	fantasy	[24352021]
27259021	romance	[31208279]
27259048	young-adult	[27237694]
27259133	young-adult	[25194131, 24924155]
27262363	demons	[]
27262793	science-fiction	[31119095, 28507972]
27262881	young-adult	[]
27264119	fantasy	[]
27264155	young-adult	[]
27264289	young-adult	[27320153]
27266676	young-adult	[27390570, 26847637]
27267112	fantasy	[]
27268987	fantasy	[]
27268998	young-adult	[28248182]
27271640	young-adult	[29863217, 26781912]
27272505	young-adult	[]
27272506	fantasy	[27774766, 31084552, 35124616, 27495127]
27274334	read-in-2016	[27276234]
27274908	fantasy	[]
27276234	read-in-2016	[]
27279476	young-adult	[]
27280362	fantasy	[]
27280428	young-adult	[]
27280695	young-adult	[27414480, 32734200]
27280923	zombies	[]
27281393	fantasy	[26625494]
27283084	young-adult	[]
27283089	fantasy	[25865313, 34318746]
27284375	young-adult	[]
27287393	mystery	[]
27295136	fantasy	[26081688, 25864111]
27302712	young-adult	[27256091]
27303492	short-stories	[]
27308379	fantasy	[]
27308881	fantasy	[33787961]
27315735	young-adult	[26087299]
27315791	contemporary	[]
27320153	young-adult	[]
27332953	sports	[]
27348722	mythology	[27349069]
27349069	mythology	[]
27352123	young-adult	[]
27352419	fantasy	[27253602, 29632506, 30176662, 32943878, 31145176]
27353499	mythology	[]
27354942	sports	[28509586]
27384559	sci-fi	[]
27385248	science-fiction	[]
27387699	young-adult	[]
27388444	young-adult	[34200839]
27390570	young-adult	[26847637]
27393009	young-adult	[27804671]
27394453	science-fiction	[]
27394859	fantasy	[]
27395510	rick-riordan	[26872883, 30760390]
27395574	fantasy	[28868439, 28936090, 30687807, 35053955]
27395877	time-travel	[]
27396089	young-adult	[]
27396534	young-adult	[]
27396822	fantasy	[25672071, 30529749]
27396930	scifi	[]
27396942	fantasy	[27910924, 30120253]
27399731	romance	[29410814, 30072946, 28073610, 29872618, 28636525]
27400441	young-adult	[]
27401087	young-adult	[27830988, 24683167, 24928959, 29542513]
27402651	young-adult	[]
27404783	romance	[27237339]
27405350	young-adult	[31754770, 29608503, 33596322]
27405351	young-adult	[27405350, 31754770, 29608503, 33596322]
27406253	young-adult	[]
27406261	mythology	[34707442, 28227410]
27408101	read-in-2016	[]
27408225	young-adult	[25816595]
27408632	fantasy	[24967405]
27409149	young-adult	[]
27409389	fantasy	[]
27411756	young-adult	[20759913, 28159835]
27414108	fantasy	[28927122]
27414369	young-adult	[31140231, 30038664]
27414373	young-adult	[]
27414412	romance	[]
27414431	fantasy	[]
27414480	young-adult	[32734200]
27416133	young-adult	[30346900, 32761454]
27419429	sci-fi	[28112252]
27419654	dystopian	[]
27420597	young-adult	[30312727]
27421023	dystopian	[31187735]
27421119	young-adult	[]
27421153	young-adult	[28376702]
27421322	fantasy	[]
27424547	young-adult	[30635180]
27426044	sci-fi	[34050876]
27426221	fantasy	[26795646, 31283042, 28165529]
27430329	fantasy	[28595006]
27431741	fantasy	[32057213]
27431813	fantasy	[]
27431850	giveaways	[]
27465774	young-adult	[27210817, 26860475, 26858109, 28524709]
27467537	mystery	[27287393]
27468538	fantasy	[26150650, 9460487]
27468628	fantasy	[28650499]
27473676	young-adult	[]
27495127	fantasy	[]
27509501	young-adult	[24842332]
27516579	fantasy	[]
27557581	dystopian	[34603501, 26150713, 27829330]
27601999	young-adult	[]
27606473	romance	[]
27617938	young-adult	[]
27659268	young-adult	[25447312]
27670913	fantasy	[]
27705018	netgalley	[25649108, 30333745]
27724356	science-fiction	[]
27753562	young-adult	[]
27765945	contemporary	[]
27774408	fantasy	[]
27774409	fantasy	[25868112, 27431741, 32057213]
27774758	fantasy	[28446392]
27774766	fantasy	[31084552, 35124616, 27495127]
27775925	fantasy	[]
27777215	fantasy	[]
27779008	fantasy	[]
27779275	young-adult	[]
27779802	fantasy	[28209428]
27781125	adventure	[28097535]
27782408	fantasy	[22570441]
27790915	young-adult	[]
27800153	young-adult	[]
27802388	young-adult	[]
27803959	young-adult	[29907845]
27804671	young-adult	[]
27805717	fantasy	[18046859, 12358349]
27806652	young-adult	[]
27813225	fantasy	[27188288]
27818091	young-adult	[28280388]
27819897	fantasy	[26245063]
27820126	mystery	[23272028, 25795281]
27821769	fantasy	[25541572, 32370233, 35121746, 33231720]
27823055	kindle-unlimited	[28194071, 27831417]
27823357	mystery	[18591093, 20873154, 19400102]
27823743	discworld	[]
27823755	zombies	[]
27825372	reverse-harem	[]
27826177	fantasy	[18889300, 21341039, 21082129, 25501487]
27826791	dystopian	[27995165]
27827203	young-adult	[31134210, 30246667]
27828518	fantasy	[]
27829330	dystopian	[]
27830988	young-adult	[24683167, 24928959, 29542513]
27831417	kindle-unlimited	[]
27833501	fantasy	[33856806]
27834976	fantasy	[25654599]
27836111	fantasy	[]
27840157	fantasy	[]
27840861	fantasy	[22299763, 28933383, 35116827, 28937572]
27841669	fantasy	[31423372, 24621110]
27842381	star-wars	[28183568]
27846534	science-fiction	[27385248]
27846562	netgalley	[]
27848302	young-adult	[25933804, 30103331]
27851628	fairytales-retold	[]
27852886	horror	[]
27853190	fantasy	[28693067, 30357881, 28439664, 31283050, 24453444]
27853567	young-adult	[]
27855822	dystopian	[32318250, 32318233, 28181699]
27856404	young-adult	[]
27856632	fantasy	[]
27863764	fantasy	[]
27867136	dystopian	[]
27871583	estantería	[]
27872964	funny	[]
27874100	young-adult	[]
27876243	dystopian	[]
27877516	fantasy	[]
27878464	young-adult	[]
27880578	fantasy	[]
27882152	young-adult	[24970637, 25497762, 25621746]
27882492	fantasy	[29459748]
27882977	young-adult	[]
27883010	romance	[25517283]
27883214	fantasy	[30065677, 30964236, 34450641, 33623844]
27885118	young-adult	[]
27885186	young-adult	[28822638]
27887873	fantasy	[30651327]
27904311	fantasy	[29847102, 32493931, 27152674, 29910798]
27905658	young-adult	[]
27910924	fantasy	[30120253]
27917875	y-romance-contemporary	[]
27964179	young-adult	[14760450, 16180066, 18274105, 18400659]
27964196	young-adult	[18583885]
27969081	fantasy	[27969087, 30408280]
27969087	fantasy	[30408280]
27969866	fantasy	[]
27984411	young-adult	[]
27991136	fantasy	[]
27993650	young-adult	[]
27993788	fantasy	[25578558]
27993938	romance	[]
27995119	young-adult	[30619137]
27995165	dystopian	[]
28000518	fantasy	[]
28000800	dystopian	[]
28001622	fantasy	[27821769, 25541572, 32370233, 35121746, 33231720]
28004076	fantasy	[30843039, 19415228]
28004240	young-adult	[22907221, 20707942]
28006096	rick-riordan	[]
28006120	fantasy	[32508903]
28006481	romance	[]
28007282	young-adult	[]
28007929	young-adult	[24375704]
28008718	romance	[18216844]
28013511	fantasy	[29459746]
28016370	fantasy	[30792604]
28043246	young-adult	[]
28053266	steampunk	[]
28053589	fantasy	[29876198, 30164772, 35228095]
28054554	dec-2013	[]
28064676	novellas	[]
28073610	romance	[29872618, 28636525]
28075002	young-adult	[]
28075399	young-adult	[]
28076471	romance	[28321049, 31826238]
28078289	young-adult	[35518289, 29079817]
28088224	young-adult	[]
28090787	fantasy	[]
28090825	young-adult	[26980196]
28093567	young-adult	[28601218]
28095076	fantasy	[26214439]
28097535	adventure	[]
28100273	horror	[]
28101540	contemporary	[]
28109100	contemporary	[]
28112252	sci-fi	[]
28113719	young-adult	[35913710, 23436942]
28114366	young-adult	[]
28114396	fantasy	[24846331, 33135084, 29366528]
28114400	young-adult	[]
28114497	young-adult	[29085767]
28116708	contemporary	[]
28116714	young-adult	[32804295, 35051281, 32726018, 34808851]
28119563	young-adult	[31389976]
28119663	fantasy	[29896470]
28139574	fantasy	[30344520]
28139720	fantasy	[]
28143051	young-adult	[29939279]
28143590	dystopian	[30970438, 28177378]
28143717	fantasy	[32202572, 32486209]
28145767	fantasy	[29748925, 33828904, 29486766, 28451694]
28146573	zombies	[]
28154339	contemporary	[]
28158891	fantasy	[]
28159835	young-adult	[]
28164682	paranormal	[25707501]
28165529	fantasy	[]
28165791	fantasy	[28671971]
28165970	christmas	[]
28173013	estantería	[27871583]
28174752	young-adult	[]
28175654	young-adult	[22586830]
28175701	fantasy	[30496870]
28176158	fantasy	[]
28176867	fantasy	[]
28176902	fantasy	[]
28177121	fantasy	[27158779, 25991136]
28177122	contemporary	[]
28177378	dystopian	[]
28181699	dystopian	[]
28183568	star-wars	[]
28186254	young-adult	[]
28186273	young-adult	[]
28187150	young-adult	[20702025, 21527232, 26239314, 24033946]
28188348	fantasy	[30955116]
28188994	young-adult	[]
28191744	horror	[30758228, 28233096]
28194071	kindle-unlimited	[27831417]
28198386	young-adult	[]
28204529	fantasy	[]
28205310	fantasy	[26853604, 31226229, 28119663, 29896470]
28205837	young-adult	[28207858, 28532572]
28206981	paranormal	[]
28207858	young-adult	[28532572]
28209428	fantasy	[]
28214003	young-adult	[]
28217350	reverse-harem	[]
28218816	young-adult	[35484417]
28218948	young-adult	[]
28218953	young-adult	[30836280, 33550249, 34941516, 31244354]
28219385	young-adult	[34708648, 28446344, 31742143, 30750058, 32116619]
28220660	netgalley	[]
28220711	young-adult	[]
28220728	young-adult	[]
28220742	young-adult	[]
28220758	young-adult	[29794857]
28220759	young-adult	[29772846]
28220778	young-adult	[]
28220826	young-adult	[]
28220872	horror	[31368353]
28220892	fantasy	[]
28220969	netgalley	[]
28220970	young-adult	[]
28220973	young-adult	[]
28226597	contemporary	[]
28226605	sci-fi	[]
28227175	netgalley	[]
28227410	mythology	[]
28227484	fantasy	[]
28227498	fantasy	[]
28227834	science-fiction	[28814771]
28229806	fantasy	[]
28230006	dragons	[29562317]
28232073	young-adult	[31699782, 30787739, 28114400]
28233096	horror	[]
28234308	fantasy	[]
28234367	fantasy	[27069085]
28235555	young-adult	[]
28238589	young-adult	[35963670]
28240333	science-fiction	[28580595]
28241823	young-adult	[29950684]
28241879	fantasy	[]
28243032	young-adult	[]
28245707	contemporary	[]
28247422	fantasy	[29771435]
28247706	fantasy	[29281476, 29561711, 30110234, 24611432]
28248182	young-adult	[]
28252551	fantasy	[28274258]
28253346	young-adult	[25832927, 25901556]
28253832	young-adult	[31152019, 34511898, 25782255]
28254411	young-adult	[13415865, 11614718, 13599587, 13512432, 20617980]
28256831	dystopian	[26099506]
28257310	dystopian	[]
28257665	young-adult	[31709039, 30125159]
28259022	fantasy	[]
28260524	fantasy	[30309128]
28260585	fantasy	[]
28261127	dystopia	[33804767]
28261361	science-fiction	[]
28265516	young-adult	[27885186, 28822638]
28269171	2018	[]
28274258	fantasy	[]
28280388	young-adult	[]
28280602	fantasy	[29619810]
28284684	fantasy	[29493362]
28285244	young-adult	[30742473, 35157207]
28285588	fantasy	[29493367]
28288212	sci-fi	[34297912]
28308498	fantasy	[]
28321049	romance	[31826238]
28329632	fantasy	[]
28351636	young-adult	[29089033]
28354777	horses	[36163360]
28355848	fantasy	[33125819, 29939389]
28356624	romance	[]
28362407	reverse-harem	[31117007]
28368432	fantasy	[28524507]
28369891	romance	[]
28370765	fantasy	[32051721]
28370779	fantasy	[30531841]
28373589	romance	[]
28374007	fantasy	[23207027, 28960218, 30240773, 33949258, 31181294]
28375641	fantasy	[33614521]
28376702	young-adult	[]
28377130	fantasy	[]
28382536	young-adult	[28604440, 28645251, 28232073, 31699782, 30787739, 28114400]
28386444	young-adult	[]
28389813	young-adult	[]
28400357	young-adult	[23715978, 32790458]
28400566	mermaids	[33151578]
28400575	young-adult	[25898210]
28401320	young-adult	[28450197]
28406448	zombies	[]
28412460	young-adult	[]
28421168	fantasy	[]
28422208	young-adult	[]
28423811	fantasy	[30048984, 28941550, 30822575, 30183904, 32607149, 25645546, 26021603, 30170686]
28425425	fantasy	[]
28425994	young-adult	[26790915]
28427014	fantasy	[]
28427228	my-dilemma-is-you	[]
28427314	romance	[31284225, 30901698, 28076471, 28321049, 31826238]
28431419	dystopian	[]
28437362	young-adult	[]
28439664	fantasy	[31283050, 24453444]
28441428	romance	[]
28442611	dystopian	[28957936]
28442624	romance	[]
28443237	young-adult	[]
28443585	james-potter	[]
28443984	2018	[]
28445995	fantasy	[20812065, 27267112]
28446344	young-adult	[31742143, 30750058, 32116619]
28446392	fantasy	[]
28448239	fantasy	[28524210]
28448287	young-adult	[28219385, 34708648, 28446344, 31742143, 30750058, 32116619]
28449150	horror	[]
28449180	2018	[]
28449207	fantasy	[28145767, 29748925, 33828904, 29486766, 28451694]
28449231	fantasy	[]
28450197	young-adult	[]
28450966	fantasy	[33874538, 33616857]
28450969	fantasy	[29084976]
28451694	fantasy	[]
28452462	sci-fi	[25877135, 25524728, 29103799, 32669472, 23395681]
28454994	superhero	[]
28455004	superhero	[28454994]
28456107	romance	[]
28458598	young-adult	[]
28459688	young-adult	[31142553]
28461461	dystopian	[25131711, 26184935]
28462278	young-adult	[]
28463043	dystopian	[28547827, 35340607, 33806043]
28465994	fantasy	[28530036]
28471919	young-adult	[]
28473264	fantasy	[]
28476385	lgbt	[]
28477012	fantasy	[29100614]
28477293	fantasy	[]
28479624	young-adult	[12738972, 13326372]
28480437	young-adult	[]
28484655	fantasy	[]
28485627	young-adult	[]
28485682	read-in-2016	[27274334, 27276234]
28487403	fantasy	[27774758, 28446392]
28489382	fantasy	[35527728]
28490361	young-adult	[22616635]
28491442	giveaways	[]
28491641	fantasy	[]
28497161	fantasy	[29371550]
28497458	science-fiction	[25359355]
28497796	young-adult	[]
28498236	young-adult	[]
28502699	contemporary	[23481937]
28502788	romance	[25664412]
28504109	young-adult	[31374864]
28505844	young-adult	[]
28507409	fantasy	[]
28507972	science-fiction	[]
28509586	sports	[]
28510799	young-adult	[28512753, 32858363]
28511612	young-adult	[]
28512298	dystopian	[30626236]
28512427	fantasy	[31144003, 32860129, 28797323, 35293805]
28512486	fantasy	[28798049]
28512547	fantasy	[29221343]
28512548	young-adult	[]
28512753	young-adult	[32858363]
28517050	dystopian	[28257310]
28523877	young-adult	[]
28524058	fantasy	[36257499, 33783637]
28524210	fantasy	[]
28524507	fantasy	[]
28524709	young-adult	[]
28525930	giveaways	[]
28526192	young-adult	[33509079]
28529955	young-adult	[29496575]
28530036	fantasy	[]
28531533	fantasy	[29549239]
28532572	young-adult	[]
28533634	science-fiction	[]
28537304	fantasy	[29363024, 32282717]
28537447	young-adult	[]
28542772	fantasy	[]
28547827	dystopian	[35340607, 33806043]
28551950	wattpad	[]
28562419	fantasy	[26074185, 34031865, 26210018]
28571341	young-adult	[25946985]
28574935	fantasy	[28668273]
28574949	fantasy	[33299287]
28575508	vampires	[]
28578032	mythology	[]
28580595	science-fiction	[]
28581676	romance	[29589323]
28585057	fantasy	[30211963]
28588092	fantasy	[]
28588345	fantasy	[30112193, 28765185]
28588459	young-adult	[]
28589322	young-adult	[]
28589621	paranormal	[29861153, 28206981]
28591281	fantasy	[29102956, 35438275, 33819694]
28594736	dystopian	[]
28594830	fantasy	[30329462, 23302838, 29414640]
28595006	fantasy	[]
28595852	romance	[]
28598080	young-adult	[]
28599556	young-adult	[]
28600081	fantasy	[30292413, 30292416, 31380398, 31567282]
28601190	fantasy	[]
28601218	young-adult	[]
28601404	fantasy	[]
28601452	contemporary	[]
28604440	young-adult	[28645251, 28232073, 31699782, 30787739, 28114400]
28604534	young-adult	[]
28604903	young-adult	[29113614]
28605697	sub	[]
28628533	mermaids	[28400566, 33151578]
28634437	fantasy	[]
28636525	romance	[]
28645251	young-adult	[28232073, 31699782, 30787739, 28114400]
28649703	science-fiction	[29382670]
28650499	fantasy	[]
28650500	fantasy	[]
28668273	fantasy	[]
28669945	dystopian	[]
28670583	young-adult	[]
28671220	horror	[]
28671971	fantasy	[]
28673198	dystopia	[19673266]
28677913	fantasy	[28176902]
28678119	romance	[29508471, 34211474, 33138108, 34857305, 34945607, 35233260, 29774812]
28682609	youtubers	[]
28684363	fantasy	[30227900]
28685408	fantasy	[]
28685774	young-adult	[25054384]
28686758	young-adult	[28821818, 32766448]
28686840	young-adult	[]
28688476	young-adult	[]
28690134	ya-scifi	[26894210]
28691932	young-adult	[29341991]
28691938	mystery	[]
28693067	fantasy	[30357881, 28439664, 31283050, 24453444]
28695329	young-adult	[]
28695332	young-adult	[]
28696452	fantasy	[30656085, 23299512, 26074170, 33023175, 34872166, 30249934]
28698778	young-adult	[]
28699026	young-adult	[28698778]
28755811	young-adult	[]
28762109	fantasy	[28954141, 30062256]
28763485	young-adult	[]
28765185	fantasy	[]
28781531	young-adult	[]
28781837	fantasy	[]
28794690	young-adult	[]
28795244	fantasy	[23437100]
28796671	young-adult	[33015163]
28797211	fantasy	[]
28797323	fantasy	[35293805]
28798049	fantasy	[]
28801635	science-fiction	[]
28805293	young-adult	[]
28808143	summer	[22572728, 22317828, 25973207]
28809859	romance	[]
28814771	science-fiction	[]
28814864	young-adult	[25056799]
28814865	fantasy	[]
28814924	young-adult	[]
28815367	romance	[27993938]
28815514	young-adult	[]
28815878	young-adult	[]
28818217	fantasy	[27308881, 33787961]
28818314	fantasy	[]
28818319	young-adult	[]
28818369	fantasy	[31369411]
28821387	fantasy	[]
28821818	young-adult	[32766448]
28822638	young-adult	[]
28823129	sports	[29790472]
28855782	horror	[32905492]
28868439	fantasy	[28936090, 30687807, 35053955]
28869444	giveaways	[]
28869880	young-adult	[25764445]
28869898	fantasy	[]
28869899	realistic-fiction	[]
28871512	contemporary	[26529609, 28109100]
28871560	young-adult	[32197111, 24904572, 34377908]
28872472	fantasy	[]
28924991	my-dilemma-is-you	[]
28927122	fantasy	[]
28931511	young-adult	[]
28933298	fantasy	[29430858]
28933383	fantasy	[35116827, 28937572]
28934536	fantasy	[29905730]
28936090	fantasy	[30687807, 35053955]
28937150	science-fiction	[]
28937572	fantasy	[]
28937728	young-adult	[]
28941550	fantasy	[30822575, 30183904, 32607149, 25645546, 26021603, 30170686]
28943143	young-adult	[]
28943471	science-fiction	[28937150]
28943822	young-adult	[]
28945665	young-adult	[34939532, 35218417]
28946461	romance	[18914780]
28953922	young-adult	[30542863, 31456637, 28955112, 31566998, 31282978, 35826418, 33842875, 33553235, 34735441]
28954021	fantasy	[]
28954050	horror	[]
28954053	young-adult	[]
28954095	young-adult	[28498236]
28954125	young-adult	[]
28954137	fantasy	[28955263, 32718466, 34210887, 29331368]
28954139	fantasy	[30973551]
28954141	fantasy	[30062256]
28954189	young-adult	[]
28954200	young-adult	[28955261]
28954224	mystery	[]
28955112	young-adult	[31566998, 31282978, 35826418, 33842875, 33553235, 34735441]
28955261	young-adult	[]
28955263	fantasy	[32718466, 34210887, 29331368]
28957936	dystopian	[]
28958530	young-adult	[]
28960100	young-adult	[29205657, 29505452]
28960218	fantasy	[30240773, 33949258, 31181294]
28961339	kindle-unlimited	[29493086]
28961827	young-adult	[26817142]
28962008	fantasy	[29506841]
29007340	fantasy	[]
29058267	netgalley	[]
29058345	young-adult	[]
29058352	fantasy	[]
29065483	fantasy	[]
29067842	romance	[]
29068323	fantasy	[26075771, 26079201, 26207970]
29071069	fantasy	[]
29073948	romance	[]
29076057	fantasy	[30134512, 25337864, 25474363]
29077667	fantasy	[22084157]
29078595	fantasy	[]
29079817	young-adult	[]
29080108	young-adult	[]
29080179	young-adult	[]
29080419	giveaways	[]
29083084	pendientes	[]
29083156	romance	[]
29084976	fantasy	[]
29085767	young-adult	[]
29085793	new-adult	[]
29089033	young-adult	[]
29089998	fantasy	[]
29092955	fantasy	[]
29093236	young-adult	[]
29093326	young-adult	[]
29094675	young-adult	[]
29095127	fantasy	[30160760, 26047679]
29097197	fantasy	[]
29097766	young-adult	[]
29099219	mystery	[29100119]
29100119	mystery	[]
29100614	fantasy	[]
29100907	young-adult	[28400575, 25898210]
29100948	young-adult	[]
29102816	young-adult	[25859216, 28425994, 26790915]
29102838	young-adult	[]
29102896	contemporary	[]
29102898	young-adult	[33791316]
29102925	young-adult	[]
29102956	fantasy	[35438275, 33819694]
29103799	sci-fi	[32669472, 23395681]
29106302	contemporary	[]
29113614	young-adult	[]
29143421	to-buy	[]
29146645	dystopian	[]
29150227	fantasy	[29358306]
29159807	fantasy	[]
29201137	fantasy	[]
29205657	young-adult	[29505452]
29207112	young-adult	[28604903, 29113614]
29207686	romance	[31144665]
29213834	fantasy	[24630456]
29219747	fantasy	[28762109, 28954141, 30062256]
29221343	fantasy	[]
29222858	fantasy	[]
29226191	time-travel	[19011850]
29226236	time-travel	[]
29227761	young-adult	[8709347]
29231437	fantasy	[]
29232194	young-adult	[]
29235197	fantasy	[]
29236298	sci-fi	[30318306, 29364863, 35291218, 29236299]
29236299	sci-fi	[]
29236380	young-adult	[]
29236555	steampunk	[]
29241212	fantasy	[]
29242720	young-adult	[35661088]
29243275	tenho	[]
29243438	fantasy	[22706899, 22328558]
29244700	young-adult	[29370471]
29247185	young-adult	[29348881, 32318270]
29275562	fantasy	[30687806, 34731773]
29281023	young-adult	[32048620, 32048734]
29281476	fantasy	[29561711, 30110234, 24611432]
29281507	young-adult	[35907679, 28186254]
29281724	fantasy	[]
29282402	young-adult	[]
29283751	fantasy	[32735182]
29284789	young-adult	[]
29284812	young-adult	[]
29289048	time-travel	[]
29301891	lgbtqia	[33843186]
29331368	fantasy	[]
29332599	fantasy	[29992810, 33133715]
29336393	young-adult	[29549860]
29338023	fantasy	[31684018, 34112823, 33411479]
29341627	fantasy	[]
29341991	young-adult	[]
29345470	superheroes	[25660638]
29346870	fantasy	[31145102]
29346927	fantasy	[]
29347250	young-adult	[34746732]
29347915	young-adult	[]
29348881	young-adult	[32318270]
29349154	young-adult	[]
29352966	fantasy	[29738162, 30038017, 30687555]
29355967	young-adult	[]
29356073	fantasy	[18104059]
29356081	young-adult	[]
29356118	fantasy	[3777732]
29356121	fantasy	[]
29358306	fantasy	[]
29358487	fantasy	[28143717, 32202572, 32486209]
29358518	young-adult	[32573384, 36232850, 29484505]
29359053	vampires	[293970]
29361002	fantasy	[32073153]
29361694	young-adult	[]
29362972	young-adult	[25947097, 29985347]
29363024	fantasy	[32282717]
29363501	harry-potter	[]
29364847	young-adult	[]
29364863	sci-fi	[35291218, 29236299]
29366528	fantasy	[]
29366679	young-adult	[30992383]
29368973	dystopian	[]
29369429	fantasy	[]
29370471	young-adult	[]
29370909	fantasy	[29477759]
29371550	fantasy	[]
29382670	science-fiction	[]
29384742	fantasy	[]
29385546	young-adult	[33918553]
29386918	2018-releases	[]
29395172	fantasy	[34866056, 26011489]
29401125	m-m	[]
29403135	dragons	[28230006, 29562317]
29405192	fantasy	[29547960, 35133527]
29407298	young-adult	[29875399, 30110244]
29409505	young-adult	[27187213]
29410814	romance	[30072946, 28073610, 29872618, 28636525]
29412228	young-adult	[33245076]
29414640	fantasy	[]
29419777	fantasy	[29420265]
29420265	fantasy	[]
29422091	2018-releases	[]
29427200	young-adult	[29778538]
29430620	young-adult	[31407289]
29430644	young-adult	[29349154]
29430815	young-adult	[30073155, 29569073]
29430858	fantasy	[]
29439024	sci-fi	[]
29452029	fantasy	[]
29455380	mythology	[28578032]
29457008	romance	[]
29459746	fantasy	[]
29459748	fantasy	[]
29468031	star-wars	[33548813, 32586576]
29468046	young-adult	[32175781]
29473487	fantasy	[30242346]
29474233	young-adult	[]
29477759	fantasy	[]
29479309	romance	[28441428]
29483641	fantasy	[29728867]
29484298	young-adult	[21186045]
29484309	young-adult	[]
29484505	young-adult	[]
29486674	young-adult	[]
29486766	fantasy	[28451694]
29488694	romance	[]
29489019	fantasy	[32869873, 35230545, 26159610]
29489519	fantasy	[18077886, 20947360, 21469136, 28004076, 30843039, 19415228]
29490265	young-adult	[]
29490957	paranormal	[22433396]
29493086	kindle-unlimited	[]
29493362	fantasy	[]
29493367	fantasy	[]
29496575	young-adult	[]
29501422	fantasy	[]
29502065	sci-fi	[35356013]
29502079	fantasy	[]
29502127	young-adult	[]
29502184	young-adult	[25721439, 29934312]
29502206	fantasy	[27268987]
29502400	young-adult	[]
29505452	young-adult	[]
29506841	fantasy	[]
29508471	romance	[34211474, 33138108, 34857305, 34945607, 35233260, 29774812]
29509860	new-adult	[]
29509866	new-adult	[24722273]
29512334	young-adult	[]
29519514	romance	[34211484, 35222830, 35597767, 29759858, 34329401, 35052628]
29519517	romance	[31285568, 32669490, 35616358]
29522125	romance	[]
29522500	young-adult	[26250412, 25703752, 33521694]
29523636	young-adult	[]
29524952	fantasy	[]
29539144	contemporary	[]
29539351	young-adult	[31416639, 29281507, 35907679, 28186254]
29539878	fantasy	[22447220]
29540070	m-m	[29540080]
29540080	m-m	[]
29542513	young-adult	[]
29542555	realistic-fiction	[31823927, 32945382]
29545583	fantasy	[7797130]
29546138	young-adult	[30193256]
29547949	young-adult	[32599218, 33358692]
29547960	fantasy	[35133527]
29548604	young-adult	[]
29549239	fantasy	[]
29549860	young-adult	[]
29553364	romance	[]
29554546	young-adult	[]
29560003	fantasy	[29939397]
29560592	romance	[29553364]
29561711	fantasy	[30110234, 24611432]
29562317	dragons	[]
29563550	fantasy	[32494578]
29563587	middle-grade	[31747193]
29566060	fantasy	[]
29569073	young-adult	[]
29569157	sci-fi	[]
29570559	fantasy	[]
29571405	fantasy	[33383822]
29578257	young-adult	[]
29579309	reverse-harem	[]
29585527	fantasy	[28781837]
29589074	2018-releases	[]
29589323	romance	[]
29589436	fantasy	[]
29604907	young-adult	[30242270]
29605078	fantasy	[23008469, 35063652, 30048617]
29605778	middle-grade	[]
29608503	young-adult	[33596322]
29612976	young-adult	[35684527, 18834651]
29615839	angels	[21112814]
29616050	retellings	[]
29616672	vampires	[]
29618746	young-adult	[]
29619229	young-adult	[]
29619810	fantasy	[]
29620468	young-adult	[]
29622131	fantasy	[]
29623213	young-adult	[]
29632194	young-adult	[]
29632506	fantasy	[30176662, 32943878, 31145176]
29637775	fantasy	[]
29638860	young-adult	[]
29639774	fantasy	[]
29640839	contemporary	[]
29714650	young-adult	[18856964]
29728867	fantasy	[]
29736099	horror	[31931960]
29738162	fantasy	[30038017, 30687555]
29739361	fantasy	[33856554, 32855125]
29739428	fantasy	[]
29739506	young-adult	[]
29740718	feminism	[]
29742151	fantasy	[30651035, 30781313]
29743178	netgalley	[29906330]
29743384	sci-fi	[31626073, 25897188]
29743549	young-adult	[31306759, 35239333, 33252527, 25573818]
29747119	young-adult	[30256101]
29747387	romance	[]
29748925	fantasy	[33828904, 29486766, 28451694]
29748943	young-adult	[]
29749085	fantasy	[32336276, 36133558, 34443972, 32885071]
29749090	2018-releases	[]
29749094	young-adult	[]
29749098	2018-releases	[]
29749107	star-wars	[29468031, 33548813, 32586576]
29749673	fantasy	[29352966, 29738162, 30038017, 30687555]
29750595	fantasy	[]
29751998	2018-releases	[]
29752764	young-adult	[30442007]
29757544	science-fiction	[30331959]
29759858	romance	[34329401, 35052628]
29763799	fantasy	[35542029, 33393824]
29766545	contemporary	[27254713]
29769174	dystopia	[]
29771435	fantasy	[]
29771785	young-adult	[]
29772846	young-adult	[]
29773909	sci-fi	[]
29773952	ya-i-own-tbr-list	[]
29774812	romance	[]
29775949	star-wars	[]
29776977	young-adult	[35703806, 27402651]
29777927	young-adult	[]
29778538	young-adult	[]
29779860	suspense	[]
29790472	sports	[]
29791777	young-adult	[9989273]
29792734	young-adult	[]
29794122	young-adult	[11955586]
29794461	young-adult	[]
29794514	young-adult	[]
29794857	young-adult	[]
29795035	young-adult	[]
29797356	young-adult	[]
29806508	young-adult	[30164003]
29810275	contemporary	[18874651]
29810293	lgbt	[]
29810309	lgbt	[23667559]
29839527	new-adult	[]
29844228	realistic-fiction	[]
29844826	fantasy	[]
29847102	fantasy	[32493931, 27152674, 29910798]
29857730	fantasy	[30784414, 34225047, 36122587, 34341770]
29858639	fantasy	[12715259, 12737680]
29861145	paranormal	[25807028]
29861153	paranormal	[28206981]
29862937	young-adult	[]
29863217	young-adult	[26781912]
29864658	young-adult	[31442952, 34075788, 32178041]
29866260	dystopian	[27557581, 34603501, 26150713, 27829330]
29869853	javier-ruescas	[]
29872618	romance	[28636525]
29874338	young-adult	[]
29875034	fantasy	[]
29875399	young-adult	[30110244]
29875413	fantasy	[28445995, 20812065, 27267112]
29875438	coloring-books	[]
29876001	estantería	[]
29876198	fantasy	[30164772, 35228095]
29892910	young-adult	[29771785]
29894480	young-adult	[]
29896470	fantasy	[]
29901879	netgalley	[]
29902748	young-adult	[31376344]
29904219	young-adult	[30340568, 31698951]
29905730	fantasy	[]
29906017	2018-releases	[]
29906330	netgalley	[]
29907845	young-adult	[]
29908464	young-adult	[]
29909264	young-adult	[30760656]
29909335	young-adult	[1582817]
29909674	dystopian	[]
29910798	fantasy	[]
29912789	young-adult	[]
29914890	fantasy	[25712597]
29915951	young-adult	[]
29917263	fantasy	[29369429]
29918359	fantasy	[]
29922440	young-adult	[]
29922963	young-adult	[33022034]
29923707	fantasy	[33640496, 34567771, 33634559]
29926484	romance	[18966770]
29926982	young-adult	[29777927]
29934312	young-adult	[]
29934863	fantasy	[]
29935867	fantasy	[31574894]
29937983	fantasy	[29938320]
29938320	fantasy	[]
29939047	fantasy	[]
29939048	fantasy	[32828372]
29939078	horror	[]
29939097	young-adult	[]
29939266	mystery	[31140938]
29939279	young-adult	[]
29939285	fantasy	[]
29939389	fantasy	[]
29939390	fantasy	[33124661, 32870331]
29939397	fantasy	[]
29950048	dystopian	[]
29950684	young-adult	[]
29953778	young-adult	[]
29960675	fantasy	[]
29962852	fantasy	[30913511, 34440232, 29097197]
29964324	young-adult	[]
29969100	fantasy	[]
29970677	urban-fantasy	[]
29974488	young-adult	[]
29974497	young-adult	[]
29976253	romance	[27206466, 25090159, 25485468]
29977213	fantasy	[30108734, 33654986]
29978007	horror	[24723305]
29979298	netgalley	[35293230]
29980036	sports	[31303943]
29983798	giveaways	[31297097, 30979145]
29984535	fantasy	[]
29985347	young-adult	[]
29986882	romance	[23444087, 29083156]
29992810	fantasy	[33133715]
29993983	fantasy	[]
29996038	wunschliste	[]
29997192	dystopian	[]
30010311	young-adult	[36218361]
30011014	fantasy	[33838248]
30020078	young-adult	[27406253]
30025336	fantasy	[]
30030950	harry-potter	[]
30037703	mystery	[25579630]
30037865	fantasy	[30528945]
30037870	young-adult	[]
30038017	fantasy	[30687555]
30038664	young-adult	[]
30038855	young-adult	[]
30038906	young-adult	[]
30038977	young-adult	[33627184, 34201472]
30042982	young-adult	[]
30046401	fantasy	[31804391]
30046955	fantasy	[]
30048228	young-adult	[]
30048552	young-adult	[]
30048617	fantasy	[]
30048984	fantasy	[28941550, 30822575, 30183904, 32607149, 25645546, 26021603, 30170686]
30060836	dystopian	[29866260, 27557581, 34603501, 26150713, 27829330]
30061003	young-adult	[32709053]
30062256	fantasy	[]
30063453	young-adult	[]
30065028	harry-potter	[]
30065209	reverse-harem	[29579309]
30065677	fantasy	[30964236, 34450641, 33623844]
30066012	horror	[]
30066816	billionaires	[]
30068863	fantasy	[30499206]
30070430	fantasy	[]
30072946	romance	[28073610, 29872618, 28636525]
30073155	young-adult	[29569073]
30075662	2018	[]
30075733	fantasy	[]
30078649	coloring-books	[]
30089310	giveaways	[]
30090076	young-adult	[]
30095464	fantasy	[31140295]
30096722	dystopian	[]
30103331	young-adult	[]
30108229	fantasy	[]
30108734	fantasy	[33654986]
30110234	fantasy	[24611432]
30110244	young-adult	[]
30112193	fantasy	[28765185]
30112534	young-adult	[30439157]
30114906	fantasy	[]
30116302	fantasy	[]
30117284	young-adult	[33352960, 31482715, 30166613, 33911885, 30233110, 30233119, 33002623, 33151414, 30133224]
30118576	fantasy	[]
30118592	fantasy	[]
30119375	fantasy	[]
30119858	fantasy	[]
30120253	fantasy	[]
30120578	young-adult	[]
30120666	vampires	[]
30121064	dystopian	[29909674]
30123368	vampires	[9402163]
30123399	vampires	[10211770]
30123413	vampires	[8575295, 9007838]
30125159	young-adult	[]
30127551	fantasy	[25896777]
30129657	2018-releases	[35181313]
30130032	young-adult	[28943822]
30133224	young-adult	[]
30134512	fantasy	[25337864, 25474363]
30140756	young-adult	[30257883, 31706917, 30257882]
30142139	young-adult	[30756108, 34790382]
30143031	young-adult	[]
30145666	fantasy	[34472638, 30257523, 30119858]
30160760	fantasy	[26047679]
30163661	fantasy	[30653924]
30164003	young-adult	[]
30164772	fantasy	[35228095]
30164804	young-adult	[8991032]
30166209	young-adult	[]
30166599	young-adult	[30166209]
30166613	young-adult	[33911885, 30233110, 30233119, 33002623, 33151414, 30133224]
30170686	fantasy	[]
30173133	zombies	[27280923]
30176461	young-adult	[32570555]
30176611	young-adult	[]
30176662	fantasy	[32943878, 31145176]
30178085	young-adult	[]
30183904	fantasy	[32607149, 25645546, 26021603, 30170686]
30184778	young-adult	[24371623, 28422208]
30185926	young-adult	[28241823, 29950684]
30193233	fantasy	[]
30193256	young-adult	[]
30193286	sci-fi	[]
30198566	romance	[]
30199656	young-adult	[]
30200118	reverse-harem	[]
30201520	science-fiction	[]
30201752	fantasy	[29969100]
30206749	young-adult	[18368227]
30211897	paranormal	[]
30211963	fantasy	[]
30214251	fantasy	[30119375]
30225763	science-fiction	[21519747]
30225777	young-adult	[]
30226723	fantasy	[30227022, 30840364, 34748293, 31323287, 34888542, 35072205, 30243883, 35908454]
30227022	fantasy	[30840364, 34748293, 31323287, 34888542, 35072205, 30243883, 35908454]
30227900	fantasy	[]
30228357	young-adult	[31338853, 31573044]
30233110	young-adult	[30233119, 33002623, 33151414, 30133224]
30233119	young-adult	[33002623, 33151414, 30133224]
30234203	young-adult	[]
30237061	fantasy	[]
30238163	2018-releases	[]
30239436	young-adult	[]
30240690	young-adult	[]
30240773	fantasy	[33949258, 31181294]
30241079	young-adult	[30316884]
30241752	young-adult	[]
30242270	young-adult	[]
30242346	fantasy	[]
30243883	fantasy	[35908454]
30246667	young-adult	[]
30249934	fantasy	[]
30251317	fantasy	[34035652, 32617659, 34227694]
30251377	young-adult	[]
30253091	fantasy	[31285957]
30254923	young-adult	[34149864]
30255107	romance	[]
30255921	science-fiction	[]
30255941	young-adult	[30256102]
30255943	fantasy	[30256103, 30759331, 35171123]
30256101	young-adult	[]
30256102	young-adult	[]
30256103	fantasy	[30759331, 35171123]
30256105	mystery	[30805963]
30256109	young-adult	[]
30256248	contemporary	[]
30257523	fantasy	[30119858]
30257882	young-adult	[]
30257883	young-adult	[31706917, 30257882]
30258320	fantasy	[34852727, 30337432]
30259147	young-adult	[]
30263024	young-adult	[]
30264807	dystopian	[]
30268426	young-adult	[29922440]
30268886	netgalley	[]
30269126	young-adult	[33836692, 33411302]
30279514	young-adult	[]
30285562	contemporary	[]
30290110	young-adult	[36353058]
30292413	fantasy	[30292416, 31380398, 31567282]
30292416	fantasy	[31380398, 31567282]
30294279	fantasy	[]
30301066	young-adult	[24293390]
30303263	fantasy	[]
30304769	realistic-fiction	[35126335, 19924185]
30306235	fantasy	[24356060]
30308601	young-adult	[17403167, 25078033, 21454376]
30309128	fantasy	[]
30312562	historical-fiction	[30530250]
30312684	fantasy	[]
30312700	young-adult	[]
30312727	young-adult	[]
30312841	young-adult	[]
30316819	kindle-unlimited	[]
30316884	young-adult	[]
30318306	sci-fi	[29364863, 35291218, 29236299]
30319100	young-adult	[19186150]
30320053	fantasy	[]
30323739	young-adult	[301022, 1259132]
30323771	young-adult	[5819551]
30327173	fantasy	[]
30327443	fantasy	[28594830, 30329462, 23302838, 29414640]
30328189	young-adult	[27251214]
30328452	fantasy	[30251317, 34035652, 32617659, 34227694]
30329462	fantasy	[23302838, 29414640]
30330916	contemporary	[]
30331279	to-buy	[31951211, 27067085]
30331959	science-fiction	[]
30332310	lgbt	[]
30332541	fantasy	[29213834, 24630456]
30332862	young-adult	[31357008]
30333261	young-adult	[]
30333745	netgalley	[]
30335482	fantasy	[]
30337432	fantasy	[]
30337935	young-adult	[20706588]
30339493	2018	[]
30340276	young-adult	[30340277, 30968839]
30340277	young-adult	[30968839]
30340568	young-adult	[31698951]
30343353	young-adult	[30833399, 33249532, 18896874]
30344520	fantasy	[]
30346900	young-adult	[32761454]
30357881	fantasy	[28439664, 31283050, 24453444]
30360631	contemporary	[]
30363330	fantasy	[25733270]
30363359	fantasy	[]
30363360	fantasy	[40158]
30363361	fantasy	[34414104]
30363412	fantasy	[31193529]
30363424	fantasy	[]
30363505	romance	[31122390]
30368475	giveaways	[]
30370985	young-adult	[]
30373749	young-adult	[7853977]
30386987	young-adult	[20644764]
30399166	horror	[26089227]
30407629	fantasy	[]
30407994	fantasy	[30407995]
30407995	fantasy	[]
30408280	fantasy	[]
30414875	romance	[29479309, 28441428]
30415027	young-adult	[32686685]
30422576	young-adult	[33224788]
30439157	young-adult	[]
30442007	young-adult	[]
30457727	young-adult	[33913956]
30461248	young-adult	[25098440]
30487769	fantasy	[]
30496870	fantasy	[]
30499206	fantasy	[]
30517879	fantasy	[30407994, 30407995]
30525020	time-travel	[23716431]
30527010	contemporary	[30330916]
30527437	young-adult	[19491618]
30528945	fantasy	[]
30529749	fantasy	[]
30530250	historical-fiction	[]
30531841	fantasy	[]
30542863	young-adult	[31456637, 28955112, 31566998, 31282978, 35826418, 33842875, 33553235, 34735441]
30548067	romance	[30414875, 29479309, 28441428]
30549351	young-adult	[30845678]
30549581	dystopia	[29769174]
30555104	fantasy	[33809139, 26570048]
30614775	young-adult	[]
30615288	young-adult	[30241079, 30316884]
30619137	young-adult	[]
30621245	young-adult	[30851231]
30621558	young-adult	[25484994]
30621563	young-adult	[25485002]
30622321	2018	[]
30626236	dystopian	[]
30632701	young-adult	[]
30632995	young-adult	[9888775]
30634094	fantasy	[31552953, 26031262, 30127551, 25896777]
30634295	fantasy	[32671979]
30635180	young-adult	[]
30635468	young-adult	[]
30638849	young-adult	[]
30649795	young-adult	[]
30651035	fantasy	[30781313]
30651327	fantasy	[]
30653472	young-adult	[]
30653574	young-adult	[]
30653719	fantasy	[]
30653720	fantasy	[31184073]
30653721	fantasy	[]
30653791	edelweiss	[]
30653796	young-adult	[34824548]
30653837	young-adult	[35231805]
30653853	young-adult	[]
30653880	fantasy	[33195435, 33195022, 31285684]
30653906	young-adult	[]
30653924	fantasy	[]
30654161	young-adult	[]
30655547	contemporary	[31855700]
30655761	fantasy	[]
30656085	fantasy	[23299512, 26074170, 33023175, 34872166, 30249934]
30656232	science-fiction	[32323267]
30658022	contemporary	[33148726, 35432034]
30667683	fantasy	[]
30687555	fantasy	[]
30687804	young-adult	[35388924]
30687805	young-adult	[28437362]
30687806	fantasy	[34731773]
30687807	fantasy	[35053955]
30694168	2018-releases	[]
30724132	young-adult	[]
30731416	romance	[]
30734366	new-adult	[]
30734412	2018	[]
30734990	romance	[31449013, 30757329]
30738170	young-adult	[30687804, 35388924]
30742473	young-adult	[35157207]
30747076	sports	[31696125]
30748964	fantasy	[]
30749495	young-adult	[27882977]
30750058	young-adult	[32116619]
30754522	romance	[]
30756108	young-adult	[34790382]
30757329	romance	[]
30758228	horror	[28233096]
30759331	fantasy	[35171123]
30760390	rick-riordan	[]
30760656	young-adult	[]
30760780	contemporary	[]
30763950	young-adult	[]
30781313	fantasy	[]
30784414	fantasy	[34225047, 36122587, 34341770]
30787739	young-adult	[28114400]
30792604	fantasy	[]
30792951	new-adult	[26532073]
30796767	read-in-2017	[]
30801623	young-adult	[]
30805963	mystery	[]
30809677	2018	[35238069]
30809786	fantasy	[]
30812672	netgalley	[]
30812698	estantería	[]
30816686	fantasy	[26102562]
30822575	fantasy	[30183904, 32607149, 25645546, 26021603, 30170686]
30823207	young-adult	[]
30824171	young-adult	[31115285, 30837266]
30827868	m-m	[]
30831052	giveaways	[30841180, 31197295]
30832074	steampunk	[]
30833399	young-adult	[33249532, 18896874]
30835803	fantasy	[33946331, 34612173]
30836280	young-adult	[33550249, 34941516, 31244354]
30836948	young-adult	[]
30837266	young-adult	[]
30840364	fantasy	[34748293, 31323287, 34888542, 35072205, 30243883, 35908454]
30840959	fantasy	[34733250]
30841180	giveaways	[31197295]
30842347	fantasy	[]
30843039	fantasy	[19415228]
30845678	young-adult	[]
30846371	fantasy	[]
30847392	horror	[]
30849412	young-adult	[]
30851231	young-adult	[]
30900327	fantasy	[]
30900588	kindle-unlimited	[32616484]
30901698	romance	[28076471, 28321049, 31826238]
30909244	tbr	[]
30913511	fantasy	[34440232, 29097197]
30955116	fantasy	[]
30956356	fantasy	[34293313, 32860059]
30964236	fantasy	[34450641, 33623844]
30968533	sci-fi	[31390513]
30968572	fantasy	[]
30968839	young-adult	[]
30969741	fantasy	[]
30970438	dystopian	[28177378]
30970773	young-adult	[25659392, 29102816, 25859216, 28425994, 26790915]
30970955	fantasy	[]
30971685	fantasy	[]
30971762	time-travel	[]
30971784	fantasy	[32938910]
30973019	young-adult	[24479309]
30973551	fantasy	[]
30979145	giveaways	[]
30979432	young-adult	[31452041]
30982931	young-adult	[28043246]
30983420	fantasy	[]
30988342	read-in-2017	[30796767]
30992383	young-adult	[]
30993024	fantasy	[]
31050467	fantasy	[]
31058127	young-adult	[]
31064741	steampunk	[]
31076885	science-fiction	[34145339]
31077724	fantasy	[33359446, 32021588]
31082300	fantasy	[]
31084552	fantasy	[35124616, 27495127]
31115285	young-adult	[30837266]
31117007	reverse-harem	[]
31119095	science-fiction	[28507972]
31122390	romance	[]
31125570	historical-fiction	[]
31126769	read-in-2014	[19053383]
31131467	dystopian	[]
31134210	young-adult	[30246667]
31136826	fantasy	[31145030, 28542772]
31138152	fantasy	[]
31140231	young-adult	[30038664]
31140295	fantasy	[]
31140938	mystery	[]
31142459	young-adult	[]
31142553	young-adult	[]
31144003	fantasy	[32860129, 28797323, 35293805]
31144665	romance	[]
31145030	fantasy	[28542772]
31145053	young-adult	[]
31145067	young-adult	[]
31145102	fantasy	[]
31145124	young-adult	[]
31145148	young-adult	[]
31145176	fantasy	[]
31145177	young-adult	[]
31152019	young-adult	[34511898, 25782255]
31158771	science-fiction	[]
31170713	fantasy	[29566060]
31179006	2018-releases	[]
31180282	netgalley	[33830806]
31181294	fantasy	[]
31184073	fantasy	[]
31184086	new-adult	[34829891]
31187735	dystopian	[]
31193529	fantasy	[]
31194576	young-adult	[]
31195632	fantasy	[31294080]
31197295	giveaways	[]
31199730	fantasy	[28821387]
31199783	young-adult	[26117336, 35457265]
31208279	romance	[]
31213005	lgbt	[]
31213374	mythology	[]
31215586	romance	[25266817]
31216132	young-adult	[]
31216203	young-adult	[31812580]
31226229	fantasy	[28119663, 29896470]
31228943	horror	[]
31244354	young-adult	[]
31247017	young-adult	[]
31257244	reverse-harem	[31285038]
31279166	fantasy	[]
31282978	young-adult	[35826418, 33842875, 33553235, 34735441]
31283042	fantasy	[28165529]
31283050	fantasy	[24453444]
31284225	romance	[30901698, 28076471, 28321049, 31826238]
31284532	young-adult	[]
31285038	reverse-harem	[]
31285568	romance	[32669490, 35616358]
31285684	fantasy	[]
31285957	fantasy	[]
31291543	fantasy	[31350283]
31294080	fantasy	[]
31297097	giveaways	[30979145]
31298617	young-adult	[32871458]
31301569	fantasy	[]
31303411	fantasy	[]
31303943	sports	[]
31305186	young-adult	[]
31306288	fantasy	[]
31306759	young-adult	[35239333, 33252527, 25573818]
31308682	college	[22858364, 32507774]
31308817	young-adult	[]
31315146	young-adult	[31328891]
31323287	fantasy	[34888542, 35072205, 30243883, 35908454]
31327084	coloring-books	[]
31328386	mystery	[24974965]
31328891	young-adult	[]
31328960	fantasy	[32574174, 28204529]
31328975	giveaways	[]
31334226	fantasy	[]
31338853	young-adult	[31573044]
31342605	paranormal	[]
31346797	new-adult	[]
31350283	fantasy	[]
31351167	zombies	[]
31353659	young-adult	[31940710, 30970773, 25659392, 29102816, 25859216, 28425994, 26790915]
31356126	fantasy	[18837799]
31357008	young-adult	[]
31365626	sci-fi	[]
31368214	young-adult	[26258306, 32293966, 28686758, 28821818, 32766448]
31368353	horror	[]
31369411	fantasy	[]
31370419	young-adult	[]
31371234	young-adult	[31371479]
31371479	young-adult	[]
31371485	fantasy	[31950752]
31371729	young-adult	[]
31372235	young-adult	[]
31373161	giveaways	[]
31373184	young-adult	[]
31374864	young-adult	[]
31376344	young-adult	[]
31380398	fantasy	[31567282]
31389976	young-adult	[]
31390513	sci-fi	[]
31393403	fantasy	[33785923, 34410197]
31393804	dragons	[]
31394084	young-adult	[]
31394234	2018-releases	[33843448]
31394243	2018-releases	[]
31394680	netgalley	[]
31407289	young-adult	[]
31408305	fantasy	[31435147]
31408308	fantasy	[31439237]
31414533	classics	[17567, 18888864]
31416639	young-adult	[29281507, 35907679, 28186254]
31423196	young-adult	[33154647]
31423372	fantasy	[24621110]
31423543	fantasy	[]
31423572	fantasy	[]
31423605	young-adult	[]
31427055	young-adult	[27191194, 19856142]
31429799	fantasy	[32467412, 25689056, 27828518]
31434056	fantasy	[31508681, 31567197]
31435147	fantasy	[]
31439127	m-m	[]
31439237	fantasy	[]
31442952	young-adult	[34075788, 32178041]
31444765	young-adult	[]
31448205	fantasy	[]
31448978	maya-banks	[]
31449013	romance	[30757329]
31449227	young-adult	[]
31449377	fantasy	[]
31450642	thriller	[34928975]
31450752	fantasy	[]
31450852	fantasy	[32802697, 33306347, 33141316]
31450940	young-adult	[35597489]
31450960	fantasy	[34886639, 34503675]
31452041	young-adult	[]
31453592	young-adult	[]
31456637	young-adult	[28955112, 31566998, 31282978, 35826418, 33842875, 33553235, 34735441]
31482715	young-adult	[30166613, 33911885, 30233110, 30233119, 33002623, 33151414, 30133224]
31491266	young-adult	[33208075]
31508681	fantasy	[31567197]
31520883	fantasy	[]
31551605	romance	[]
31551607	maya-banks	[31448978]
31552953	fantasy	[26031262, 30127551, 25896777]
31553350	fantasy	[]
31555221	young-adult	[]
31562141	young-adult	[32944085, 34497121]
31566998	young-adult	[31282978, 35826418, 33842875, 33553235, 34735441]
31567197	fantasy	[]
31567282	fantasy	[]
31568834	suspense	[29779860]
31573044	young-adult	[]
31573869	fantasy	[]
31574408	fantasy	[29739361, 33856554, 32855125]
31574894	fantasy	[]
31625799	young-adult	[]
31626073	sci-fi	[25897188]
31632115	young-adult	[]
31680861	young-adult	[25689041]
31682109	lgbt	[28476385]
31682994	young-adult	[]
31684018	fantasy	[34112823, 33411479]
31687423	fantasy	[30335482]
31689306	young-adult	[27201785, 27601999]
31696125	sports	[]
31698951	young-adult	[]
31699782	young-adult	[30787739, 28114400]
31702742	young-adult	[]
31702754	science-fiction	[]
31702798	fantasy	[]
31702802	horror	[]
31702811	fantasy	[]
31706478	young-adult	[31751580]
31706917	young-adult	[30257882]
31706920	young-adult	[32854314, 32497804]
31709039	young-adult	[30125159]
31742143	young-adult	[30750058, 32116619]
31747193	middle-grade	[]
31751580	young-adult	[]
31754770	young-adult	[29608503, 33596322]
31804391	fantasy	[]
31812082	fantasy	[]
31812580	young-adult	[]
31821249	my-dilemma-is-you	[28427228]
31821561	christmas	[]
31823927	realistic-fiction	[32945382]
31826238	romance	[]
31831121	young-adult	[]
31832252	fantasy	[]
31835951	fantasy	[]
31837458	romance	[32195895]
31845000	young-adult	[32323149]
31849366	2017-release	[]
31850347	horror	[32855597]
31855700	contemporary	[]
31860094	young-adult	[33120975, 28116714, 32804295, 35051281, 32726018, 34808851]
31863541	fantasy	[]
31869104	dystopian	[33780950]
31905325	young-adult	[30061003, 32709053]
31919339	young-adult	[23987063]
31923122	to-buy	[]
31931941	contemporary	[]
31931960	horror	[]
31934475	young-adult	[]
31938167	lgbt	[]
31940710	young-adult	[30970773, 25659392, 29102816, 25859216, 28425994, 26790915]
31940742	young-adult	[30687805, 28437362]
31942429	fantasy	[]
31942436	fantasy	[]
31945974	young-adult	[]
31946400	fantasy	[]
31950044	young-adult	[]
31950752	fantasy	[]
31951211	to-buy	[27067085]
31952703	young-adult	[]
31985854	young-adult	[30166599, 30166209]
32021588	fantasy	[]
32021967	fantasy	[29563550, 32494578]
32027656	arc	[32952514]
32048554	young-adult	[]
32048620	young-adult	[32048734]
32048734	young-adult	[]
32051287	young-adult	[]
32051569	fantasy	[]
32051572	fantasy	[32051723, 35916118]
32051720	fantasy	[32051569]
32051721	fantasy	[]
32051723	fantasy	[35916118]
32052075	young-adult	[]
32055471	young-adult	[32592221]
32057113	young-adult	[]
32057213	fantasy	[]
32058008	fantasy	[31449377]
32065903	dystopian	[]
32067225	m-m	[31439127]
32073153	fantasy	[]
32075448	fantasy	[]
32075662	fantasy	[34397653, 32075868]
32075664	fantasy	[]
32075671	young-adult	[]
32075868	fantasy	[]
32078787	young-adult	[]
32098198	fantasy	[]
32116619	young-adult	[]
32150354	fantasy	[]
32162661	dystopia	[]
32163359	young-adult	[]
32172302	fantasy	[31832252]
32175781	young-adult	[]
32178041	young-adult	[]
32178678	fantasy	[25337867]
32179824	dystopian	[]
32183137	2018	[]
32184347	fantasy	[32955197]
32187104	young-adult	[33025895]
32187325	zombies	[32307942, 33099043]
32195037	young-adult	[]
32195895	romance	[]
32197111	young-adult	[24904572, 34377908]
32200944	young-adult	[]
32202572	fantasy	[32486209]
32204204	fantasy	[32490624, 31574408, 29739361, 33856554, 32855125]
32282717	fantasy	[]
32284099	fantasy	[32595034, 21873092, 29231437]
32288152	contemporary	[33197542, 32505675]
32293807	dystopian	[]
32293966	young-adult	[28686758, 28821818, 32766448]
32294315	young-adult	[33792827, 32672990]
32296251	lgbt	[33146861]
32307942	zombies	[33099043]
32308123	dystopia	[32162661]
32308922	romance	[]
32313930	fantasy	[]
32315370	young-adult	[]
32318233	dystopian	[28181699]
32318250	dystopian	[32318233, 28181699]
32318270	young-adult	[]
32320661	fantasy	[]
32320908	fantasy	[30835803, 33946331, 34612173]
32323149	young-adult	[]
32323267	science-fiction	[]
32330513	romance	[34725970]
32332938	retellings	[]
32333174	young-adult	[]
32333246	fantasy	[]
32333318	young-adult	[33404545]
32336276	fantasy	[36133558, 34443972, 32885071]
32370233	fantasy	[35121746, 33231720]
32419641	young-adult	[34099170]
32445762	young-adult	[]
32446959	fantasy	[]
32453735	sci-fi	[33509078]
32467412	fantasy	[25689056, 27828518]
32470593	young-adult	[34754118]
32470611	young-adult	[35232339, 34377480]
32471155	fantasy	[15847229]
32479175	sherrilyn-kenyon	[]
32484322	fantasy	[]
32486209	fantasy	[]
32490624	fantasy	[31574408, 29739361, 33856554, 32855125]
32490768	young-adult	[28818319]
32491408	romance	[32686684]
32493931	fantasy	[27152674, 29910798]
32494578	fantasy	[]
32494992	fantasy	[]
32495446	young-adult	[]
32497565	young-adult	[32497905]
32497804	young-adult	[]
32497869	young-adult	[]
32497905	young-adult	[]
32498154	young-adult	[32868642, 28285244, 30742473, 35157207]
32498555	read-in-2017	[]
32505675	contemporary	[]
32505753	2018-releases	[]
32507774	college	[]
32508903	fantasy	[]
32509376	fantasy	[]
32510206	horror	[]
32521851	fantasy	[]
32565582	young-adult	[35071130]
32569027	young-adult	[]
32570555	young-adult	[]
32571395	young-adult	[]
32571738	fantasy	[]
32573384	young-adult	[36232850, 29484505]
32574174	fantasy	[28204529]
32586576	star-wars	[]
32592221	young-adult	[]
32595034	fantasy	[21873092, 29231437]
32596039	mystery	[18883163, 28954224]
32596222	young-adult	[32596229]
32596229	young-adult	[]
32597619	fantasy	[]
32599218	young-adult	[33358692]
32602009	fantasy	[]
32603460	netgalley	[]
32605122	2018-releases	[]
32605559	young-adult	[]
32607149	fantasy	[25645546, 26021603, 30170686]
32609017	maybe	[]
32609697	fantasy	[]
32611801	fantasy	[]
32615120	lgbt	[]
32616484	kindle-unlimited	[]
32616871	young-adult	[]
32617148	star-wars	[29775949]
32617659	fantasy	[34227694]
32619287	dystopian	[]
32622042	steampunk	[]
32665692	dystopia	[]
32667458	fantasy	[36130547, 30846371]
32669472	sci-fi	[23395681]
32669490	romance	[35616358]
32671979	fantasy	[]
32672150	young-adult	[]
32672990	young-adult	[]
32673847	fantasy	[]
32682118	young-adult	[]
32686298	giveaways	[32870305, 33099055]
32686684	romance	[]
32686685	young-adult	[]
32705128	fantasy	[]
32707661	contemporary	[]
32709053	young-adult	[]
32711705	young-adult	[35674047, 36162496, 33625912]
32713479	young-adult	[33609176]
32715248	fantasy	[33174801, 20416427]
32717093	romance	[23128113]
32717145	romance	[22493457]
32718466	fantasy	[34210887, 29331368]
32719926	audio	[]
32719960	young-adult	[]
32726018	young-adult	[34808851]
32733457	young-adult	[]
32734200	young-adult	[]
32735182	fantasy	[]
32737533	young-adult	[]
32756262	young-adult	[27853567]
32757551	young-adult	[]
32761454	young-adult	[]
32766049	fantasy	[]
32766448	young-adult	[]
32768509	fantasy	[]
32768520	2018-releases	[]
32768522	romance	[]
32786586	fantasy	[]
32790458	young-adult	[]
32795823	young-adult	[29100948]
32797241	2018-releases	[]
32800005	young-adult	[]
32802697	fantasy	[33306347, 33141316]
32804295	young-adult	[35051281, 32726018, 34808851]
32811370	new-adult	[]
32814687	young-adult	[]
32820386	sci-fi	[]
32827036	fantasy	[34105404]
32828372	fantasy	[]
32830562	wattpad	[]
32854314	young-adult	[32497804]
32855125	fantasy	[]
32855597	horror	[]
32858363	young-adult	[]
32860059	fantasy	[]
32860129	fantasy	[28797323, 35293805]
32861106	giveaways	[34830167]
32868642	young-adult	[28285244, 30742473, 35157207]
32869873	fantasy	[35230545, 26159610]
32870305	giveaways	[33099055]
32870331	fantasy	[]
32871458	young-adult	[]
32872456	music	[]
32877734	young-adult	[]
32885071	fantasy	[]
32905492	horror	[]
32912370	fantasy	[32931908]
32920166	fantasy	[]
32920298	v-c-andrews	[]
32922841	contemporary	[]
32926725	contemporary	[]
32929501	2018-releases	[]
32931460	young-adult	[]
32931908	fantasy	[]
32938910	fantasy	[]
32939704	fantasy	[]
32941343	sci-fi	[]
32943878	fantasy	[31145176]
32944085	young-adult	[34497121]
32945382	realistic-fiction	[]
32946000	young-adult	[]
32946791	mystery	[25426504]
32948972	fantasy	[]
32949989	dystopian	[]
32952514	arc	[]
32955197	fantasy	[]
32960250	giveaways	[]
32968540	fantasy	[]
32969235	young-adult	[]
32969917	giveaways	[32861106, 34830167]
32991569	fantasy	[]
32991897	fantasy	[36041039]
32997092	fantasy	[]
32998350	young-adult	[]
33002623	young-adult	[33151414, 30133224]
33007680	fantasy	[28818217, 27308881, 33787961]
33010337	young-adult	[]
33015163	young-adult	[]
33016965	young-adult	[]
33020939	dystopian	[33628313]
33022034	young-adult	[]
33023175	fantasy	[34872166, 30249934]
33025895	young-adult	[]
33028767	romance	[]
33028773	romance	[28809859]
33075332	reverse-harem	[]
33094103	fantasy	[]
33099043	zombies	[]
33099055	giveaways	[]
33107825	dystopian	[]
33115581	fantasy	[33094103]
33118951	arc	[]
33119158	kindle-unlimited	[33793420]
33120975	young-adult	[28116714, 32804295, 35051281, 32726018, 34808851]
33124661	fantasy	[32870331]
33125819	fantasy	[29939389]
33126413	wattpad	[]
33133715	fantasy	[]
33135084	fantasy	[29366528]
33138108	romance	[34857305, 34945607, 35233260, 29774812]
33139597	fantasy	[]
33141316	fantasy	[]
33146861	lgbt	[]
33147524	fantasy	[34093543]
33148544	young-adult	[17333673, 19161855, 18196033, 22021725, 25932917, 25824455]
33148726	contemporary	[35432034]
33151414	young-adult	[30133224]
33151578	mermaids	[]
33151756	fantasy	[]
33153576	young-adult	[]
33154647	young-adult	[]
33154755	fantasy	[]
33158522	fantasy	[32571738]
33158526	young-adult	[]
33158530	fantasy	[]
33158541	young-adult	[]
33158561	fantasy	[]
33163378	young-adult	[]
33174801	fantasy	[20416427]
33193822	fantasy	[35384793]
33195022	fantasy	[31285684]
33195435	fantasy	[33195022, 31285684]
33197542	contemporary	[32505675]
33198076	contemporary	[34094659]
33208075	young-adult	[]
33222425	young-adult	[33986784]
33222702	young-adult	[30614775]
33223763	fantasy	[]
33224662	young-adult	[34400010]
33224788	young-adult	[]
33225152	fantasy	[]
33226020	young-adult	[]
33226036	fantasy	[17853379, 18139931, 24732043, 26798985]
33226339	fantasy	[]
33231720	fantasy	[]
33231749	young-adult	[]
33231785	young-adult	[]
33244151	fantasy	[]
33245076	young-adult	[]
33249079	young-adult	[13722513]
33249532	young-adult	[18896874]
33252527	young-adult	[25573818]
33257478	young-adult	[36113221]
33258356	fantasy	[]
33275681	2017-releases	[]
33280872	romance	[]
33283441	fantasy	[]
33286052	sci-fi	[33383533]
33288600	werewolves	[]
33293383	fantasy	[]
33298607	young-adult	[32946000]
33299287	fantasy	[]
33299927	mermaids	[35272350, 35219028]
33305024	romance	[]
33306347	fantasy	[33141316]
33352960	young-adult	[31482715, 30166613, 33911885, 30233110, 30233119, 33002623, 33151414, 30133224]
33352972	romance	[]
33358263	fantasy	[27409389]
33358692	young-adult	[]
33359446	fantasy	[32021588]
33376691	fantasy	[34457021]
33383533	sci-fi	[]
33383822	fantasy	[]
33385229	young-adult	[]
33385230	fantasy	[]
33386267	young-adult	[30422576, 33224788]
33388371	fantasy	[]
33393824	fantasy	[]
33401863	vampires	[]
33404545	young-adult	[]
33411302	young-adult	[]
33411479	fantasy	[]
33412061	fantasy	[]
33413892	fantasy	[]
33414248	science-fiction	[]
33414251	young-adult	[]
33509078	sci-fi	[]
33509079	young-adult	[]
33509081	sci-fi	[35571891]
33509085	young-adult	[]
33519654	dystopian	[24662709]
33520436	dystopian	[20887494]
33521694	young-adult	[]
33526691	dystopian	[]
33535943	romance	[]
33543707	romance	[33865527]
33548813	star-wars	[32586576]
33550249	young-adult	[34941516, 31244354]
33553235	young-adult	[34735441]
33555224	2018-releases	[]
33566871	fantasy	[]
33573083	fantasy	[]
33574650	fantasy	[]
33584564	young-adult	[]
33590260	fantasy	[31050467]
33590859	2018-releases	[]
33596322	young-adult	[]
33597058	young-adult	[34334505]
33603229	young-adult	[]
33608901	fantasy	[34211134]
33609176	young-adult	[]
33610252	young-adult	[]
33614521	fantasy	[]
33616857	fantasy	[]
33623844	fantasy	[]
33625912	young-adult	[]
33627184	young-adult	[34201472]
33628313	dystopian	[]
33630993	music	[]
33634559	fantasy	[]
33640496	fantasy	[34567771, 33634559]
33642526	fantasy	[33970467]
33644166	young-adult	[]
33645809	fantasy	[36329818]
33646426	dystopian	[]
33652251	young-adult	[]
33652258	2018	[]
33654986	fantasy	[]
33770323	new-adult	[]
33774390	fantasy	[33225152]
33777895	young-adult	[]
33780950	dystopian	[]
33783637	fantasy	[]
33784283	fantasy	[33837154]
33784597	new-adult	[22072550]
33785212	middle-grade	[]
33785923	fantasy	[34410197]
33787347	fantasy	[]
33787961	fantasy	[]
33790205	sci-fi	[35660066]
33791316	young-adult	[]
33792827	young-adult	[32672990]
33793420	kindle-unlimited	[]
33796003	reverse-harem	[]
33804767	dystopia	[]
33806043	dystopian	[]
33807229	new-adult	[34704371]
33809139	fantasy	[26570048]
33810737	2018	[]
33816139	mystery	[33816156]
33816156	mystery	[]
33819694	fantasy	[]
33819956	maybe	[22054433]
33825190	fantasy	[]
33828881	fantasy	[29275562, 30687806, 34731773]
33828904	fantasy	[29486766, 28451694]
33829947	new-adult	[]
33830806	netgalley	[]
33836692	young-adult	[33411302]
33837154	fantasy	[]
33838248	fantasy	[]
33838479	young-adult	[]
33842875	young-adult	[33553235, 34735441]
33843186	lgbtqia	[]
33843362	young-adult	[]
33843448	2018-releases	[]
33849121	lgbt	[]
33856554	fantasy	[32855125]
33856806	fantasy	[]
33863703	young-adult	[]
33863871	young-adult	[]
33865527	romance	[]
33874538	fantasy	[33616857]
33876440	young-adult	[]
33877168	fantasy	[33784283, 33837154]
33878350	vampires	[]
33884048	steampunk	[]
33911885	young-adult	[30233110, 30233119, 33002623, 33151414, 30133224]
33913956	young-adult	[]
33916075	angels	[]
33917881	horror	[34117660]
33918553	young-adult	[]
33918589	young-adult	[22450463]
33918881	2018-releases	[]
33918885	fantasy	[34040303, 29960675]
33918887	2018-releases	[]
33921998	young-adult	[34889709]
33926261	young-adult	[]
33927654	young-adult	[]
33946331	fantasy	[34612173]
33949258	fantasy	[31181294]
33957722	romance	[]
33958230	fantasy	[]
33965619	fantasy	[]
33969932	young-adult	[]
33970467	fantasy	[]
33973264	2018	[]
33974354	romance	[34355500]
33977969	young-adult	[]
33980354	v-c-andrews	[]
33981234	young-adult	[33977969]
33984297	fantasy	[34546914]
33984695	to-buy	[]
33986784	young-adult	[]
33986915	fantasy	[30070430]
34007233	young-adult	[23346995]
34007967	young-adult	[]
34014624	young-adult	[]
34015036	to-buy	[]
34015264	young-adult	[]
34015523	angels	[33916075]
34019109	to-be-released	[]
34030508	review-books	[34399092]
34031865	fantasy	[26210018]
34032775	2018-releases	[]
34035652	fantasy	[32617659, 34227694]
34040303	fantasy	[29960675]
34042261	young-adult	[]
34046390	young-adult	[33863871]
34050876	sci-fi	[]
34051373	fantasy	[33574650]
34052776	fantasy	[34829459, 32939704]
34064599	young-adult	[33863703]
34075788	young-adult	[32178041]
34076952	fantasy	[35094043]
34089410	adventure	[]
34093543	fantasy	[]
34094659	contemporary	[]
34098290	reverse-harem	[]
34099170	young-adult	[]
34103053	fantasy	[]
34105404	fantasy	[]
34109606	science-fiction	[]
34109695	fantasy	[]
34112074	m-m	[]
34112823	fantasy	[33411479]
34117660	horror	[]
34138282	2018-releases	[]
34138345	young-adult	[]
34139584	gr-giveaways	[]
34140713	fantasy	[34103053]
34145339	science-fiction	[]
34146312	dystopian	[]
34149864	young-adult	[]
34168885	young-adult	[]
34178614	young-adult	[]
34178671	young-adult	[]
34196663	2019	[]
34200839	young-adult	[]
34201472	young-adult	[]
34208914	fantasy	[]
34209180	fantasy	[]
34210887	fantasy	[29331368]
34211134	fantasy	[]
34211474	romance	[33138108, 34857305, 34945607, 35233260, 29774812]
34211484	romance	[35222830, 35597767, 29759858, 34329401, 35052628]
34212610	horror	[]
34212799	young-adult	[]
34216621	young-adult	[]
34219303	fantasy	[]
34220302	fantasy	[]
34225047	fantasy	[36122587, 34341770]
34227694	fantasy	[]
34231727	fantasy	[]
34275232	fantasy	[]
34293313	fantasy	[32860059]
34297912	sci-fi	[]
34298785	young-adult	[36275310]
34303368	young-adult	[]
34304284	romance	[]
34312122	fantasy	[]
34314571	paranormal	[]
34316676	young-adult	[34303368]
34317317	lgbt	[]
34318746	fantasy	[]
34323570	2018	[]
34323623	young-adult	[34387362]
34329401	romance	[35052628]
34334505	young-adult	[]
34335520	reverse-harem	[]
34341770	fantasy	[]
34346974	fantasy	[]
34349021	reverse-harem	[34390836]
34355500	romance	[]
34367376	fantasy	[]
34371260	2018-releases	[]
34377480	young-adult	[]
34377743	romance	[]
34377908	young-adult	[]
34387362	young-adult	[]
34388288	zombies	[30173133, 27280923]
34389398	young-adult	[]
34390836	reverse-harem	[]
34394436	fantasy	[]
34395073	fantasy	[33388371]
34397653	fantasy	[32075868]
34399092	review-books	[]
34400010	young-adult	[]
34404140	romance	[35166507]
34410197	fantasy	[]
34411421	young-adult	[34007967]
34414104	fantasy	[]
34425846	fantasy	[]
34437727	young-adult	[33224662, 34400010]
34440232	fantasy	[29097197]
34443972	fantasy	[32885071]
34448985	2018-releases	[]
34450641	fantasy	[33623844]
34453378	dystopian	[]
34455842	fantasy	[35575217, 33283441]
34457021	fantasy	[]
34470979	vampires	[34631931]
34472638	fantasy	[30257523, 30119858]
34497121	young-adult	[]
34499216	2018-releases	[]
34499902	young-adult	[]
34503675	fantasy	[]
34504693	young-adult	[22096222]
34508382	2018	[]
34511898	young-adult	[25782255]
34511974	horror	[35128602]
34517054	dragons	[]
34519536	2018	[]
34529004	teacher-student	[34782855]
34529238	reverse-harem	[]
34534532	young-adult	[17665478, 10182347]
34546914	fantasy	[]
34555402	young-adult	[23519286]
34565405	fantasy	[34935724]
34567771	fantasy	[33634559]
34587081	fantasy	[34425846]
34598146	young-adult	[]
34603501	dystopian	[26150713, 27829330]
34604601	young-adult	[]
34610680	fantasy	[34750379, 22698406]
34612173	fantasy	[]
34625067	fantasy	[]
34631931	vampires	[]
34637272	young-adult	[]
34658003	young-adult	[18858577]
34659052	sci-fi	[34680403]
34661066	time-travel	[]
34661269	m-m	[]
34661898	young-adult	[]
34680403	sci-fi	[]
34704371	new-adult	[]
34707442	mythology	[28227410]
34708648	young-adult	[28446344, 31742143, 30750058, 32116619]
34723130	2018	[]
34725970	romance	[]
34726991	fantasy	[35898340, 33787347]
34728087	dystopian	[18883251]
34728441	fantasy	[29570559]
34728667	fantasy	[]
34729351	young-adult	[]
34731773	fantasy	[]
34733250	fantasy	[]
34735441	young-adult	[]
34737063	young-adult	[]
34738102	young-adult	[]
34738792	fantasy	[28489382, 35527728]
34743211	fantasy	[]
34746355	young-adult	[]
34746732	young-adult	[]
34747352	giveaways	[]
34748293	fantasy	[31323287, 34888542, 35072205, 30243883, 35908454]
34750379	fantasy	[22698406]
34750981	dystopian	[]
34753269	fantasy	[]
34754118	young-adult	[]
34755754	new-adult	[35178867]
34782855	teacher-student	[]
34790382	young-adult	[]
34808851	young-adult	[]
34812223	fantasy	[]
34813011	young-adult	[]
34813264	fantasy	[]
34814895	mystery	[18934822]
34816694	new-adult	[]
34820898	young-adult	[]
34824548	young-adult	[]
34829459	fantasy	[32939704]
34829891	new-adult	[]
34830167	giveaways	[]
34841782	young-adult	[]
34848207	2018	[34848498]
34848222	fantasy	[]
34848498	2018	[]
34851964	fantasy	[15743650, 16154641, 20524851, 13449693, 18376563]
34852727	fantasy	[30337432]
34854400	zombies	[]
34857305	romance	[34945607, 35233260, 29774812]
34860402	star-wars	[36180237, 34933638]
34861362	young-adult	[]
34865933	fantasy	[]
34866056	fantasy	[26011489]
34872166	fantasy	[30249934]
34878361	wattpad	[18403951]
34879387	romance	[]
34886639	fantasy	[34503675]
34887998	fantasy	[32667458, 36130547, 30846371]
34888542	fantasy	[35072205, 30243883, 35908454]
34889709	young-adult	[]
34913716	fantasy	[]
34916578	2019	[]
34928975	thriller	[]
34929050	new-adult	[35966271]
34933638	star-wars	[]
34935724	fantasy	[]
34939532	young-adult	[35218417]
34941516	young-adult	[31244354]
34942737	2018	[]
34945607	romance	[35233260, 29774812]
34964846	2018-releases	[]
34992805	reverse-harem	[]
34992929	2018-releases	[]
34992959	young-adult	[]
34992975	to-buy	[]
34993434	young-adult	[]
34996346	fantasy	[]
35001687	romance	[23203752]
35007366	young-adult	[35958760, 35167512]
35007760	young-adult	[35300659, 16066586]
35008759	2018-releases	[]
35009784	fantasy	[]
35010791	dystopian	[]
35018774	young-adult	[32200944]
35039916	contemporary	[32926725]
35051281	young-adult	[32726018, 34808851]
35052628	romance	[]
35053955	fantasy	[]
35057394	netgalley	[]
35059884	vampires	[]
35061246	young-adult	[]
35063652	fantasy	[30048617]
35067000	young-adult	[35061246]
35068505	2018	[]
35068563	2018-releases	[]
35068585	2018-releases	[]
35068650	2018-releases	[]
35068678	fantasy	[35181315]
35068736	young-adult	[]
35071130	young-adult	[]
35072205	fantasy	[30243883, 35908454]
35072280	young-adult	[33876440]
35073772	young-adult	[]
35087274	reverse-harem	[]
35094043	fantasy	[]
35098412	fantasy	[]
35114519	young-adult	[25971281]
35116827	fantasy	[28937572]
35116978	fantasy	[34913716]
35121746	fantasy	[33231720]
35124616	fantasy	[27495127]
35126335	realistic-fiction	[19924185]
35128602	horror	[]
35133527	fantasy	[]
35140574	2018	[]
35145741	fantasy	[]
35157207	young-adult	[]
35162260	dystopian	[]
35162590	2018-releases	[]
35166507	romance	[]
35167512	young-adult	[]
35171123	fantasy	[]
35178867	new-adult	[]
35180938	2018	[]
35181313	2018-releases	[]
35181315	fantasy	[]
35187787	young-adult	[]
35217007	new-adult	[34755754, 35178867]
35218417	young-adult	[]
35219028	mermaids	[]
35222830	romance	[35597767, 29759858, 34329401, 35052628]
35224309	young-adult	[]
35228095	fantasy	[]
35230545	fantasy	[26159610]
35231805	young-adult	[]
35232339	young-adult	[34377480]
35233260	romance	[29774812]
35236798	fantasy	[]
35238069	2018	[]
35239333	young-adult	[33252527, 25573818]
35247769	contemporary	[30658022, 33148726, 35432034]
35252467	old-stuff	[]
35262862	romance	[36201936]
35270331	fantasy	[]
35272350	mermaids	[35219028]
35274032	2019-releases	[]
35276425	2018-releases	[]
35276925	young-adult	[]
35291218	sci-fi	[29236299]
35292343	2018	[]
35293230	netgalley	[]
35293805	fantasy	[]
35297496	2018	[]
35300659	young-adult	[16066586]
35340607	dystopian	[33806043]
35355027	2018	[]
35356013	sci-fi	[]
35384250	romance	[]
35384793	fantasy	[]
35385740	young-adult	[]
35386010	2018-releases	[]
35388924	young-adult	[]
35391214	2018-releases	[]
35391237	2019	[]
35404649	young-adult	[]
35406534	fantasy	[29739428]
35425574	2018	[]
35426386	young-adult	[]
35429853	fantasy	[35855706, 35431145]
35430702	2018-releases	[]
35431145	fantasy	[]
35432034	contemporary	[]
35432276	fantasy	[27877516]
35436593	maya-banks	[]
35438275	fantasy	[33819694]
35441556	dystopian	[]
35446785	young-adult	[35426386]
35457265	young-adult	[]
35468888	science-fiction	[28649703, 29382670]
35481848	2018-releases	[35495083]
35484417	young-adult	[]
35495083	2018-releases	[]
35504431	young-adult	[]
35506358	young-adult	[]
35518289	young-adult	[29079817]
35527728	fantasy	[]
35542029	fantasy	[33393824]
35561059	new-adult	[]
35568041	young-adult	[]
35571891	sci-fi	[]
35575217	fantasy	[33283441]
35584289	young-adult	[35696471]
35595950	fantasy	[]
35597489	young-adult	[]
35597767	romance	[29759858, 34329401, 35052628]
35603324	romance	[36214896]
35609598	dystopian	[]
35616358	romance	[]
35619194	fantasy	[32184347, 32955197]
35627120	young-adult	[22078263]
35647188	young-adult	[]
35648521	young-adult	[25658857]
35660066	sci-fi	[]
35661088	young-adult	[]
35668065	young-adult	[35706121]
35674047	young-adult	[36162496, 33625912]
35677535	2018-releases	[]
35683226	young-adult	[35696429, 35820249]
35684527	young-adult	[18834651]
35694550	kindle-unlimited	[]
35696429	young-adult	[35820249]
35696471	young-adult	[]
35698607	young-adult	[34298785, 36275310]
35703806	young-adult	[27402651]
35706121	young-adult	[]
35720690	2018	[]
35796008	2018-releases	[]
35801528	audio	[36097641, 32719926]
35820249	young-adult	[]
35820633	2018	[]
35826418	young-adult	[33842875, 33553235, 34735441]
35841095	young-adult	[]
35843874	2018-releases	[]
35843937	2018-releases	[]
35843942	2019	[]
35855706	fantasy	[35431145]
35898340	fantasy	[33787347]
35898879	netgalley	[36124975]
35900300	young-adult	[22499754]
35906271	contemporary	[]
35907679	young-adult	[28186254]
35908454	fantasy	[]
35913710	young-adult	[23436942]
35916118	fantasy	[]
35958760	young-adult	[35167512]
35963670	young-adult	[]
35966271	new-adult	[]
36003375	young-adult	[]
36039298	2018-releases	[]
36041039	fantasy	[]
36048212	romance	[]
36054598	contemporary	[36054651]
36054651	contemporary	[]
36097641	audio	[32719926]
36113221	young-adult	[]
36122587	fantasy	[34341770]
36124975	netgalley	[]
36127459	2018-releases	[]
36130547	fantasy	[30846371]
36133558	fantasy	[34443972, 32885071]
36139392	2018	[]
36142637	fantasy	[]
36160420	mystery	[]
36162496	young-adult	[33625912]
36163360	horses	[]
36168225	young-adult	[]
36180237	star-wars	[34933638]
36201936	romance	[]
36203912	fantasy	[]
36214896	romance	[]
36218361	young-adult	[]
36232850	young-adult	[29484505]
36241527	2019	[]
36250176	science-fiction	[]
36257499	fantasy	[33783637]
36275310	young-adult	[]
36301023	2018-releases	[]
36307629	fantasy	[36307634]
36307634	fantasy	[]
36307674	fantasy	[]
36314220	2019	[]
36324712	young-adult	[36417799]
36329818	2018-releases	[]
36353058	young-adult	[]
36381037	young-adult	[18086403, 33249079, 13722513]
36417799	young-adult	[]
36460398	science-fiction	[]
